datetime,indoor_temp,indoor_humidity,indoor_CO2,solarradiation,vpd,dew_point,leaf_wetness_proxy,day_night_flag
2024-01-01 00:00:00,25.0022225211328,83.72962913144535,440.0,0.0,0.5154774194094128,21.748148347421864,0,0
2024-01-01 01:00:00,25.301923788646683,83.2301270189222,440.0,0.0,0.5408613231931975,21.947949192431125,0,0
2024-01-01 02:00:00,24.27867965644036,77.83553390593275,400.0,0.0,0.672513119874508,19.845786437626906,0,1
2024-01-01 03:00:00,24.9,76.80000000000001,400.0,0.0,0.730558181583781,20.26,0,1
2024-01-01 04:00:00,25.623542864692435,75.59409522551262,400.0,0.0,0.802309103293511,20.74236190979496,0,1
2024-01-01 05:00:00,26.4,74.30000000000001,400.0,0.0,0.884528833673794,21.26,0,1
2024-01-01 06:00:00,27.17645713530756,73.0059047744874,400.0,0.0,0.9724396902177909,21.777638090205045,0,1
2024-01-01 07:00:00,28.888171114201423,71.3059144428993,397.124520408911,49.40855571007121,1.1419854376420817,23.14935400278128,0,1
2024-01-01 08:00:00,30.43032034355964,69.80996609406728,395.2275,95.45,1.3129416029122771,24.392313562373097,0,1
2024-01-01 09:00:00,31.697809901923552,68.62000613579269,393.2506657735744,134.98668452851194,1.466757513750697,25.42181112908209,0,1
2024-01-01 10:00:00,32.60426247051619,67.81712837273017,391.7337875208775,165.32424958244934,1.5832559411811973,26.167688145062225,0,1
2024-01-01 11:00:00,33.08790480477166,67.45604759761417,390.7802379880709,184.3952402385832,1.6450978368369564,26.57911432429449,0,1
2024-01-01 12:00:00,33.1157774788672,67.56137086855466,390.455,190.9,1.6423374741755117,26.628051652578133,0,1
2024-01-01 13:00:00,30.498076211353315,74.56987298107781,440.0,184.3952402385832,1.11022831939244,25.412050807568875,0,0
2024-01-01 14:00:00,30.02132034355964,75.36446609406727,440.0,165.32424958244934,1.0465806970275071,25.09421356237309,0,0
2024-01-01 15:00:00,29.4,76.4,440.0,134.98668452851194,0.9674131243773538,24.68,0,0
2024-01-01 16:00:00,28.67645713530756,77.6059047744874,440.0,95.45,0.8803988934693646,24.19763809020504,0,0
2024-01-01 17:00:00,27.9,78.9,440.0,49.40855571007126,0.7929331703944165,23.68,0,0
2024-01-01 18:00:00,27.123542864692435,80.19409522551261,440.0,2.337850739572297e-14,0.7112821678026431,23.16236190979496,0,0
2024-01-01 19:00:00,26.4,81.4,440.0,0.0,0.640164836822279,22.68,0,0
2024-01-01 20:00:00,25.77867965644036,82.43553390593274,440.0,0.0,0.5827383624091464,22.265786437626904,0,0
2024-01-01 21:00:00,25.301923788646683,83.2301270189222,440.0,0.0,0.5408613231931975,21.947949192431125,0,0
2024-01-01 22:00:00,25.0022225211328,83.72962913144535,440.0,0.0,0.5154774194094128,21.748148347421864,0,0
2024-01-01 23:00:00,24.9,83.9,440.0,0.0,0.5069821863577102,21.68,0,0
2024-01-02 00:00:00,25.0022225211328,83.62962913144534,440.0,0.0,0.5186456165179724,21.72814834742186,0,0
2024-01-02 01:00:00,25.301923788646683,83.1301270189222,440.0,0.0,0.5440865194949437,21.92794919243112,0,0
2024-01-02 02:00:00,24.27867965644036,77.73553390593274,400.0,0.0,0.6755473148649056,19.825786437626903,0,1
2024-01-02 03:00:00,24.9,76.7,400.0,0.0,0.7337071392630219,20.24,0,1
2024-01-02 04:00:00,25.623542864692435,75.49409522551261,400.0,0.0,0.8055964598193474,20.722361909794955,0,1
2024-01-02 05:00:00,26.4,74.2,400.0,0.0,0.8879705801083227,21.24,0,1
2024-01-02 06:00:00,27.17645713530756,72.9059047744874,400.0,0.0,0.976042106531781,21.75763809020504,0,1
2024-01-02 07:00:00,28.576552983897987,71.36172350805101,398.308617540255,33.82764919489946,1.1193823203025377,22.84889768550819,0,1
2024-01-02 08:00:00,29.82832034355964,70.01096609406727,396.7325,65.34999999999998,1.2599776756459098,23.83051356237309,0,1
2024-01-02 09:00:00,30.84645333737495,68.94568441806699,392.2041477374184,92.41885630108176,1.3829942648732474,24.635590220988348,0,1
2024-01-02 10:00:00,31.561567884359725,68.2384756658084,394.3405239862687,113.18952027462612,1.47317385322928,25.209263017521405,0,1
2024-01-02 11:00:00,31.92493010991962,67.93753494504018,393.68767472520096,126.2465054959812,1.5180429947141594,25.51243709892766,0,1
2024-01-02 12:00:00,31.911777478867204,68.06337086855466,393.465,130.7,1.5109610057321852,25.524451652578136,0,1
2024-01-02 13:00:00,30.498076211353315,74.4698729810778,440.0,126.2465054959812,1.1145941187396728,25.392050807568875,0,0
2024-01-02 14:00:00,30.02132034355964,75.26446609406726,440.0,113.18952027462612,1.0508289536353155,25.07421356237309,0,0
2024-01-02 15:00:00,29.4,76.3,440.0,92.41885630108176,0.9715123325314952,24.66,0,0
2024-01-02 16:00:00,28.65,77.50590477448739,440.0,65.34999999999998,0.8829758057563951,24.17763809020504,0,0
2024-01-02 17:00:00,27.9,78.8,440.0,33.82764919489949,0.7966911475052909,23.66,0,0
2024-01-02 18:00:00,27.123542864692435,80.0940952255126,440.0,1.6006133664855904e-14,0.7148734309936025,23.14236190979496,0,0
2024-01-02 19:00:00,26.4,81.3,440.0,0.0,0.6436065832568078,22.66,0,0
2024-01-02 20:00:00,25.77867965644036,82.33553390593273,440.0,0.0,0.5860560741988947,22.245786437626904,0,0
2024-01-02 21:00:00,25.301923788646683,83.1301270189222,440.0,0.0,0.5440865194949437,21.92794919243112,0,0
2024-01-02 22:00:00,25.0022225211328,83.62962913144534,440.0,0.0,0.5186456165179724,21.72814834742186,0,0
2024-01-02 23:00:00,24.9,83.8,440.0,0.0,0.5101311440369509,21.66,0,0
2024-01-03 00:00:00,25.4022225211328,83.42962913144534,440.0,0.0,0.5376207811625408,22.088148347421864,0,0
2024-01-03 01:00:00,25.701923788646685,82.93012701892219,440.0,0.0,0.5637603357692127,22.287949192431125,0,0
2024-01-03 02:00:00,24.67867965644036,77.53553390593274,400.0,0.0,0.6981173075249926,20.185786437626906,0,1
2024-01-03 03:00:00,25.3,76.5,400.0,0.0,0.7578344838171108,20.6,0,1
2024-01-03 04:00:00,26.02354286469244,75.2940952255126,400.0,0.0,0.8316306005101972,21.08236190979496,0,1
2024-01-03 05:00:00,26.8,74.0,400.0,0.0,0.9161670941305812,21.6,0,1
2024-01-03 06:00:00,27.576457135307564,72.7059047744874,400.0,0.0,1.0065264307659694,22.11763809020504,0,1
2024-01-03 07:00:00,28.97655298389799,71.16172350805101,398.308617540255,33.82764919489946,1.1536040651623711,23.20889768550819,0,1
2024-01-03 08:00:00,30.22832034355964,69.953703963059,396.7325,65.34999999999998,1.2916750607820346,24.19051356237309,0,1
2024-01-03 09:00:00,31.246453337374952,68.74568441806699,395.3790571849459,92.41885630108176,1.4239505823727043,24.995590220988348,0,1
2024-01-03 10:00:00,31.961567884359727,68.03847566580839,394.3405239862687,113.18952027462612,1.5164013869673878,25.569263017521408,0,1
2024-01-03 11:00:00,32.32493010991963,67.73753494504018,393.68767472520096,126.2465054959812,1.5623999876097967,25.872437098927666,0,1
2024-01-03 12:00:00,32.31177747886721,71.003703963059,393.465,130.7,1.4031857991636236,25.884451652578136,0,1
2024-01-03 13:00:00,30.89807621135332,74.2698729810778,440.0,126.2465054959812,1.14925904214643,25.75205080756888,0,0
2024-01-03 14:00:00,30.421320343559643,75.06446609406726,440.0,113.18952027462612,1.083869516041887,25.43421356237309,0,0
2024-01-03 15:00:00,29.8,76.1,440.0,92.41885630108176,1.0025171940092437,25.02,0,0
2024-01-03 16:00:00,29.076457135307564,77.30590477448739,440.0,65.34999999999998,0.9130765809428693,24.537638090205043,0,0
2024-01-03 17:00:00,28.3,78.6,440.0,33.82764919489949,0.8231427336911497,24.02,0,0
2024-01-03 18:00:00,27.52354286469244,79.8940952255126,440.0,1.6006133664855904e-14,0.7391583727663988,23.50236190979496,0,0
2024-01-03 19:00:00,26.8,81.1,440.0,0.0,0.6659830030410765,23.02,0,0
2024-01-03 20:00:00,26.17867965644036,82.13553390593273,440.0,0.0,0.606875315483463,22.605786437626904,0,0
2024-01-03 21:00:00,25.701923788646685,82.93012701892219,440.0,0.0,0.5637603357692127,22.287949192431125,0,0
2024-01-03 22:00:00,25.4022225211328,83.42962913144534,440.0,0.0,0.5376207811625408,22.088148347421864,0,0
2024-01-03 23:00:00,25.3,83.6,440.0,0.0,0.5288717248766222,22.02,0,0
2024-01-04 00:00:00,25.302222521132794,86.72962913144535,440.0,0.0,0.428003108830623,22.648148347421863,0,0
2024-01-04 01:00:00,25.601923788646683,86.2301270189222,440.0,0.0,0.45208498573850875,22.847949192431123,0,0
2024-01-04 02:00:00,24.57867965644036,80.83553390593275,400.0,0.0,0.5920178474302448,20.745786437626908,0,1
2024-01-04 03:00:00,25.2,79.80000000000001,400.0,0.0,0.6475538730689686,21.160000000000004,0,1
2024-01-04 04:00:00,25.92354286469244,78.59409522551262,400.0,0.0,0.7163008959438504,21.64236190979496,0,1
2024-01-04 05:00:00,26.7,77.30000000000001,400.0,0.0,0.7951965460573969,22.160000000000004,0,1
2024-01-04 06:00:00,27.47645713530756,76.0059047744874,400.0,0.0,0.879676707908887,22.677638090205043,0,1
2024-01-04 07:00:00,28.77095481349616,74.51452259325193,398.5726129662596,28.54774067480804,1.0074310546439824,23.673859332146545,0,1
2024-01-04 08:00:00,29.924320343559643,73.21296609406727,397.2425,55.14999999999999,1.1316668446287392,24.56691356237309,0,1
2024-01-04 09:00:00,30.85795377065084,72.18993420142905,396.1003061017562,77.99387796487619,1.239324664874322,25.295940610936647,0,1
2024-01-04 10:00:00,31.508229519615675,71.51514484818043,395.2238698981288,95.52260203742358,1.3172043055947344,25.81125848925176,0,1
2024-01-04 11:00:00,31.830832372793683,71.23458381360317,394.6729190680158,106.54161863968424,1.3547102795527428,26.07774913551432,0,1
2024-01-04 12:00:00,31.803777478867204,71.36737086855467,388.925,110.3,1.3463938586689501,26.077251652578138,0,1
2024-01-04 13:00:00,30.798076211353315,77.56987298107781,440.0,106.54161863968424,0.9961676822220247,26.31205080756888,0,0
2024-01-04 14:00:00,30.32132034355964,78.36446609406727,440.0,95.52260203742358,0.9350650783487855,25.99421356237309,0,0
2024-01-04 15:00:00,29.7,79.4,440.0,77.99387796487619,0.8591430225098179,25.58,0,0
2024-01-04 16:00:00,28.97645713530756,80.6059047744874,440.0,55.14999999999999,0.7758086081106478,25.09763809020504,0,0
2024-01-04 17:00:00,28.2,81.9,440.0,28.547740674808068,0.692175135267783,24.58,0,0
2024-01-04 18:00:00,27.42354286469244,83.19409522551261,440.0,1.3507854194595306e-14,0.614238447186724,24.06236190979496,0,0
2024-01-04 19:00:00,26.7,84.4,440.0,0.0,0.5464786836341582,23.58,0,0
2024-01-04 20:00:00,26.07867965644036,85.43553390593274,440.0,0.0,0.49185742457537024,23.165786437626902,0,0
2024-01-04 21:00:00,25.601923788646683,86.2301270189222,440.0,0.0,0.45208498573850875,22.847949192431123,0,0
2024-01-04 22:00:00,25.302222521132794,86.72962913144535,440.0,0.0,0.428003108830623,22.648148347421863,1,0
2024-01-04 23:00:00,25.2,86.9,440.0,0.0,0.41994830382195486,22.58,1,0
2024-01-05 00:00:00,24.9022225211328,90.92962913144534,440.0,0.0,0.2856599831751309,23.088148347421864,1,0
2024-01-05 01:00:00,25.201923788646685,90.80701707189559,440.0,0.0,0.2947342995184859,23.287949192431125,1,0
2024-01-05 02:00:00,24.17867965644036,90.68440501234583,400.0,0.0,0.28096480075694213,21.185786437626906,1,1
2024-01-05 03:00:00,24.8,90.56179295279607,400.0,0.0,0.29543808106326175,21.6,0,1
2024-01-05 04:00:00,25.52354286469244,90.43918089324632,400.0,0.0,0.31243976000719326,22.08236190979496,0,1
2024-01-05 05:00:00,26.3,90.31656883369656,400.0,0.0,0.33132001770702624,22.6,0,1
2024-01-05 06:00:00,27.076457135307564,90.19395677414681,400.0,0.0,0.35119009127995315,23.11763809020504,0,1
2024-01-05 07:00:00,28.20220479608932,90.07134471459706,398.9944880097767,20.110239804465863,0.3797375294559599,23.96198431648039,0,1
2024-01-05 08:00:00,29.198320343559644,89.9487326550473,398.0575,38.85,0.4072587983136159,24.71351356237309,0,1
2024-01-05 09:00:00,29.99692014931721,89.82612059549754,397.2528901550903,54.94219689819475,0.4316080695179821,25.321010351736383,0,1
2024-01-05 10:00:00,30.543580956348222,89.70350853594779,396.6354913062975,67.29017387405088,0.45069439940834494,25.74307478231105,0,1
2024-01-05 11:00:00,30.80104873405321,89.58089647639804,396.247378164867,75.05243670266061,0.4628120665251007,25.950943860647897,0,1
2024-01-05 12:00:00,30.751777478867204,89.45828441684827,396.115,77.7,0.4669446021787002,25.93045165257813,0,1
2024-01-05 13:00:00,30.39807621135332,89.33567235729852,440.0,75.05243670266061,0.46292918966962043,26.752050807568875,0,0
2024-01-05 14:00:00,29.921320343559643,89.21306029774877,440.0,64.99731680042768,0.4556353827631316,26.43421356237309,0,0
2024-01-05 15:00:00,29.3,89.09044823819902,440.0,54.94219689819475,0.4446350597319252,26.02,0,0
2024-01-05 16:00:00,28.576457135307564,88.96783617864926,440.0,38.85,0.4312110234455554,25.537638090205043,0,0
2024-01-05 17:00:00,27.8,88.8452241190995,440.0,20.110239804465884,0.4167574792494811,25.02,0,0
2024-01-05 18:00:00,27.02354286469244,88.72261205954975,440.0,9.515505629374936e-15,0.40263292434137876,24.50236190979496,0,0
2024-01-05 19:00:00,26.3,88.6,440.0,0.0,0.3900526721358373,24.02,1,0
2024-01-05 20:00:00,25.67867965644036,89.63553390593273,440.0,0.0,0.34183223561794895,23.605786437626904,1,0
2024-01-05 21:00:00,25.201923788646685,90.4301270189222,440.0,0.0,0.30681769253980873,23.287949192431125,1,0
2024-01-05 22:00:00,24.9022225211328,90.92962913144534,440.0,0.0,0.2856599831751309,23.088148347421864,1,0
2024-01-05 23:00:00,24.8,91.1,440.0,0.0,0.27859093451885997,23.02,1,0
2024-01-06 00:00:00,25.0022225211328,88.32962913144534,440.0,0.0,0.36974035241568814,22.668148347421862,1,0
2024-01-06 01:00:00,25.301923788646683,87.8301270189222,440.0,0.0,0.3925022933128886,22.867949192431123,1,0
2024-01-06 02:00:00,24.27867965644036,82.43553390593274,400.0,0.0,0.53294015031623,20.765786437626904,0,1
2024-01-06 03:00:00,24.9,81.4,400.0,0.0,0.5857061283387212,21.18,0,1
2024-01-06 04:00:00,25.623542864692435,80.19409522551261,400.0,0.0,0.6510907031050401,21.66236190979496,0,1
2024-01-06 05:00:00,26.4,78.9,400.0,0.0,0.7262084976854887,22.18,0,1
2024-01-06 06:00:00,27.17645713530756,77.6059047744874,400.0,15.800902703508894,0.8067285397742632,22.69763809020504,0,1
2024-01-06 07:00:00,28.53203610814036,76.08398194592982,398.41990972964913,31.601805407017785,0.9323938975914021,23.74883249732632,0,1
2024-01-06 08:00:00,29.74232034355964,74.75396609406727,396.9475,61.04999999999999,1.0554746752229487,24.69311356237309,0,1
2024-01-06 09:00:00,30.724830971010864,73.70649560124903,395.6831131008561,86.33773798287746,1.162880233224759,25.46613009126067,0,1
2024-01-06 10:00:00,31.412611514908804,73.01295385053386,394.712914909896,105.74170180207994,1.241190473763635,26.015202285015576,0,1
2024-01-06 11:00:00,31.758790867797902,72.72060456610106,394.1030228305052,117.93954338989523,1.2794985537629016,26.30291178101812,0,1
2024-01-06 12:00:00,31.739777478867204,72.84937086855466,393.895,122.1,1.2720889138449056,26.309651652578136,0,1
2024-01-06 13:00:00,30.498076211353315,79.1698729810778,440.0,117.93954338989523,0.9094015494197564,26.33205080756888,0,0
2024-01-06 14:00:00,30.02132034355964,79.96446609406726,440.0,105.74170180207996,0.8511608930683507,26.014213562373094,0,0
2024-01-06 15:00:00,29.4,81.0,440.0,86.33773798287746,0.7788495492868525,25.6,0,0
2024-01-06 16:00:00,28.67645713530756,82.2059047744874,440.0,61.04999999999999,0.6995550206012492,25.11763809020504,0,0
2024-01-06 17:00:00,27.9,83.5,440.0,31.60180540701781,0.6200662232942122,24.6,0,0
2024-01-06 18:00:00,27.123542864692435,84.7940952255126,440.0,1.495293741758918e-14,0.5460840610185089,24.08236190979496,0,0
2024-01-06 19:00:00,26.4,86.0,440.0,0.0,0.4818445008339736,23.6,0,0
2024-01-06 20:00:00,25.77867965644036,87.03553390593274,440.0,0.0,0.43012362008074206,23.185786437626906,0,0
2024-01-06 21:00:00,25.301923788646683,87.8301270189222,440.0,0.0,0.3925022933128886,22.867949192431123,1,0
2024-01-06 22:00:00,25.0022225211328,88.32962913144534,440.0,0.0,0.36974035241568814,22.668148347421862,1,0
2024-01-06 23:00:00,24.9,88.5,440.0,0.0,0.3621301331126503,22.6,1,0
2024-01-07 00:00:00,23.4022225211328,94.32962913144534,440.0,0.0,0.1632225338670082,22.268148347421864,1,0
2024-01-07 01:00:00,23.701923788646685,93.8301270189222,440.0,0.0,0.18083568032645206,22.467949192431124,1,0
2024-01-07 02:00:00,22.67867965644036,88.43553390593274,400.0,0.0,0.31863547428576966,20.36578643762691,1,1
2024-01-07 03:00:00,23.3,87.4,400.0,0.0,0.3604634623406467,20.78,1,1
2024-01-07 04:00:00,24.02354286469244,86.19409522551261,400.0,0.0,0.4125392974594133,21.26236190979496,1,1
2024-01-07 05:00:00,24.8,84.9,400.0,0.0,0.4726655181162673,21.78,0,1
2024-01-07 06:00:00,25.576457135307564,83.6059047744874,400.0,0.0,0.5374298181485775,22.297638090205044,0,1
2024-01-07 07:00:00,26.886483956202312,82.10675802189886,398.5337901094943,29.3241978101156,0.6337186750730803,23.307835560582085,0,1
2024-01-07 08:00:00,28.05432034355964,80.79796609406726,397.1675,56.64999999999999,0.7281223411197759,24.213913562373094,0,1
2024-01-07 09:00:00,29.000380177522032,79.76872099799346,395.9942400845782,80.11519830843584,0.8104176160172564,24.954124377120724,0,1
2024-01-07 10:00:00,29.660191043842744,79.08916408606689,390.4174289071252,98.1206782487769,0.8701129169956116,25.478023861056123,0,1
2024-01-07 11:00:00,29.98878792237103,78.80560603881449,394.5280301940724,109.43939611855144,0.898713751965441,25.74990913013393,0,1
2024-01-07 12:00:00,29.963777478867208,78.93737086855467,394.335,113.3,0.8918459421906073,25.75125165257814,0,1
2024-01-07 13:00:00,28.89807621135332,85.1698729810778,440.0,109.43939611855144,0.5905570269706298,25.93205080756888,0,0
2024-01-07 14:00:00,28.421320343559643,85.96446609406726,440.0,98.1206782487769,0.5436881092762789,25.61421356237309,0,0
2024-01-07 15:00:00,27.8,87.0,440.0,80.11519830843584,0.48569754229843676,25.2,1,0
2024-01-07 16:00:00,27.076457135307564,88.2059047744874,440.0,56.64999999999999,0.4223894677408841,24.717638090205043,1,0
2024-01-07 17:00:00,26.3,89.5,440.0,29.32419781011563,0.3592590401251129,24.2,1,0
2024-01-07 18:00:00,25.52354286469244,90.7940952255126,440.0,1.3875248234339512e-14,0.3008414494902564,23.68236190979496,1,0
2024-01-07 19:00:00,24.8,92.0,440.0,0.0,0.2504188175450423,23.2,1,0
2024-01-07 20:00:00,24.17867965644036,93.03553390593274,440.0,0.0,0.2100531239380169,22.785786437626907,1,0
2024-01-07 21:00:00,23.701923788646685,93.8301270189222,440.0,0.0,0.18083568032645206,22.467949192431124,1,0
2024-01-07 22:00:00,23.4022225211328,94.32962913144534,440.0,0.0,0.1632225338670082,22.268148347421864,1,0
2024-01-07 23:00:00,23.3,94.5,440.0,0.0,0.15734516213282224,22.2,1,0
2024-01-08 00:00:00,25.2022225211328,90.42962913144534,440.0,0.0,0.306839106679386,23.288148347421863,1,0
2024-01-08 01:00:00,25.501923788646685,89.93012701892219,440.0,0.0,0.3286533816495741,23.487949192431124,1,0
2024-01-08 02:00:00,24.47867965644036,84.53553390593274,400.0,0.0,0.47487225334797406,21.38578643762691,0,1
2024-01-08 03:00:00,25.1,83.5,400.0,0.0,0.5258048007638289,21.8,0,1
2024-01-08 04:00:00,25.82354286469244,82.2940952255126,400.0,0.0,0.5889932055423311,22.28236190979496,0,1
2024-01-08 05:00:00,26.6,81.0,400.0,0.0,0.6616793493766399,22.8,0,1
2024-01-08 06:00:00,27.376457135307565,79.7059047744874,400.0,0.0,0.7396882577170526,23.317638090205044,0,1
2024-01-08 07:00:00,28.633167232911195,78.23341638354441,398.6670819177221,26.65836164555964,0.8535853298789597,24.27985050962008,0,1
2024-01-08 08:00:00,29.751320343559644,76.94946609406726,397.425,51.49999999999999,0.9641847587649105,25.141213562373096,0,1
2024-01-08 09:00:00,30.654716180597607,75.94155299645566,396.35840007688927,72.8319984622144,1.0597819399253732,25.84302677988874,0,1
2024-01-08 10:00:00,30.665556188286537,75.27836470265669,395.5399691705101,89.20061658979718,1.0896695556122866,26.337462751194487,0,1
2024-01-08 11:00:00,30.676396195975464,75.00509639892226,395.0254819946113,99.49036010777404,1.1023963430144479,26.59082648193993,0,1
2024-01-08 12:00:00,30.68723620366439,75.14037086855465,394.85,103.0,1.0971085435988852,26.58585165257813,0,1
2024-01-08 13:00:00,30.69807621135332,81.2698729810778,440.0,99.49036010777404,0.8271119711430157,26.95205080756888,0,0
2024-01-08 14:00:00,30.221320343559643,82.06446609406726,440.0,89.20061658979719,0.7707305321376847,26.63421356237309,0,0
2024-01-08 15:00:00,29.6,83.18518543427732,440.0,72.8319984622144,0.6972568300985366,26.22,0,0
2024-01-08 16:00:00,28.876457135307565,84.30590477448739,440.0,51.49999999999999,0.624180515760947,25.73763809020504,0,0
2024-01-08 17:00:00,28.1,85.6,440.0,26.658361645559665,0.5474873051168422,25.22,0,0
2024-01-08 18:00:00,27.32354286469244,86.8940952255126,440.0,1.2613862031217738e-14,0.4762131753609483,24.70236190979496,0,0
2024-01-08 19:00:00,26.6,88.1,440.0,0.0,0.41442022408326434,24.22,1,0
2024-01-08 20:00:00,25.97867965644036,89.13553390593273,440.0,0.0,0.3647424693161168,23.805786437626907,1,0
2024-01-08 21:00:00,25.501923788646685,89.93012701892219,440.0,0.0,0.3286533816495741,23.487949192431124,1,0
2024-01-08 22:00:00,25.2022225211328,90.42962913144534,440.0,0.0,0.306839106679386,23.288148347421863,1,0
2024-01-08 23:00:00,25.1,90.6,440.0,0.0,0.2995494016472724,23.22,1,0
2024-01-09 00:00:00,23.9022225211328,98.82962913144534,440.0,0.0,0.03471846898019074,23.668148347421862,1,0
2024-01-09 01:00:00,24.201923788646685,98.3301270189222,440.0,0.0,0.050434739696949886,23.867949192431123,1,0
2024-01-09 02:00:00,23.17867965644036,92.93553390593274,400.0,0.0,0.20062685547038367,21.765786437626907,1,1
2024-01-09 03:00:00,23.8,91.9,400.0,0.0,0.23881102870678877,22.180000000000003,1,1
2024-01-09 04:00:00,24.52354286469244,90.6940952255126,400.0,0.0,0.28652693680425223,22.66236190979496,1,1
2024-01-09 05:00:00,25.3,89.4,400.0,0.0,0.34183172461537764,23.180000000000003,1,1
2024-01-09 06:00:00,26.076457135307564,88.1059047744874,400.0,0.0,0.40162343765923453,23.697638090205043,1,1
2024-01-09 07:00:00,27.08470094961277,86.75764952519361,399.288247625968,14.235047480638642,0.4744860443650483,24.43623085465149,1,1
2024-01-09 08:00:00,27.971320343559643,85.58946609406726,398.625,27.5,0.5437992014418843,25.089213562373097,1,1
2024-01-09 09:00:00,28.67589367065852,84.68096425142521,398.055456351737,37.56569860407206,0.6022311578495452,25.61208652094356,0,1
2024-01-09 10:00:00,29.150405423030087,84.09405689647322,397.6184301395928,47.63139720814412,0.6426997035838914,25.96921680232473,0,1
2024-01-09 11:00:00,29.36251840891797,83.86874079554102,397.34370397770505,53.12592044589876,0.6598272263075865,26.136266568026176,0,1
2024-01-09 12:00:00,29.297777478867207,84.02037086855466,397.25,55.0,0.6511901722779175,26.10185165257814,0,1
2024-01-09 13:00:00,29.39807621135332,89.6698729810778,440.0,53.12592044589876,0.4234064752516469,27.33205080756888,0,0
2024-01-09 14:00:00,28.921320343559643,90.46446609406726,440.0,47.63139720814413,0.3802294515122212,27.014213562373094,0,0
2024-01-09 15:00:00,28.3,91.5,440.0,38.89087296526012,0.32694921665302645,26.6,1,0
2024-01-09 16:00:00,27.55,92.7059047744874,440.0,27.5,0.26856949106291667,26.11763809020504,1,0
2024-01-09 17:00:00,26.8,94.0,440.0,14.235047480638656,0.21142317556859586,25.6,1,0
2024-01-09 18:00:00,26.02354286469244,95.2940952255126,440.0,6.735557395310443e-15,0.15840643964563944,25.08236190979496,1,0
2024-01-09 19:00:00,25.3,96.5,440.0,0.0,0.11286896567488895,24.6,1,0
2024-01-09 20:00:00,24.67867965644036,97.53553390593274,440.0,0.0,0.07658701644065533,24.185786437626906,1,0
2024-01-09 21:00:00,24.201923788646685,98.3301270189222,440.0,0.0,0.050434739696949886,23.867949192431123,1,0
2024-01-09 22:00:00,23.9022225211328,98.82962913144534,440.0,0.0,0.03471846898019074,23.668148347421862,1,0
2024-01-09 23:00:00,23.8,99.0,440.0,0.0,0.029482843050220878,23.6,1,0
2024-01-10 00:00:00,24.602222521132795,88.72962913144535,440.0,0.0,0.3486480305667412,22.348148347421866,1,0
2024-01-10 01:00:00,24.901923788646684,88.2301270189222,440.0,0.0,0.37067082430484904,22.54794919243113,1,0
2024-01-10 02:00:00,23.87867965644036,82.83553390593275,400.0,0.0,0.5084557324021503,20.445786437626907,0,1
2024-01-10 03:00:00,24.5,81.80000000000001,400.0,0.0,0.5595861272604492,20.860000000000003,0,1
2024-01-10 04:00:00,25.22354286469244,80.59409522551262,400.0,0.0,0.6229690593571247,21.34236190979496,0,1
2024-01-10 05:00:00,26.0,79.30000000000001,400.0,0.0,0.6958180445207302,21.860000000000003,0,1
2024-01-10 06:00:00,26.776457135307563,78.0059047744874,400.0,0.0,0.7739388261263562,22.377638090205046,0,1
2024-01-10 07:00:00,28.254198697428745,76.42290065128564,398.1145032564281,37.70993487143727,0.9044737771522278,23.538778827685874,0,1
2024-01-10 08:00:00,29.578320343559643,75.03596609406728,394.46624999999995,72.84999999999998,1.0338886104905178,24.58551356237309,0,1
2024-01-10 09:00:00,30.658585371730915,73.93961840088902,394.848727099056,103.02545801887996,1.148221317620889,25.32430171945815,0,1
2024-01-10 10:00:00,31.42137550549506,73.20857185524073,393.6910049334304,126.1799013313927,1.2328066340058887,26.06308987654321,0,1
2024-01-10 11:00:00,31.814707857806344,72.89264607109683,392.96323035548414,140.73539289031723,1.2754594294186703,26.39323707202572,0,1
2024-01-10 12:00:00,31.811777478867207,73.01337086855467,392.715,145.7,1.2695685268782932,26.41445165257814,0,1
2024-01-10 13:00:00,30.09807621135332,79.56987298107781,440.0,140.73539289031723,0.871752005906696,26.01205080756888,0,0
2024-01-10 14:00:00,29.62132034355964,80.4849364905389,440.0,126.17990133139271,0.8102206494778771,25.694213562373097,0,0
2024-01-10 15:00:00,29.0,81.4,440.0,99.51495066569635,0.745056033615981,25.28,0,0
2024-01-10 16:00:00,28.276457135307563,82.6059047744874,440.0,72.84999999999998,0.6681426238951509,24.797638090205044,0,0
2024-01-10 17:00:00,27.5,83.9,440.0,37.70993487143731,0.5910745036959637,24.28,0,0
2024-01-10 18:00:00,26.72354286469244,85.19409522551261,440.0,1.7843103863576934e-14,0.5193794182418657,23.76236190979496,0,0
2024-01-10 19:00:00,26.0,86.4,440.0,0.0,0.4571558166899483,23.28,0,0
2024-01-10 20:00:00,25.37867965644036,87.43553390593274,440.0,0.0,0.4070808183763988,22.865786437626905,1,0
2024-01-10 21:00:00,24.901923788646684,88.2301270189222,440.0,0.0,0.37067082430484904,22.54794919243113,1,0
2024-01-10 22:00:00,24.602222521132795,88.72962913144535,440.0,0.0,0.3486480305667412,22.348148347421866,1,0
2024-01-10 23:00:00,24.5,88.9,440.0,0.0,0.34128604464785645,22.28,1,0
2024-01-11 00:00:00,25.4022225211328,80.32962913144534,440.0,0.0,0.638199364154102,21.468148347421863,0,0
2024-01-11 01:00:00,25.701923788646685,79.8301270189222,440.0,0.0,0.666142880901321,21.667949192431124,0,0
2024-01-11 02:00:00,24.67867965644036,74.43553390593274,400.0,0.0,0.794454502643065,19.565786437626908,0,1
2024-01-11 03:00:00,25.3,73.4,400.0,0.0,0.857804139129155,19.980000000000004,0,1
2024-01-11 04:00:00,26.02354286469244,72.19409522551261,400.0,0.0,0.9359803454442034,20.46236190979496,0,1
2024-01-11 05:00:00,26.8,70.9,400.0,0.0,1.0254024015076886,20.980000000000004,0,1
2024-01-11 06:00:00,27.576457135307564,69.6059047744874,400.0,0.0,1.1208453671364236,21.497638090205044,0,1
2024-01-11 07:00:00,29.280924180938555,67.90953790953073,397.5476895476536,49.04620904692768,1.3064567987262838,22.8628317628447,0,1
2024-01-11 08:00:00,30.81632034355964,66.41696609406726,395.2625,94.75,1.4930432037767052,24.099713562373097,0,1
2024-01-11 09:00:00,32.07801091205033,65.2299056307293,393.3001632482575,133.99673503485076,1.6605418639372524,25.123992038196192,0,1
2024-01-11 10:00:00,32.98001375921023,64.42925272838315,391.7944092991424,164.11181401715112,1.7872562652973163,25.86586430488686,0,1
2024-01-11 11:00:00,33.46085888163557,64.06957055918222,390.8478527959111,183.04294408177844,1.8546018845401842,26.27477299347202,0,1
2024-01-11 12:00:00,33.48777747886721,64.17537086855465,390.525,189.5,1.8519251993346393,26.322851652578137,0,1
2024-01-11 13:00:00,30.89807621135332,71.1698729810778,440.0,183.04294408177844,1.287723303439578,25.13205080756888,0,0
2024-01-11 14:00:00,30.421320343559643,71.96446609406726,440.0,164.11181401715115,1.218616801277694,24.81421356237309,0,0
2024-01-11 15:00:00,29.8,73.0,440.0,133.99673503485076,1.1325508049476807,24.4,0,0
2024-01-11 16:00:00,29.076457135307564,74.2059047744874,440.0,94.75,1.037802302448647,23.91763809020504,0,0
2024-01-11 17:00:00,28.3,75.5,440.0,49.046209046927736,0.9423830362351943,23.4,0,0
2024-01-11 18:00:00,27.52354286469244,76.7940952255126,440.0,2.3207056843842342e-14,0.8531244429968418,22.88236190979496,0,0
2024-01-11 19:00:00,26.8,78.0,440.0,0.0,0.775218310418184,22.4,0,0
2024-01-11 20:00:00,26.17867965644036,79.03553390593274,440.0,0.0,0.7121856823364364,21.985786437626903,0,0
2024-01-11 21:00:00,25.701923788646685,79.8301270189222,440.0,0.0,0.666142880901321,21.667949192431124,0,0
2024-01-11 22:00:00,25.4022225211328,80.32962913144534,440.0,0.0,0.638199364154102,21.468148347421863,0,0
2024-01-11 23:00:00,25.3,80.5,440.0,0.0,0.6288413801886663,21.4,0,0
2024-01-12 00:00:00,24.7022225211328,81.32962913144534,440.0,0.0,0.5810262001336675,20.968148347421867,0,0
2024-01-12 01:00:00,25.001923788646685,80.8301270189222,440.0,0.0,0.6073285547125995,21.167949192431124,0,0
2024-01-12 02:00:00,23.97867965644036,75.43553390593274,400.0,0.0,0.7320459274366918,19.065786437626908,0,1
2024-01-12 03:00:00,24.6,74.4,400.0,0.0,0.7918288203577706,19.480000000000004,0,1
2024-01-12 04:00:00,25.32354286469244,73.19409522551261,400.0,0.0,0.8656544260770909,19.96236190979496,0,1
2024-01-12 05:00:00,26.1,71.9,400.0,0.0,0.9501626691287534,20.480000000000004,0,1
2024-01-12 06:00:00,26.876457135307565,70.6059047744874,400.0,0.0,1.0404276035091535,20.997638090205044,0,1
2024-01-12 07:00:00,28.443232448944013,68.978383775528,397.89191887764,42.16162244720063,1.203199413151418,22.23890920404961,0,1
2024-01-12 08:00:00,29.850320343559645,67.54996609406727,395.9275,81.44999999999999,1.36509920248324,23.3603135623731,0,1
2024-01-12 09:00:00,31.00183010445909,66.41799603452492,394.2406152672356,115.1876946552886,1.5088597062373743,24.28542931136408,0,1
2024-01-12 10:00:00,31.81928824439691,65.65961548578981,392.9462230861757,141.07553827648505,1.6162079511584846,24.95121134155487,0,1
2024-01-12 11:00:00,32.24698634204979,65.32650682897511,392.13253414487554,157.34931710248924,1.6717967351774785,25.31228770784481,0,1
2024-01-12 12:00:00,32.25577747886721,65.44137086855466,391.855,162.9,1.6670849406050534,25.34405165257814,0,1
2024-01-12 13:00:00,30.19807621135332,72.1698729810778,440.0,157.34931710248924,1.19433273345822,24.63205080756888,0,0
2024-01-12 14:00:00,29.721320343559643,72.96446609406726,440.0,141.07553827648508,1.1289259142718107,24.31421356237309,0,0
2024-01-12 15:00:00,29.1,74.0,440.0,115.1876946552886,1.0475099500473801,23.9,0,0
2024-01-12 16:00:00,28.376457135307565,75.2059047744874,440.0,81.44999999999999,0.9579395477002327,23.417638090205045,0,0
2024-01-12 17:00:00,27.6,76.5,440.0,42.16162244720068,0.8678037606686915,22.9,0,0
2024-01-12 18:00:00,26.82354286469244,77.7940952255126,440.0,1.9949496358110383e-14,0.7835568562261445,22.38236190979496,0,0
2024-01-12 19:00:00,26.1,79.0,440.0,0.0,0.7100859804876806,21.9,0,0
2024-01-12 20:00:00,25.47867965644036,80.03553390593274,440.0,0.0,0.650687936179804,21.485786437626903,0,0
2024-01-12 21:00:00,25.001923788646685,80.8301270189222,440.0,0.0,0.6073285547125995,21.167949192431124,0,0
2024-01-12 22:00:00,24.7022225211328,81.32962913144534,440.0,0.0,0.5810262001336675,20.968148347421867,0,0
2024-01-12 23:00:00,24.6,81.5,440.0,0.0,0.5722200459616705,20.9,0,0
2024-01-13 00:00:00,24.9022225211328,82.12962913144534,440.0,0.0,0.5628049740879135,21.328148347421862,0,0
2024-01-13 01:00:00,25.201923788646685,81.6301270189222,440.0,0.0,0.5889526487392206,21.527949192431123,0,0
2024-01-13 02:00:00,24.17867965644036,76.23553390593274,400.0,0.0,0.7167527667383164,19.425786437626908,0,0
2024-01-13 03:00:00,24.8,75.2,400.0,0.0,0.7762983343896315,19.840000000000003,0,1
2024-01-13 04:00:00,25.52354286469244,73.99409522551261,400.0,0.0,0.8498517287887114,20.32236190979496,0,1
2024-01-13 05:00:00,26.3,72.7,400.0,0.0,0.9340735043252938,20.840000000000003,0,1
2024-01-13 06:00:00,27.076457135307564,71.4059047744874,400.0,0.0,1.024058601520363,21.357638090205043,0,1
2024-01-13 07:00:00,28.701725553137184,69.74913722343142,397.74568611715705,45.08627765685911,1.1910209282695052,22.651552997823465,0,1
2024-01-13 08:00:00,30.163320343559644,68.29346609406727,395.645,87.09999999999998,1.3579829288388616,23.822013562373098,0,1
2024-01-13 09:00:00,31.361636237007247,67.13809296825085,393.8410999358652,123.17800128269658,1.5070203593911546,24.789254830657416,0,1
2024-01-13 10:00:00,32.21500998565219,66.36175461516217,390.4174289071252,150.8616253392492,1.6189588348867445,25.48736090868462,0,1
2024-01-13 11:00:00,32.665285578791114,66.01735721060444,391.5867860530222,168.26427893955568,1.6775444994801232,25.868757020912003,0,1
2024-01-13 12:00:00,32.681777478867204,66.12837086855465,391.29,174.2,1.673615556265809,25.907451652578136,0,1
2024-01-13 13:00:00,30.39807621135332,72.9698729810778,440.0,168.26427893955568,1.1733543095049523,24.99205080756888,0,0
2024-01-13 14:00:00,29.921320343559643,73.76446609406726,440.0,150.8616253392492,1.1081769123758074,24.67421356237309,0,0
2024-01-13 15:00:00,29.3,74.8,440.0,123.17800128269658,1.0270635998517679,24.26,0,0
2024-01-13 16:00:00,28.576457135307564,76.00590477448739,440.0,87.09999999999998,0.9378503189754681,23.77763809020504,0,0
2024-01-13 17:00:00,27.8,77.3,440.0,43.550000000000004,0.8481026315518856,23.26,0,0
2024-01-13 18:00:00,27.02354286469244,78.5940952255126,440.0,2.1333347241146886e-14,0.7642480761534248,22.74236190979496,0,0
2024-01-13 19:00:00,26.3,79.8,440.0,0.0,0.6911459629073604,22.294074173710932,0,0
2024-01-13 20:00:00,25.67867965644036,80.83553390593273,440.0,0.0,0.6320665464002314,21.845786437626906,0,0
2024-01-13 21:00:00,25.201923788646685,81.6301270189222,440.0,0.0,0.5889526487392206,21.527949192431123,0,0
2024-01-13 22:00:00,24.9022225211328,82.12962913144534,440.0,0.0,0.5628049740879135,21.328148347421862,0,0
2024-01-13 23:00:00,24.8,82.3,440.0,0.0,0.5540516338184065,21.26,0,0
2024-01-14 00:00:00,25.0022225211328,84.22962913144535,440.0,0.0,0.4996364338666166,21.848148347421866,0,0
2024-01-14 01:00:00,25.301923788646683,83.7301270189222,440.0,0.0,0.5247353416844682,22.047949192431123,0,0
2024-01-14 02:00:00,24.27867965644036,80.5150635094611,400.0,0.0,0.5912109668780366,19.945786437626907,0,1
2024-01-14 03:00:00,24.9,77.30000000000001,400.0,0.0,0.7148133931875789,20.36,0,1
2024-01-14 04:00:00,25.623542864692435,76.09409522551262,400.0,0.0,0.7858723206643293,20.84236190979496,0,1
2024-01-14 05:00:00,26.4,74.80000000000001,400.0,0.0,0.8673201015011521,21.36,0,1
2024-01-14 06:00:00,27.17645713530756,73.5059047744874,400.0,0.0,0.9544276086478422,21.877638090205043,0,1
2024-01-14 07:00:00,29.030003950917603,71.73499802454121,397.174990122706,56.50019754588028,1.1341694738655976,23.377003555825844,0,1
2024-01-14 08:00:00,30.70432034355964,70.17296609406728,394.5425,109.15,1.3176145482613761,24.738913562373096,0,1
2024-01-14 09:00:00,32.085304418013784,68.92625887774759,392.2819294833489,154.36141033302334,1.4846236968229918,25.870556193563303,0,1
2024-01-14 10:00:00,33.078844391790064,68.07983741209324,390.5473327176928,189.05334564614296,1.6127459202334629,26.69481187420871,0,1
2024-01-14 11:00:00,33.61723215757807,67.69138392121097,389.4569196060549,210.8616078789036,1.6822897301985607,27.155508941820266,0,1
2024-01-14 12:00:00,33.6637774788672,67.78737086855466,389.085,218.3,1.681655814136495,27.221251652578136,0,1
2024-01-14 13:00:00,30.498076211353315,75.06987298107781,440.0,210.8616078789036,1.0883993226562787,25.51205080756888,0,0
2024-01-14 14:00:00,30.02132034355964,75.86446609406727,440.0,189.053345646143,1.0253394139884684,25.194213562373093,0,0
2024-01-14 15:00:00,29.4,76.9,440.0,154.36141033302334,0.9469170836066472,24.78,0,0
2024-01-14 16:00:00,28.67645713530756,78.1059047744874,440.0,109.15,0.8607419507663086,24.29763809020504,0,0
2024-01-14 17:00:00,27.9,79.4,440.0,56.50019754588034,0.7741432848400465,23.78,0,0
2024-01-14 18:00:00,27.123542864692435,80.69409522551261,440.0,2.6734039625386723e-14,0.6933258518478459,23.26236190979496,0,0
2024-01-14 19:00:00,26.4,81.9,440.0,0.0,0.622956104649637,22.78,0,0
2024-01-14 20:00:00,25.77867965644036,82.93553390593274,440.0,0.0,0.5661498034604068,22.365786437626905,0,0
2024-01-14 21:00:00,25.301923788646683,83.7301270189222,440.0,0.0,0.5247353416844682,22.047949192431123,0,0
2024-01-14 22:00:00,25.0022225211328,84.22962913144535,440.0,0.0,0.4996364338666166,21.848148347421866,0,0
2024-01-14 23:00:00,24.9,84.4,440.0,0.0,0.491237397961508,21.78,0,0
2024-01-15 00:00:00,24.5022225211328,81.42962913144534,440.0,0.0,0.5710496135189567,20.78814834742186,0,0
2024-01-15 01:00:00,24.801923788646683,78.48258151868905,440.0,0.0,0.6736231156420313,20.98794919243112,0,0
2024-01-15 02:00:00,23.77867965644036,75.53553390593274,400.0,0.0,0.7203580975010436,18.885786437626905,0,1
2024-01-15 03:00:00,24.4,74.5,400.0,0.0,0.7793597265192741,19.3,0,1
2024-01-15 04:00:00,25.123542864692435,73.2940952255126,400.0,0.0,0.8522291953324794,19.78236190979496,0,1
2024-01-15 05:00:00,25.9,72.0,400.0,0.0,0.9356536602414168,20.3,0,1
2024-01-15 06:00:00,26.67645713530756,70.7059047744874,400.0,0.0,1.0247724791966664,20.81763809020504,0,1
2024-01-15 07:00:00,28.682189549437886,68.85890522528106,396.7945261264053,64.10947747189438,1.2246840468047138,22.4539705944941,0,1
2024-01-15 08:00:00,30.49832034355964,67.22596609406726,393.8075,123.84999999999998,1.4308685199821003,23.94351356237309,0,1
2024-01-15 09:00:00,32.00108320535147,65.91836948407872,391.2424825150046,175.15034969990782,1.6206041774843387,25.18475710216721,0,1
2024-01-15 10:00:00,33.08806732921531,65.0252259433806,389.2742753741297,214.51449251740544,1.7679920562690385,26.093112517891434,0,1
2024-01-15 11:00:00,33.68519654343604,64.60740172828197,388.0370086414099,239.2598271718022,1.8498757845718283,26.60667688909244,0,1
2024-01-15 12:00:00,33.751777478867204,64.69337086855465,387.615,247.7,1.8522504906455688,26.690451652578133,0,1
2024-01-15 13:00:00,29.998076211353315,72.2698729810778,440.0,239.2598271718022,1.1764775047217306,24.45205080756888,0,0
2024-01-15 14:00:00,29.52132034355964,73.06446609406726,440.0,214.51449251740547,1.111885078330744,24.13421356237309,0,0
2024-01-15 15:00:00,28.9,74.1,440.0,175.15034969990782,1.0314900759062704,23.72,0,0
2024-01-15 16:00:00,28.17645713530756,75.30590477448739,440.0,123.84999999999998,0.9430528889722727,23.23763809020504,0,0
2024-01-15 17:00:00,27.4,76.6,440.0,64.10947747189445,0.8540690324360688,22.72,0,0
2024-01-15 18:00:00,26.623542864692435,77.8940952255126,440.0,3.0334501214879935e-14,0.7709103674939228,22.20236190979496,0,0
2024-01-15 19:00:00,25.9,79.1,440.0,0.0,0.6983986249659149,21.72,0,0
2024-01-15 20:00:00,25.27867965644036,80.13553390593273,440.0,0.0,0.6397835638896381,21.305786437626903,0,0
2024-01-15 21:00:00,24.801923788646683,80.93012701892219,440.0,0.0,0.5970003912676044,20.98794919243112,0,0
2024-01-15 22:00:00,24.5022225211328,81.42962913144534,440.0,0.0,0.5710496135189567,20.78814834742186,0,0
2024-01-15 23:00:00,24.4,81.6,440.0,0.0,0.5623615281550842,20.72,0,0
2024-01-16 00:00:00,24.2022225211328,79.62962913144534,440.0,0.0,0.615252032355102,20.128148347421863,0,0
2024-01-16 01:00:00,24.501923788646685,79.1301270189222,440.0,0.0,0.6417491666465878,20.327949192431124,0,0
2024-01-16 02:00:00,23.47867965644036,73.73553390593274,400.0,0.0,0.7595193101102413,18.22578643762691,0,1
2024-01-16 03:00:00,24.1,72.7,400.0,0.0,0.8195117506056827,18.64,0,1
2024-01-16 04:00:00,24.82354286469244,71.49409522551261,400.0,0.0,0.8935558580907463,19.12236190979496,0,1
2024-01-16 05:00:00,25.6,70.2,400.0,0.0,0.9782658085935245,19.64,0,1
2024-01-16 06:00:00,26.376457135307565,68.9059047744874,400.0,0.0,1.0686959496130286,20.157638090205044,0,1
2024-01-16 07:00:00,28.39513050169301,67.05243474915349,396.7621737457675,64.75652508465069,1.2743361138463836,21.805617451523712,0,1
2024-01-16 08:00:00,30.22332034355964,65.41346609406726,393.745,125.09999999999998,1.486431955471396,23.306013562373096,0,1
2024-01-16 09:00:00,31.7364385444108,64.10069181454907,391.1540941673563,176.9181166528742,1.681672984825761,24.55657690732061,0,1
2024-01-16 10:00:00,32.831368599404534,63.203575308285984,389.1660221986567,216.6795560268665,1.8334788124343067,25.47208366106173,0,1
2024-01-16 11:00:00,33.433492834750496,62.783253582624745,387.91626791312376,241.6746417375249,1.9180602621986127,25.990143551275445,0,1
2024-01-16 12:00:00,33.501777478867204,62.86837086855465,387.49,250.2,1.9209919325513463,26.07545165257813,0,1
2024-01-16 13:00:00,29.69807621135332,70.4698729810778,440.0,241.6746417375249,1.2314464526040128,23.79205080756888,0,0
2024-01-16 14:00:00,29.221320343559643,71.26446609406726,440.0,216.6795560268665,1.1658569276959143,23.47421356237309,0,0
2024-01-16 15:00:00,28.6,72.3,440.0,176.9181166528742,1.0841805757343168,23.06,0,0
2024-01-16 16:00:00,27.876457135307565,73.50590477448739,440.0,125.09999999999998,0.994276991600002,22.57763809020504,0,0
2024-01-16 17:00:00,27.1,74.8,440.0,64.75652508465076,0.9037502627204661,22.06,0,0
2024-01-16 18:00:00,26.32354286469244,76.0940952255126,440.0,3.0640662914666773e-14,0.8190804741298816,21.54236190979496,0,0
2024-01-16 19:00:00,25.6,77.3,440.0,0.0,0.7451890555393628,21.06,0,0
2024-01-16 20:00:00,24.97867965644036,78.33553390593273,440.0,0.0,0.685411065825265,20.645786437626903,0,0
2024-01-16 21:00:00,24.501923788646685,79.1301270189222,440.0,0.0,0.6417491666465878,20.327949192431124,0,0
2024-01-16 22:00:00,24.2022225211328,79.62962913144534,440.0,0.0,0.615252032355102,20.128148347421863,0,0
2024-01-16 23:00:00,24.1,79.8,440.0,0.0,0.6063786579573185,20.06,0,0
2024-01-17 00:00:00,24.0022225211328,78.72962913144535,440.0,0.0,0.634774986678461,19.748148347421864,0,0
2024-01-17 01:00:00,24.301923788646683,78.2301270189222,440.0,0.0,0.6614605522007841,19.947949192431125,0,0
2024-01-17 02:00:00,23.27867965644036,72.83553390593275,400.0,0.0,0.7761275143048519,17.845786437626906,0,1
2024-01-17 03:00:00,23.9,71.80000000000001,400.0,0.0,0.8364272849249732,18.26,0,1
2024-01-17 04:00:00,24.623542864692435,70.59409522551262,400.0,0.0,0.9108287293209372,18.74236190979496,0,1
2024-01-17 05:00:00,25.4,69.30000000000001,400.0,0.0,0.9959209671147137,19.26,0,1
2024-01-17 06:00:00,26.17645713530756,68.0059047744874,400.0,0.0,1.0867315695985884,19.777638090205045,0,1
2024-01-17 07:00:00,28.234470996548595,66.13276450172572,396.6638225086285,66.72354982742985,1.2977391739130137,21.46102389689374,0,1
2024-01-17 08:00:00,30.09932034355964,64.47546609406727,393.555,128.89999999999998,1.5159373237411378,22.994413562373094,0,1
2024-01-17 09:00:00,31.64391877515116,63.146951699178885,390.8853935905054,182.292128189892,1.717327300612618,24.27330911498693,0,1
2024-01-17 10:00:00,32.76300446077977,62.23775737759838,388.8369325452186,223.26134909562828,1.8743909537401913,25.210555936299443,0,1
2024-01-17 11:00:00,33.38031356034644,61.80984321982679,387.5492160991339,249.01567801732185,1.9623827391624014,25.742282204311795,0,1
2024-01-17 12:00:00,33.4537774788672,61.89237086855466,387.11,257.8,1.9662027358395304,25.832251652578133,0,1
2024-01-17 13:00:00,29.498076211353315,69.56987298107781,440.0,249.01567801732185,1.2544603347460654,23.412050807568875,0,0
2024-01-17 14:00:00,29.02132034355964,70.36446609406727,440.0,223.2613490956283,1.1885673447524527,23.09421356237309,0,0
2024-01-17 15:00:00,28.4,71.4,440.0,182.292128189892,1.1064950229272275,22.68,0,0
2024-01-17 16:00:00,27.67645713530756,72.6059047744874,440.0,128.89999999999998,1.0161300464065288,22.19763809020504,0,0
2024-01-17 17:00:00,26.9,73.9,440.0,66.72354982742992,0.9251084110811576,21.68,0,0
2024-01-17 18:00:00,26.123542864692435,75.19409522551261,440.0,3.1571394482018764e-14,0.8399445439506958,21.16236190979496,0,0
2024-01-17 19:00:00,25.4,76.31481456572268,440.0,0.0,0.7683574196741627,20.68,0,0
2024-01-17 20:00:00,24.77867965644036,77.43553390593274,440.0,0.0,0.7054229989544739,20.265786437626907,0,0
2024-01-17 21:00:00,24.301923788646683,78.2301270189222,440.0,0.0,0.6614605522007841,19.947949192431125,0,0
2024-01-17 22:00:00,24.0022225211328,78.72962913144535,440.0,0.0,0.634774986678461,19.748148347421864,0,0
2024-01-17 23:00:00,23.9,78.9,440.0,0.0,0.6258374365927992,19.68,0,0
2024-01-18 00:00:00,25.4022225211328,83.02962913144535,440.0,0.0,0.5505986628388709,22.008148347421866,0,0
2024-01-18 01:00:00,25.701923788646685,82.5301270189222,440.0,0.0,0.5769709867540006,22.207949192431126,0,0
2024-01-18 02:00:00,24.67867965644036,77.13553390593275,400.0,0.0,0.710547913346679,20.105786437626907,0,1
2024-01-18 03:00:00,25.3,76.10000000000001,400.0,0.0,0.7707337941799549,20.520000000000003,0,1
2024-01-18 04:00:00,26.02354286469244,74.89409522551261,400.0,0.0,0.845095083727488,21.00236190979496,0,1
2024-01-18 05:00:00,26.8,73.60000000000001,400.0,0.0,0.9302619725018205,21.520000000000003,0,1
2024-01-18 06:00:00,27.576457135307564,72.3059047744874,400.0,0.0,1.0212772612653824,22.037638090205043,0,1
2024-01-18 07:00:00,29.398945665505305,70.55052716724735,397.2526358362367,54.94728327526516,1.2071218605640113,23.50905109895477,0,1
2024-01-18 08:00:00,31.044320343559644,69.00296609406728,394.6925,106.15,1.39608793308046,24.8449135623731,0,1
2024-01-18 09:00:00,32.4004516042714,67.76868528461877,392.4940615177048,150.11876964590405,1.5675490220527826,25.95418866119515,0,1
2024-01-18 10:00:00,33.374921343335934,66.9317989363203,390.80714033882816,183.85719322343635,1.6986810966601313,26.7612811306,0,1
2024-01-18 11:00:00,33.901321058423385,66.54933947078831,389.7466973539416,205.0660529211692,1.7695747269637108,27.211188952581047,0,1
2024-01-18 12:00:00,33.943777478867204,66.64737086855466,388.925,212.3,1.7685669702347286,27.273251652578136,0,1
2024-01-18 13:00:00,30.89807621135332,73.8698729810778,440.0,205.0660529211692,1.16712539844232,25.67205080756888,0,0
2024-01-18 14:00:00,30.421320343559643,74.66446609406727,440.0,183.85719322343635,1.1012562625239266,25.354213562373097,0,0
2024-01-18 15:00:00,29.748888739433603,75.7,440.0,150.11876964590405,1.0163068705090568,24.94,0,0
2024-01-18 16:00:00,29.076457135307564,76.9059047744874,440.0,106.15,0.9291702224274854,24.457638090205045,0,0
2024-01-18 17:00:00,28.3,78.2,440.0,54.947283275265214,0.8385285791807033,23.94,0,0
2024-01-18 18:00:00,27.52354286469244,79.49409522551261,440.0,2.5999251545898312e-14,0.7538636721509717,23.42236190979496,0,0
2024-01-18 19:00:00,26.8,80.7,440.0,0.0,0.6800778814123158,22.94,0,0
2024-01-18 20:00:00,26.17867965644036,81.73553390593274,440.0,0.0,0.6204637499161043,22.525786437626905,0,0
2024-01-18 21:00:00,25.701923788646685,82.5301270189222,440.0,0.0,0.5769709867540006,22.207949192431126,0,0
2024-01-18 22:00:00,25.4022225211328,83.02962913144535,440.0,0.0,0.5505986628388709,22.008148347421866,0,0
2024-01-18 23:00:00,25.3,83.2,440.0,0.0,0.5417710352394662,21.94,0,0
2024-01-19 00:00:00,24.9022225211328,88.42962913144534,440.0,0.0,0.36439435559353484,22.588148347421864,0,0
2024-01-19 01:00:00,25.201923788646685,87.93012701892219,440.0,0.0,0.3869696687328238,22.787949192431125,0,0
2024-01-19 02:00:00,24.17867965644036,82.53553390593274,400.0,0.0,0.5267404006882043,20.685786437626906,0,1
2024-01-19 03:00:00,24.8,81.5,400.0,0.0,0.5790935155729108,21.1,0,1
2024-01-19 04:00:00,25.52354286469244,80.2940952255126,400.0,0.0,0.6439728740517908,21.58236190979496,0,1
2024-01-19 05:00:00,26.3,79.0,400.0,0.0,0.7185180802502258,22.1,0,1
2024-01-19 06:00:00,27.076457135307564,77.7059047744874,400.0,0.0,0.7984326763530586,22.61763809020504,0,1
2024-01-19 07:00:00,28.739513133722152,76.03024343313892,397.6512171656946,46.97565668610751,0.9457919670069841,23.945561820349937,0,1
2024-01-19 08:00:00,30.236320343559644,74.55696609406726,395.4625,90.75,1.0942842904479628,25.1477135623731,0,1
2024-01-19 09:00:00,31.464873827060483,73.38647417322422,393.58300596073207,128.3398807853584,1.227646858902247,26.142168661705327,0,1
2024-01-19 10:00:00,32.34144969460472,72.5985347606859,390.4174289071252,157.18361078687562,1.328228763122069,26.861156646741897,0,1
2024-01-19 11:00:00,32.806310749429315,72.24684462528535,391.2342231264267,175.3155374714659,1.3809291737546743,27.255679674486384,0,1
2024-01-19 12:00:00,32.827777478867205,72.35537086855466,390.925,181.5,1.3771886975386207,27.298851652578136,0,1
2024-01-19 13:00:00,30.39807621135332,79.2698729810778,440.0,175.3155374714659,0.8998767877490835,26.25205080756888,0,0
2024-01-19 14:00:00,29.921320343559643,80.06446609406726,440.0,157.18361078687562,0.8420678035236783,25.93421356237309,0,0
2024-01-19 15:00:00,29.3,81.1,440.0,128.3398807853584,0.7702976998888261,25.52,0,0
2024-01-19 16:00:00,28.576457135307564,82.30590477448739,440.0,90.75,0.6916040257098205,25.037638090205043,0,0
2024-01-19 17:00:00,27.8,83.6,440.0,46.97565668610756,0.6127261302841819,24.52,0,0
2024-01-19 18:00:00,27.02354286469244,84.8940952255126,440.0,2.222733940452446e-14,0.5393212192655514,24.00236190979496,0,0
2024-01-19 19:00:00,26.3,86.1,440.0,0.0,0.47559053883229246,23.52,0,0
2024-01-19 20:00:00,25.67867965644036,87.13553390593273,440.0,0.0,0.42428516481746115,23.105786437626904,0,0
2024-01-19 21:00:00,25.201923788646685,87.93012701892219,440.0,0.0,0.3869696687328238,22.787949192431125,1,0
2024-01-19 22:00:00,24.9022225211328,88.42962913144534,440.0,0.0,0.36439435559353484,22.588148347421864,1,0
2024-01-19 23:00:00,24.8,88.6,440.0,0.0,0.35684681500168575,22.52,1,0
2024-01-20 00:00:00,23.7022225211328,95.32962913144534,440.0,0.0,0.13688853470936047,22.768148347421864,1,0
2024-01-20 01:00:00,24.001923788646685,94.8301270189222,440.0,0.0,0.15428255725422838,22.967949192431124,1,0
2024-01-20 02:00:00,22.97867965644036,89.43553390593274,400.0,0.0,0.2964195612662575,20.86578643762691,1,1
2024-01-20 03:00:00,23.6,88.4,400.0,0.0,0.337910668039442,21.28,1,1
2024-01-20 04:00:00,24.32354286469244,87.19409522551261,400.0,0.0,0.3896014152653791,21.76236190979496,1,1
2024-01-20 05:00:00,25.1,85.9,400.0,0.0,0.4493241024709079,22.28,1,1
2024-01-20 06:00:00,25.876457135307565,84.6059047744874,400.0,0.0,0.5136961777650454,23.031805048980242,0,1
2024-01-20 07:00:00,27.15956677551165,83.12021661224418,398.6010830612209,27.97833877558249,0.6074785803162416,23.783610097960484,0,1
2024-01-20 08:00:00,28.302320343559643,81.82396609406727,397.2975,54.04999999999999,0.699228371237253,24.667113562373096,0,1
2024-01-20 09:00:00,29.22684107227863,80.80549055061515,396.1780878476867,76.43824304626578,0.7790069431515161,25.38793918240166,0,1
2024-01-20 10:00:00,29.7075863543578,80.13419740706368,395.3191326925451,93.6173461490978,0.828884005412433,25.8969638832619,0,1
2024-01-20 11:00:00,30.188331636436967,79.85583418178152,394.7791709089076,104.41658182184828,0.8640065724704801,26.15949847279327,0,1
2024-01-20 12:00:00,30.15977747886721,79.98937086855466,394.595,108.1,0.856876314405479,26.15765165257814,0,1
2024-01-20 13:00:00,29.19807621135332,86.1698729810778,440.0,104.41658182184828,0.5603633225382578,26.43205080756888,0,0
2024-01-20 14:00:00,28.721320343559643,86.96446609406726,440.0,93.6173461490978,0.5138108845852206,26.11421356237309,0,0
2024-01-20 15:00:00,28.1,88.0,440.0,76.43824304626578,0.45623942093070174,25.700000000000003,1,0
2024-01-20 16:00:00,27.376457135307565,89.2059047744874,440.0,54.04999999999999,0.3934280095894099,25.217638090205043,1,0
2024-01-20 17:00:00,26.6,90.5,440.0,27.97833877558252,0.33083967468831993,24.700000000000003,1,0
2024-01-20 18:00:00,25.82354286469244,91.7940952255126,440.0,1.3238431898782888e-14,0.27297233431779694,24.18236190979496,1,0
2024-01-20 19:00:00,25.1,93.0,440.0,0.0,0.22306870335435144,23.700000000000003,1,0
2024-01-20 20:00:00,24.47867965644036,94.03553390593274,440.0,0.0,0.1831527475231692,23.285786437626907,1,0
2024-01-20 21:00:00,24.001923788646685,94.8301270189222,440.0,0.0,0.15428255725422838,22.967949192431124,1,0
2024-01-20 22:00:00,23.7022225211328,95.32962913144534,440.0,0.0,0.13688853470936047,22.768148347421864,1,0
2024-01-20 23:00:00,23.6,95.5,440.0,0.0,0.1310860350153009,22.700000000000003,1,0
2024-01-21 00:00:00,25.9022225211328,83.72962913144535,440.0,0.0,0.5437654917488406,22.648148347421863,0,0
2024-01-21 01:00:00,26.201923788646685,83.2301270189222,440.0,0.0,0.5704729869309653,22.847949192431127,0,0
2024-01-21 02:00:00,25.17867965644036,77.83553390593275,400.0,0.0,0.7096285369785368,20.745786437626908,0,1
2024-01-21 03:00:00,25.8,76.80000000000001,400.0,0.0,0.7706813865768137,21.160000000000004,0,1
2024-01-21 04:00:00,26.52354286469244,75.59409522551262,400.0,0.0,0.8461247040049531,21.64236190979496,0,1
2024-01-21 05:00:00,27.3,74.30000000000001,400.0,0.0,0.9325434784204227,22.160000000000004,0,1
2024-01-21 06:00:00,28.076457135307564,73.0059047744874,400.0,0.0,1.024909221629146,22.677638090205043,0,1
2024-01-21 07:00:00,29.80732372353901,71.29633813823051,397.4816906911525,50.366186176950535,1.2045197840051494,24.06659135118511,0,1
2024-01-21 08:00:00,31.36732034355964,69.79146609406727,395.135,97.29999999999998,1.3857859782225235,25.325613562373096,0,1
2024-01-21 09:00:00,32.65013580373136,68.5938431848888,393.1198510190549,137.60297961890214,1.549036690294536,26.36890444070912,0,1
2024-01-21 10:00:00,33.56834835039624,67.78508543279015,391.57357282117744,168.52854357645174,1.6728376896268888,27.125365436954272,0,1
2024-01-21 11:00:00,34.05938331591705,67.42030834204148,390.60154171020736,187.9691657958527,1.738736780445021,27.543444984325347,0,1
2024-01-21 12:00:00,34.089777478867205,67.52437086855467,390.27,194.6,1.736117052290994,27.59465165257814,0,1
2024-01-21 13:00:00,31.39807621135332,74.56987298107781,440.0,187.9691657958527,1.168619993219972,26.31205080756888,0,0
2024-01-21 14:00:00,30.921320343559643,75.36446609406727,440.0,168.52854357645177,1.1018261412656007,25.994213562373098,0,0
2024-01-21 15:00:00,30.3,76.4,440.0,137.60297961890214,1.018723590357464,25.58,0,0
2024-01-21 16:00:00,29.576457135307564,77.6059047744874,440.0,97.29999999999998,0.9273548507919707,25.097638090205045,0,0
2024-01-21 17:00:00,28.8,78.9,440.0,50.36618617695059,0.8354782648352056,24.58,0,0
2024-01-21 18:00:00,28.02354286469244,80.19409522551261,440.0,2.3831626711407492e-14,0.7496762714308696,24.06236190979496,0,0
2024-01-21 19:00:00,27.3,81.4,440.0,0.0,0.6749147353548586,23.58,0,0
2024-01-21 20:00:00,26.67867965644036,82.43553390593274,440.0,0.0,0.6145243322295426,23.165786437626902,0,0
2024-01-21 21:00:00,26.201923788646685,83.2301270189222,440.0,0.0,0.5704729869309653,22.847949192431127,0,0
2024-01-21 22:00:00,25.9022225211328,83.72962913144535,440.0,0.0,0.5437654917488406,22.648148347421863,0,0
2024-01-21 23:00:00,25.8,83.9,440.0,0.0,0.534826307064082,22.58,0,0
2024-01-22 00:00:00,25.4022225211328,82.82962913144534,440.0,0.0,0.5570876036770361,21.968148347421863,0,0
2024-01-22 01:00:00,25.701923788646685,82.3301270189222,440.0,0.0,0.5835763122463951,22.167949192431124,0,0
2024-01-22 02:00:00,24.67867965644036,76.93553390593274,400.0,0.0,0.7167632162575228,20.065786437626908,0,1
2024-01-22 03:00:00,25.3,75.9,400.0,0.0,0.7771834493613775,20.480000000000004,0,1
2024-01-22 04:00:00,26.02354286469244,74.69409522551261,400.0,0.0,0.8518273253361336,20.96236190979496,0,1
2024-01-22 05:00:00,26.8,73.4,400.0,0.0,0.9373094116874404,21.480000000000004,0,1
2024-01-22 06:00:00,27.576457135307564,72.1059047744874,400.0,0.0,1.0286526765150896,21.997638090205044,0,1
2024-01-22 07:00:00,29.636541548909417,70.2317292255453,396.65864612772646,66.82707744547085,1.2369927763172384,23.68288739401848,0,1
2024-01-22 08:00:00,31.503320343559643,68.57346609406727,393.545,129.09999999999997,1.4528296301176546,25.2180135623731,0,1
2024-01-22 09:00:00,33.04957562940065,67.24412327205414,390.8712514548816,182.57497090236657,1.6522563457284922,26.49840028381148,0,1
2024-01-22 10:00:00,34.16993266401005,66.33429327598324,388.8196120371429,223.60775925714205,1.8077798707148804,27.43679131920669,0,1
2024-01-22 11:00:00,34.78804096695675,65.90597951652163,387.5298975826081,249.40204834783745,1.8946539764726622,27.969236870261074,0,1
2024-01-22 12:00:00,34.861777478867204,65.98837086855467,387.09,258.2,1.8978039840272831,28.059451652578137,0,1
2024-01-22 13:00:00,30.89807621135332,70.22641848131096,440.0,249.40204834783745,1.3298635390440658,25.63205080756888,0,0
2024-01-22 14:00:00,30.421320343559643,74.46446609406726,440.0,223.60775925714208,1.1099496357649463,25.31421356237309,0,0
2024-01-22 15:00:00,29.8,75.5,440.0,182.57497090236657,1.0276849896747473,24.9,0,0
2024-01-22 16:00:00,29.076457135307564,76.7059047744874,440.0,124.70102417391874,0.9372170431697936,24.41763809020504,0,0
2024-01-22 17:00:00,28.3,78.0,440.0,66.82707744547092,0.8462215019254805,23.9,0,0
2024-01-22 18:00:00,27.52354286469244,79.2940952255126,440.0,3.162038035398466e-14,0.7612163218432584,23.38236190979496,0,0
2024-01-22 19:00:00,26.8,80.5,440.0,0.0,0.6871253205979357,22.9,0,0
2024-01-22 20:00:00,26.17867965644036,81.53553390593274,440.0,0.0,0.6272579671324257,22.485786437626903,0,0
2024-01-22 21:00:00,25.701923788646685,82.3301270189222,440.0,0.0,0.5835763122463951,22.167949192431124,0,0
2024-01-22 22:00:00,25.4022225211328,82.82962913144534,440.0,0.0,0.5570876036770361,21.968148347421863,0,0
2024-01-22 23:00:00,25.3,83.0,440.0,0.0,0.5482206904208888,21.9,0,0
2024-01-23 00:00:00,25.0022225211328,81.02962913144535,440.0,0.0,0.6010187413405123,21.20814834742186,0,0
2024-01-23 01:00:00,25.301923788646683,80.5301270189222,440.0,0.0,0.6279416233403354,21.40794919243112,0,0
2024-01-23 02:00:00,24.27867965644036,75.13553390593275,400.0,0.0,0.7544363846152365,19.305786437626907,0,1
2024-01-23 03:00:00,24.9,74.10000000000001,400.0,0.0,0.815580038923273,19.72,0,1
2024-01-23 04:00:00,25.623542864692435,72.89409522551261,400.0,0.0,0.8910677294910919,20.20236190979496,0,1
2024-01-23 05:00:00,26.4,71.60000000000001,400.0,0.0,0.9774559874060604,20.72,0,1
2024-01-23 06:00:00,27.17645713530756,70.3059047744874,400.0,0.0,1.069704930695514,21.23763809020504,0,1
2024-01-23 07:00:00,29.02327465574493,68.53836267212753,397.1918133606376,56.163732787247,1.2619478238656299,22.730947190170447,0,1
2024-01-23 08:00:00,30.69132034355964,66.97946609406728,394.575,108.5,1.4576063670812154,24.08721356237309,0,1
2024-01-23 09:00:00,32.06691964170293,65.73545126590301,392.32789142412594,153.44217151748083,1.6353733862230375,25.21400989488353,0,1
2024-01-23 10:00:00,33.05632773129167,64.89109574234243,390.6036243689388,181.52403791110433,1.7716172266588985,26.03454687976016,0,1
2024-01-23 11:00:00,33.59211808609456,64.50394095695273,389.5197047847636,209.60590430472783,1.8456677272432886,26.492906277485105,0,1
2024-01-23 12:00:00,33.63777747886721,64.60037086855466,389.15,217.0,1.8453524435669835,26.55785165257814,0,1
2024-01-23 13:00:00,30.498076211353315,71.8698729810778,440.0,209.60590430472783,1.2281049017677113,24.87205080756888,0,0
2024-01-23 14:00:00,30.02132034355964,72.66446609406727,440.0,187.9275126212232,1.1612836254383168,24.554213562373093,0,0
2024-01-23 15:00:00,29.4,73.7,440.0,153.44217151748083,1.0780917445391698,24.14,0,0
2024-01-23 16:00:00,28.67645713530756,74.9059047744874,440.0,108.5,0.9865463840658674,23.64,0,0
2024-01-23 17:00:00,27.9,76.2,440.0,56.16373278724706,0.8943985523880149,23.14,0,0
2024-01-23 18:00:00,27.123542864692435,77.49409522551261,440.0,2.6574835541497565e-14,0.8082462739585479,22.62236190979496,0,0
2024-01-23 19:00:00,26.4,78.7,440.0,0.0,0.7330919905545454,22.14,0,0
2024-01-23 20:00:00,25.77867965644036,79.73553390593274,440.0,0.0,0.6723165807323406,21.725786437626905,0,0
2024-01-23 21:00:00,25.301923788646683,80.5301270189222,440.0,0.0,0.6279416233403354,21.40794919243112,0,0
2024-01-23 22:00:00,25.0022225211328,81.02962913144535,440.0,0.0,0.6010187413405123,21.20814834742186,0,0
2024-01-23 23:00:00,24.9,81.2,440.0,0.0,0.592004043697202,21.14,0,0
2024-01-24 00:00:00,24.602222521132795,79.72962913144535,440.0,0.0,0.6270623180553198,20.548148347421865,0,0
2024-01-24 01:00:00,24.901923788646684,79.2301270189222,440.0,0.0,0.6541095176626214,20.747949192431125,0,0
2024-01-24 02:00:00,23.87867965644036,73.83553390593275,400.0,0.0,0.7750589326730308,18.64578643762691,0,1
2024-01-24 03:00:00,24.5,72.80000000000001,400.0,0.0,0.8363045418397922,19.06,0,1
2024-01-24 04:00:00,25.22354286469244,71.59409522551262,400.0,0.0,0.9118873859885726,19.542361909794963,0,1
2024-01-24 05:00:00,26.0,70.30000000000001,400.0,0.0,0.9983476290949612,20.06,0,1
2024-01-24 06:00:00,26.776457135307563,69.0059047744874,400.0,0.0,1.0906351650172355,20.57763809020504,0,1
2024-01-24 07:00:00,28.667273893412368,67.21636305329383,397.0818152664691,58.36369467061843,1.288166654289593,22.11054650407113,0,1
2024-01-24 08:00:00,30.37632034355964,65.63696609406728,394.3625,112.75,1.4898145500533018,23.503713562373097,0,1
2024-01-24 09:00:00,31.787127794504645,64.37534718950215,392.0273710421217,159.45257915756648,1.6736024551288482,24.66219723240508,0,1
2024-01-24 10:00:00,32.80355204993502,63.51748358302075,390.2355635723305,195.2887285533909,1.8149995613390697,25.50704876653917,0,1
2024-01-24 11:00:00,33.3563254765637,63.12183726171816,389.1091863085908,217.8162738281849,1.8924254642812381,25.980692928907327,0,1
2024-01-24 12:00:00,33.4077774788672,63.21537086855466,388.725,225.5,1.8930659242902426,26.05085165257813,0,1
2024-01-24 13:00:00,31.51454891121342,70.56987298107781,440.0,217.8162738281849,1.361403662503904,24.21205080756888,0,0
2024-01-24 14:00:00,29.62132034355964,71.36446609406727,440.0,195.2887285533909,1.1888816486896112,23.894213562373096,0,0
2024-01-24 15:00:00,29.0,72.4,440.0,159.45257915756648,1.1055670176237138,23.48,0,0
2024-01-24 16:00:00,28.276457135307563,73.6059047744874,440.0,112.75,1.0138509540551723,22.997638090205044,0,0
2024-01-24 17:00:00,27.5,74.9,440.0,58.363694670618486,0.9214888225322168,22.48,0,0
2024-01-24 18:00:00,26.72354286469244,76.19409522551261,440.0,2.7615785320772814e-14,0.8350922932990829,21.96236190979496,0,0
2024-01-24 19:00:00,26.0,77.4,440.0,0.0,0.7596854012641794,21.48,0,0
2024-01-24 20:00:00,25.37867965644036,78.43553390593274,440.0,0.0,0.6986751716866075,21.065786437626905,0,0
2024-01-24 21:00:00,24.901923788646684,79.2301270189222,440.0,0.0,0.6541095176626214,20.747949192431125,0,0
2024-01-24 22:00:00,24.602222521132795,79.72962913144535,440.0,0.0,0.6270623180553198,20.548148347421865,0,0
2024-01-24 23:00:00,24.502222521132797,79.9,440.0,0.0,0.6180865914297364,20.48,0,0
2024-01-25 00:00:00,24.4022225211328,79.42962913144534,440.0,0.0,0.6287784644432228,20.288148347421863,0,0
2024-01-25 01:00:00,24.701923788646685,78.93012701892219,440.0,0.0,0.6556875591793293,20.487949192431124,0,0
2024-01-25 02:00:00,23.67867965644036,75.71506350946109,400.0,0.0,0.7107838036836693,18.385786437626905,0,1
2024-01-25 03:00:00,24.3,72.5,400.0,0.0,0.8354697216859248,18.8,0,1
2024-01-25 04:00:00,25.02354286469244,71.2940952255126,400.0,0.0,0.9106152362802371,19.28236190979496,0,1
2024-01-25 05:00:00,25.8,70.0,400.0,0.0,0.9965707585045012,19.8,0,1
2024-01-25 06:00:00,26.576457135307564,68.7059047744874,400.0,0.0,1.0883151144623613,20.317638090205044,0,1
2024-01-25 07:00:00,28.432074503278425,66.93396274836078,397.1698137418039,56.60372516392128,1.2816637977515322,21.81886705295058,0,1
2024-01-25 08:00:00,30.108320343559644,65.37096609406726,394.5325,109.34999999999998,1.4784861148974482,23.182513562373096,0,1
2024-01-25 09:00:00,31.49096127226328,64.12343045062282,392.2677873477251,154.64425304549795,1.657389822288218,24.315647362387843,0,1
2024-01-25 10:00:00,32.48577259502034,63.27637331047808,390.5300122096172,189.3997558076567,1.7946332456949692,25.14104725711596,0,1
2024-01-25 11:00:00,33.024959564188386,62.8875202179058,389.437601089529,211.2479782094192,1.869427751810623,25.602463607769547,0,1
2024-01-25 12:00:00,33.071777478867205,62.98337086855465,389.065,218.7,1.8695008580705879,25.66845165257813,0,1
2024-01-25 13:00:00,29.89807621135332,70.2698729810778,440.0,211.2479782094192,1.254112652644842,23.95205080756888,0,0
2024-01-25 14:00:00,29.421320343559643,71.06446609406726,440.0,189.3997558076568,1.1875855780765114,23.63421356237309,0,0
2024-01-25 15:00:00,28.8,72.1,440.0,154.64425304549795,1.104731923644656,23.22,0,0
2024-01-25 16:00:00,28.076457135307564,73.30590477448739,440.0,109.34999999999998,1.0135188503675776,22.73763809020504,0,0
2024-01-25 17:00:00,27.3,74.6,440.0,56.60372516392135,0.9216577568824414,22.22,0,0
2024-01-25 18:00:00,26.52354286469244,75.8940952255126,440.0,2.6783025497352613e-14,0.8357240483625192,21.70236190979496,0,0
2024-01-25 19:00:00,25.8,77.1,440.0,0.0,0.7607156789917694,21.22,0,0
2024-01-25 20:00:00,25.17867965644036,78.13553390593273,440.0,0.0,0.7000235882200134,20.805786437626907,0,0
2024-01-25 21:00:00,24.701923788646685,78.93012701892219,440.0,0.0,0.6556875591793293,20.487949192431124,0,0
2024-01-25 22:00:00,24.4022225211328,79.42962913144534,440.0,0.0,0.6287784644432228,20.288148347421863,0,0
2024-01-25 23:00:00,24.3,79.6,440.0,0.0,0.6197666299051953,20.22,0,0
2024-01-26 00:00:00,25.0022225211328,74.62962913144534,440.0,0.0,0.8037833562883036,19.92814834742186,0,0
2024-01-26 01:00:00,25.301923788646683,74.1301270189222,440.0,0.0,0.8343541866520701,20.12794919243112,0,0
2024-01-26 02:00:00,24.27867965644036,68.73553390593274,400.0,0.0,0.9486248640006671,18.025786437626905,0,1
2024-01-26 03:00:00,24.9,67.7,400.0,0.0,1.0171133303946611,18.44,0,1
2024-01-26 04:00:00,25.623542864692435,66.49409522551261,400.0,0.0,1.101458547144617,18.92236190979496,0,1
2024-01-26 05:00:00,26.4,65.2,400.0,0.0,1.197727759215877,19.44,0,1
2024-01-26 06:00:00,27.17645713530756,63.90590477448739,400.0,0.0,1.3002595747908579,19.95763809020504,0,1
2024-01-26 07:00:00,29.191507035061576,62.0542464824692,396.7712324123461,64.57535175307892,1.5368875223575647,21.602356331555416,0,1
2024-01-26 08:00:00,31.01632034355964,60.416966094067256,393.7625,124.75,1.7799572630177503,23.099713562373093,0,1
2024-01-26 09:00:00,32.52653904947419,59.10564156201737,391.1788429046978,176.4231419060436,2.0030429658688558,24.34766736187766,0,1
2024-01-26 10:00:00,33.61924424375155,58.20963748611248,389.1963330877891,216.07333824421744,2.176242904177488,25.26117174097405,0,1
2024-01-26 11:00:00,34.21996987318245,57.79001506340877,387.9500753170439,240.9984936591225,2.272904675095221,25.7779728858642,0,1
2024-01-26 12:00:00,34.287777478867206,57.875370868554654,387.525,249.5,2.2768724831117613,25.862851652578136,0,1
2024-01-26 13:00:00,30.498076211353315,65.4698729810778,440.0,240.9984936591225,1.5075160599905764,23.592050807568874,0,0
2024-01-26 14:00:00,30.02132034355964,66.3849364905389,440.0,216.07333824421747,1.4280541567594547,23.27421356237309,0,0
2024-01-26 15:00:00,29.4,67.3,440.0,176.4231419060436,1.3404410664042152,22.86,0,0
2024-01-26 16:00:00,28.67645713530756,68.55,440.0,124.75,1.2364216960222256,22.37763809020504,0,0
2024-01-26 17:00:00,27.9,69.8,440.0,64.57535175307899,1.134909087483952,21.86,0,0
2024-01-26 18:00:00,27.123542864692435,71.0940952255126,440.0,3.0554937638726464e-14,1.0380871181799518,21.34236190979496,0,0
2024-01-26 19:00:00,26.4,72.3,440.0,0.0,0.9533637623643622,20.86,0,0
2024-01-26 20:00:00,25.77867965644036,73.33553390593273,440.0,0.0,0.8846501352762081,20.445786437626904,0,0
2024-01-26 21:00:00,25.301923788646683,74.1301270189222,440.0,0.0,0.8343541866520701,20.12794919243112,0,0
2024-01-26 22:00:00,25.0022225211328,74.62962913144534,440.0,0.0,0.8037833562883036,19.92814834742186,0,0
2024-01-26 23:00:00,25.0022225211328,74.8,440.0,0.0,0.7983856713569276,19.86,0,0
2024-01-27 00:00:00,25.0022225211328,75.32962913144534,440.0,0.0,0.7816059765283889,20.06814834742186,0,0
2024-01-27 01:00:00,25.301923788646683,74.8301270189222,440.0,0.0,0.811777812539849,20.26794919243112,0,0
2024-01-27 02:00:00,24.27867965644036,69.43553390593274,400.0,0.0,0.9273854990678857,18.165786437626902,0,1
2024-01-27 03:00:00,24.9,68.4,400.0,0.0,0.995070626639978,18.58,0,1
2024-01-27 04:00:00,25.623542864692435,67.19409522551261,400.0,0.0,1.0784470514637627,19.06236190979496,0,1
2024-01-27 05:00:00,26.4,65.9,400.0,0.0,1.1736355341741784,19.58,0,1
2024-01-27 06:00:00,27.17645713530756,64.6059047744874,400.0,0.0,1.2750426605929293,20.09763809020504,0,1
2024-01-27 07:00:00,28.96581682773218,62.86709158613391,397.3354579306696,53.290841386609024,1.4844888256380606,21.53923514495896,0,1
2024-01-27 08:00:00,30.58032034355964,61.33496609406726,394.8525,102.95,1.6959874758947089,22.84731356237309,0,1
2024-01-27 09:00:00,31.90994193627952,60.11394011861471,392.7203356876845,145.59328624631016,1.8868624485208862,23.93272996000245,0,1
2024-01-27 10:00:00,32.86407009165152,59.28722456216249,391.0842684680392,178.31463063921592,2.0323499849082864,24.72151500408402,0,1
2024-01-27 11:00:00,33.377682552658385,58.91115872367081,390.055793618354,198.8841276329192,2.1110195503213385,24.969783328331076,0,1
2024-01-27 12:00:00,33.415777478867206,59.01137086855466,388.925,205.9,2.1103623962094638,25.218051652578136,0,1
2024-01-27 13:00:00,30.498076211353315,62.987918481310956,440.0,198.8841276329192,1.6158732133399991,23.73205080756888,0,0
2024-01-27 14:00:00,30.02132034355964,66.96446609406726,440.0,178.31463063921595,1.403434252083359,23.41421356237309,0,0
2024-01-27 15:00:00,29.4,68.0,440.0,145.59328624631016,1.3117466093252255,23.0,0,0
2024-01-27 16:00:00,28.67645713530756,69.2059047744874,440.0,102.95,1.2106355308807066,22.51763809020504,0,0
2024-01-27 17:00:00,27.9,70.5,440.0,53.29084138660908,1.1086032477078338,22.0,0,0
2024-01-27 18:00:00,27.123542864692435,71.7940952255126,440.0,2.5215477594444004e-14,1.0129482758432355,21.48236190979496,0,0
2024-01-27 19:00:00,26.4,73.0,440.0,0.0,0.9292715373226634,21.0,0,0
2024-01-27 20:00:00,25.77867965644036,74.03553390593274,440.0,0.0,0.8614261527479725,20.585786437626904,0,0
2024-01-27 21:00:00,25.301923788646683,74.8301270189222,440.0,0.0,0.811777812539849,20.26794919243112,0,0
2024-01-27 22:00:00,25.0022225211328,75.32962913144534,440.0,0.0,0.7816059765283889,20.06814834742186,0,0
2024-01-27 23:00:00,24.9,75.5,440.0,0.0,0.7714946314139072,20.0,0,0
2024-01-28 00:00:00,25.102222521132795,76.42962913144534,440.0,0.0,0.7512153761926142,20.38814834742186,0,0
2024-01-28 01:00:00,25.401923788646684,75.93012701892219,440.0,0.0,0.7809260552886899,20.58794919243112,0,0
2024-01-28 02:00:00,24.37867965644036,70.53553390593274,400.0,0.0,0.8993779683653741,18.485786437626903,0,1
2024-01-28 03:00:00,25.0,69.5,400.0,0.0,0.9661722038395886,18.9,0,1
2024-01-28 04:00:00,25.72354286469244,68.2940952255126,400.0,0.0,1.0484811166603025,19.38236190979496,0,1
2024-01-28 05:00:00,26.5,67.0,400.0,0.0,1.1424871784032822,19.9,0,1
2024-01-28 06:00:00,27.276457135307563,65.7059047744874,400.0,0.0,1.2426727531538453,20.41763809020504,0,1
2024-01-28 07:00:00,29.171932636224213,63.91403368188789,397.0701684094395,58.5966318112107,1.4599118786630052,21.95473937260179,0,1
2024-01-28 08:00:00,30.88532034355964,62.33246609406726,394.34,113.2,1.6812316060617858,23.35181356237309,0,1
2024-01-28 09:00:00,32.299855716566,61.06898322847146,391.99555123696825,160.08897526063438,1.8826799056193846,24.51365236226029,0,1
2024-01-28 10:00:00,33.319140507203144,60.20968935438668,390.19659242916015,196.0681514167969,2.0376203042579846,25.36107837808048,0,1
2024-01-28 11:00:00,33.873712141436904,59.81314392928154,389.0657196464077,218.68560707184508,2.122658233602247,25.634065015329305,0,1
2024-01-28 12:00:00,33.925777478867204,59.906370868554646,388.68,226.4,2.123886656700185,25.907051652578133,0,1
2024-01-28 13:00:00,30.59807621135332,67.26987298107781,440.0,218.68560707184508,1.437117554056843,24.05205080756888,0,0
2024-01-28 14:00:00,30.12132034355964,68.06446609406726,440.0,196.0681514167969,1.3645033612904867,23.734213562373093,0,0
2024-01-28 15:00:00,29.5,69.1,440.0,160.08897526063438,1.2739716100387852,23.32,0,0
2024-01-28 16:00:00,28.776457135307563,70.30590477448739,440.0,113.2,1.1741700207155965,22.83763809020504,0,0
2024-01-28 17:00:00,28.0,71.6,440.0,58.59663181121076,1.073500223374655,22.32,0,0
2024-01-28 18:00:00,27.22354286469244,72.8940952255126,440.0,2.7726003532696078e-14,0.979164560290011,21.80236190979496,0,0
2024-01-28 19:00:00,26.5,74.1,440.0,0.0,0.8966793309286367,21.32,0,0
2024-01-28 20:00:00,25.87867965644036,75.13553390593273,440.0,0.0,0.8298286314981471,20.905786437626904,0,0
2024-01-28 21:00:00,25.401923788646684,75.93012701892219,440.0,0.0,0.7809260552886899,20.58794919243112,0,0
2024-01-28 22:00:00,25.102222521132795,76.42962913144534,440.0,0.0,0.7512153761926142,20.38814834742186,0,0
2024-01-28 23:00:00,25.0,76.6,440.0,0.0,0.7412599858966026,20.32,0,0
2024-01-29 00:00:00,24.9022225211328,77.82962913144534,440.0,0.0,0.6982280946475684,20.468148347421867,0,0
2024-01-29 01:00:00,25.201923788646685,77.3301270189222,400.0,0.0,0.7268140477912055,20.667949192431124,0,0
2024-01-29 02:00:00,24.17867965644036,71.93553390593274,400.0,0.0,0.8464437467407739,18.565786437626908,0,1
2024-01-29 03:00:00,24.8,70.9,400.0,0.0,0.9108984488200916,18.980000000000004,0,1
2024-01-29 04:00:00,25.52354286469244,69.69409522551261,400.0,0.0,0.9903722169424828,19.46236190979496,0,1
2024-01-29 05:00:00,26.3,68.4,400.0,0.0,1.081198635043197,19.980000000000004,0,1
2024-01-29 06:00:00,27.076457135307564,67.1059047744874,400.0,0.0,1.1780572488567769,20.497638090205044,0,1
2024-01-29 07:00:00,28.950191836435604,65.32490408178221,397.124520408911,57.509591821780106,1.3849795604598287,22.01517265279205,0,1
2024-01-29 08:00:00,30.495325291690968,63.753466094067264,394.445,111.09999999999998,1.5822021960613746,23.394013562373097,0,1
2024-01-29 09:00:00,32.040458746946335,62.4986817132813,392.1440436610175,157.11912677965086,1.787184182497584,24.540195089602594,0,1
2024-01-29 10:00:00,32.81651655948748,61.64606242134563,390.3784577639549,192.43084472090223,1.9094925065765627,25.37560685755438,0,1
2024-01-29 11:00:00,33.59257437202862,61.253712813985686,389.26856406992846,214.62871860143096,2.0147192688463362,25.84331693482576,0,1
2024-01-29 12:00:00,33.641777478867205,61.34837086855465,388.89,222.2,2.015326415635698,25.911451652578137,0,1
2024-01-29 13:00:00,30.39807621135332,68.66987298107782,440.0,214.62871860143096,1.3600135703859415,24.13205080756888,0,0
2024-01-29 14:00:00,29.921320343559643,69.46446609406726,440.0,192.43084472090223,1.2898069390526574,23.81421356237309,0,0
2024-01-29 15:00:00,29.3,70.5,440.0,157.11912677965086,1.2023165156994904,23.4,0,0
2024-01-29 16:00:00,28.576457135307564,71.7059047744874,440.0,111.09999999999998,1.1059231858075764,22.91763809020504,0,0
2024-01-29 17:00:00,27.8,73.0,440.0,57.50959182178017,1.0087564340044457,22.4,0,0
2024-01-29 18:00:00,27.05,74.2940952255126,440.0,2.7211651877054183e-14,0.9191948229226131,21.88236190979496,0,0
2024-01-29 19:00:00,26.3,75.5,440.0,0.0,0.8382710936252635,21.4,0,0
2024-01-29 20:00:00,25.67867965644036,76.53553390593274,440.0,0.0,0.7738855846233921,20.985786437626903,0,0
2024-01-29 21:00:00,25.201923788646685,77.3301270189222,440.0,0.0,0.7268140477912055,20.667949192431124,0,0
2024-01-29 22:00:00,24.9022225211328,77.82962913144534,440.0,0.0,0.6982280946475684,20.468148347421867,0,0
2024-01-29 23:00:00,24.8,78.0,440.0,0.0,0.6886517482488665,20.4,0,0
2024-01-30 00:00:00,25.7022225211328,77.32962913144534,440.0,0.0,0.7487391450837985,21.168148347421862,0,0
2024-01-30 01:00:00,26.001923788646685,76.8301270189222,440.0,0.0,0.7789299146565951,21.367949192431126,0,0
2024-01-30 02:00:00,24.97867965644036,71.43553390593274,400.0,0.0,0.9037102998640594,20.523974596215567,0,1
2024-01-30 03:00:00,25.6,70.4,400.0,0.0,0.9717002662539707,19.680000000000003,0,1
2024-01-30 04:00:00,26.32354286469244,69.19409522551261,400.0,0.0,1.0554929975131286,20.16236190979496,0,1
2024-01-30 05:00:00,27.1,67.9,400.0,0.0,1.1512056917986888,20.680000000000003,0,1
2024-01-30 06:00:00,27.876457135307565,66.6059047744874,400.0,0.0,1.2532219068214756,21.197638090205047,0,1
2024-01-30 07:00:00,29.977434958035616,64.7112825209822,396.556412604911,68.87174790178078,1.4953863754150991,22.919691462232056,0,1
2024-01-30 08:00:00,31.88232034355964,63.03396609406726,394.46624999999995,133.04999999999998,1.7459972791341087,24.48911356237309,0,1
2024-01-30 09:00:00,33.46129850082812,61.6882618363404,390.591944276313,188.16111447374035,1.9775652297098325,25.798950868096203,0,1
2024-01-30 10:00:00,34.60676467780799,60.76587726908426,388.4775320026481,230.4493599470392,2.158512837339878,26.75994013162484,0,1
2024-01-30 11:00:00,35.24065724751043,60.32967137624479,387.148356881224,257.0328623755211,2.260376777997645,27.306591522759383,0,1
2024-01-30 12:00:00,35.31977747886721,60.40937086855465,386.695,266.1,2.2657016529186484,27.40165165257814,0,1
2024-01-30 13:00:00,31.19807621135332,68.16987298107782,440.0,257.0328623755211,1.4462026735344717,24.83205080756888,0,0
2024-01-30 14:00:00,30.721320343559643,68.96446609406726,440.0,230.4493599470392,1.3723306324991735,24.514213562373094,0,0
2024-01-30 15:00:00,30.1,70.0,440.0,188.16111447374035,1.2802389313622269,24.1,0,0
2024-01-30 16:00:00,29.376457135307565,71.2059047744874,440.0,133.04999999999998,1.1787297867525421,23.61763809020504,0,0
2024-01-30 17:00:00,28.6,72.5,440.0,68.87174790178085,1.076352557136957,23.1,0,0
2024-01-30 18:00:00,27.82354286469244,73.7940952255126,440.0,3.258785132531107e-14,0.9804329304785255,22.58236190979496,0,0
2024-01-30 19:00:00,27.1,75.0,440.0,0.0,0.896577641587764,22.1,0,0
2024-01-30 20:00:00,26.47867965644036,76.03553390593274,440.0,0.0,0.8286284293706854,21.68578643762691,0,0
2024-01-30 21:00:00,26.001923788646685,76.8301270189222,440.0,0.0,0.7789299146565951,21.367949192431126,0,0
2024-01-30 22:00:00,25.7022225211328,77.32962913144534,440.0,0.0,0.7487391450837985,21.168148347421862,0,0
2024-01-30 23:00:00,25.6,77.5,440.0,0.0,0.7386235131998089,21.1,0,0
2024-01-31 00:00:00,26.102222521132795,79.52962913144535,440.0,0.0,0.6922681787544726,22.008148347421866,0,0
2024-01-31 01:00:00,26.401923788646684,79.0301270189222,440.0,0.0,0.721811687675945,22.207949192431123,0,0
2024-01-31 02:00:00,25.37867965644036,73.63553390593275,400.0,0.0,0.8541921601187187,20.105786437626907,0,1
2024-01-31 03:00:00,26.0,72.60000000000001,400.0,0.0,0.9210345130371022,20.520000000000003,0,1
2024-01-31 04:00:00,26.72354286469244,71.39409522551261,400.0,0.0,1.0034724933295989,21.00236190979496,0,1
2024-01-31 05:00:00,27.5,70.10000000000001,400.0,0.0,1.0977097925782187,21.520000000000003,0,1
2024-01-31 06:00:00,28.276457135307563,68.57901645977768,400.0,0.0,1.2069439724084192,22.037638090205043,0,1
2024-01-31 07:00:00,30.08393416088936,67.05803291955533,397.2901645977766,54.19670804446785,1.4044923451261428,23.495540744800422,0,1
2024-01-31 08:00:00,31.715320343559643,65.51746609406727,394.765,104.7,1.613374952704445,24.81881356237309,0,1
2024-01-31 09:00:00,33.059439410962575,64.28919138127317,392.5965920009768,148.0681599804631,1.8023041069972066,25.917277687217208,0,1
2024-01-31 10:00:00,34.02469186991643,63.45691367303005,390.9327140223769,181.34571955246145,1.9464958414873086,26.71607460452244,0,1
2024-01-31 11:00:00,34.545297360498616,63.07735131975069,389.88675659875344,202.2648680249309,2.024433363910904,27.160767624448752,0,1
2024-01-31 12:00:00,34.58577747886721,63.176370868554656,389.53,209.4,2.023541002628625,27.22105165257814,0,1
2024-01-31 13:00:00,31.59807621135332,70.3698729810778,440.0,202.2648680249309,1.3771617462922214,25.67205080756888,0,0
2024-01-31 14:00:00,31.12132034355964,71.16446609406727,440.0,181.34571955246147,1.3044374775569525,25.354213562373097,0,0
2024-01-31 15:00:00,30.5,72.2,440.0,148.0681599804631,1.2138256510994083,24.94,0,0
2024-01-31 16:00:00,29.776457135307563,73.4059047744874,440.0,104.7,1.1140168546598175,24.457638090205045,0,0
2024-01-31 17:00:00,29.0,74.7,440.0,54.196708044467904,1.013436432821738,23.94,0,0
2024-01-31 18:00:00,28.22354286469244,75.99409522551261,440.0,2.564410397414557e-14,0.9192843804178701,23.42236190979496,0,0
2024-01-31 19:00:00,27.5,77.2,440.0,0.0,0.837049607718508,22.94,0,0
2024-01-31 20:00:00,26.87867965644036,78.23553390593274,440.0,0.0,0.7704713016474967,22.525786437626905,0,0
2024-01-31 21:00:00,26.401923788646684,79.0301270189222,440.0,0.0,0.721811687675945,22.207949192431123,0,0
2024-01-31 22:00:00,26.102222521132795,79.3650635094611,440.0,0.0,0.6978334684186492,22.008148347421866,0,0
2024-01-31 23:00:00,26.0,79.7,440.0,0.0,0.6823722852063203,21.94,0,0
2024-02-01 00:00:00,26.7022225211328,84.22962913144535,440.0,0.0,0.5525190928652596,23.548148347421865,0,0
2024-02-01 01:00:00,27.001923788646685,83.7301270189222,440.0,0.0,0.5801417905480006,23.747949192431125,0,0
2024-02-01 02:00:00,25.97867965644036,78.33553390593275,400.0,0.0,0.7273206792812739,21.64578643762691,0,1
2024-02-01 03:00:00,26.6,77.30000000000001,400.0,0.0,0.7905326963605116,22.06,0,1
2024-02-01 04:00:00,27.35,76.09409522551262,400.0,0.0,0.8699854054260402,22.542361909794963,0,1
2024-02-01 05:00:00,28.1,74.80000000000001,400.0,0.0,0.9581027839544733,23.06,0,1
2024-02-01 06:00:00,28.876457135307565,73.5059047744874,400.0,0.0,1.053714647761094,23.57763809020505,0,1
2024-02-01 07:00:00,30.55245408597728,71.82377295701137,397.6188647850568,47.622704298863816,1.2339451723419745,24.917208677379552,0,1
2024-02-01 08:00:00,32.06132034355964,70.34446609406727,395.4,92.0,1.4149474365443486,26.130213562373097,0,1
2024-02-01 09:00:00,33.30022916611981,69.16879650369457,393.4946176130838,130.10764773832474,1.57716371103745,27.133988466858725,0,1
2024-02-01 10:00:00,34.18475096479394,68.3768841255913,392.0325662851832,159.3486742963367,1.6994966924963733,27.8601277899122,0,1
2024-02-01 11:00:00,34.65460704074377,68.02269647962812,391.11348239814055,177.73035203718857,1.7639409655009353,28.2591463366694,0,1
2024-02-01 12:00:00,34.677777478867206,68.13037086855466,390.8,184.0,1.760259757222315,28.30385165257814,0,1
2024-02-01 13:00:00,32.19807621135332,75.06987298107781,440.0,177.73035203718857,1.1987041778674172,27.21205080756888,0,0
2024-02-01 14:00:00,31.721320343559643,75.86446609406727,440.0,159.34867429633672,1.1296414159236354,26.894213562373096,0,0
2024-02-01 15:00:00,31.1,76.9,440.0,130.10764773832474,1.043711680566255,26.480000000000004,0,0
2024-02-01 16:00:00,30.376457135307565,78.1059047744874,440.0,92.0,0.9492292479890163,25.997638090205044,0,0
2024-02-01 17:00:00,29.6,79.4,440.0,47.622704298863866,0.8542164199247311,25.480000000000004,0,0
2024-02-01 18:00:00,28.82354286469244,80.69409522551261,440.0,2.2533501104311305e-14,0.7654812650320267,24.96236190979496,0,0
2024-02-01 19:00:00,28.1,81.81481456572268,440.0,0.0,0.6913998726710097,24.480000000000004,0,0
2024-02-01 20:00:00,27.47867965644036,82.93553390593274,440.0,0.0,0.6257024316787588,24.065786437626908,0,0
2024-02-01 21:00:00,27.001923788646685,83.7301270189222,440.0,0.0,0.5801417905480006,23.747949192431125,0,0
2024-02-01 22:00:00,26.7022225211328,84.22962913144535,440.0,0.0,0.5525190928652596,23.548148347421865,0,0
2024-02-01 23:00:00,26.6,84.4,440.0,0.0,0.5432735710671357,23.480000000000004,0,0
2024-02-02 00:00:00,26.7022225211328,84.32962913144534,440.0,0.0,0.5490155665533517,23.568148347421864,0,0
2024-02-02 01:00:00,27.001923788646685,83.8301270189222,440.0,0.0,0.5765760479560169,23.767949192431125,0,0
2024-02-02 02:00:00,25.97867965644036,78.43553390593274,400.0,0.0,0.7239634736334487,21.665786437626902,0,1
2024-02-02 03:00:00,26.6511112605664,77.4,400.0,0.0,0.7894204517818747,22.08,0,1
2024-02-02 04:00:00,27.32354286469244,76.19409522551261,400.0,0.0,0.8650059419833074,22.56236190979496,0,1
2024-02-02 05:00:00,28.1,74.9,400.0,0.0,0.9543007887800509,23.08,0,1
2024-02-02 06:00:00,28.876457135307565,73.6059047744874,400.0,0.0,1.0497374798722041,23.597638090205045,0,1
2024-02-02 07:00:00,30.59438277128389,71.90280861435807,397.5140430717903,49.71913856419423,1.2334340067776999,24.9749444941555,0,1
2024-02-02 08:00:00,32.142320343559646,70.40396609406727,395.1975,96.04999999999998,1.4185819755515998,26.2231135623731,0,1
2024-02-02 09:00:00,33.414780464672035,69.21152085441845,393.2082393667032,135.8352126659358,1.5851036636254334,27.257084635555724,0,1
2024-02-02 10:00:00,34.32504708020702,68.40673606788475,391.6818259966505,166.36348006699066,1.7111823769635255,28.00639429378397,0,1
2024-02-02 11:00:00,34.8110870246026,68.04445648769871,390.7222824384935,185.55435123013,1.778082483746304,28.41997832214234,0,1
2024-02-02 12:00:00,34.839777478867205,68.14937086855466,390.395,192.1,1.7750609608501788,28.469651652578136,0,1
2024-02-02 13:00:00,32.19807621135332,75.1698729810778,440.0,185.55435123013,1.193895922470413,27.23205080756888,0,0
2024-02-02 14:00:00,31.721320343559643,75.96446609406726,440.0,166.36348006699066,1.124961008105328,26.914213562373096,0,0
2024-02-02 15:00:00,31.1,77.0,440.0,135.8352126659358,1.0391934481828513,26.5,0,0
2024-02-02 16:00:00,30.376457135307565,78.2059047744874,440.0,96.04999999999998,0.9448936988913638,26.017638090205043,0,0
2024-02-02 17:00:00,29.6,79.5,440.0,49.71913856419429,0.8500697382746111,25.5,0,0
2024-02-02 18:00:00,28.82354286469244,80.7940952255126,440.0,2.352546501162065e-14,0.761516253943587,24.98236190979496,0,0
2024-02-02 19:00:00,28.1,82.0,440.0,0.0,0.6843591313960529,24.5,0,0
2024-02-02 20:00:00,27.47867965644036,83.03553390593274,440.0,0.0,0.622035733709836,24.085786437626908,0,0
2024-02-02 21:00:00,27.001923788646685,83.8301270189222,440.0,0.0,0.5765760479560169,23.767949192431125,0,0
2024-02-02 22:00:00,26.7022225211328,84.32962913144534,440.0,0.0,0.5490155665533517,23.568148347421864,0,0
2024-02-02 23:00:00,26.6,84.5,440.0,0.0,0.5397910481756801,23.5,0,0
2024-02-03 00:00:00,26.802222521132794,81.62962913144534,440.0,0.0,0.6474048938484391,23.128148347421863,0,0
2024-02-03 01:00:00,27.101923788646683,81.1301270189222,440.0,0.0,0.6768085728605068,23.327949192431124,0,0
2024-02-03 02:00:00,26.07867965644036,75.73553390593274,400.0,0.0,0.8194366840941617,21.225786437626905,0,1
2024-02-03 03:00:00,26.7,74.7,400.0,0.0,0.8862763266630904,21.64,0,1
2024-02-03 04:00:00,27.42354286469244,73.49409522551261,400.0,0.0,0.9687634202638106,22.12236190979496,0,1
2024-02-03 05:00:00,28.2,72.2,400.0,0.0,1.0631198210190262,22.64,0,1
2024-02-03 06:00:00,28.97645713530756,70.9059047744874,400.0,0.0,1.1638310144755413,23.15763809020504,0,1
2024-02-03 07:00:00,30.681888739433603,69.1652798528182,397.326399264091,53.47201471818078,1.3603868850706216,24.60249626492725,0,1
2024-02-03 08:00:00,32.387320343559644,67.63146609406726,394.835,103.29999999999998,1.5730583018125002,25.913613562373097,0,1
2024-02-03 09:00:00,33.71984143121613,66.4089903711464,392.6955869503429,146.08826099314072,1.7591090685718485,27.00163950544541,0,1
2024-02-03 10:00:00,34.6761944473045,65.58116238433601,391.0539575789068,178.920848421865,1.9008938301490514,27.792426924171707,0,1
2024-02-03 11:00:00,35.19120551422643,65.20439724288678,390.0219862144339,199.5602757113215,1.9772166372729663,28.23208496280379,0,1
2024-02-03 12:00:00,35.229777478867206,65.30437086855466,389.67,206.6,1.9757368544326215,28.290651652578138,0,1
2024-02-03 13:00:00,32.29807621135332,72.4698729810778,440.0,199.5602757113215,1.3312063512888896,26.79205080756888,0,0
2024-02-03 14:00:00,31.82132034355964,73.26446609406726,440.0,178.92084842186503,1.2584352769144609,26.47421356237309,0,0
2024-02-03 15:00:00,31.2,74.3,440.0,146.08826099314072,1.1678078937678693,26.06,0,0
2024-02-03 16:00:00,30.47645713530756,75.50590477448739,440.0,103.29999999999998,1.0680426532417189,25.57763809020504,0,0
2024-02-03 17:00:00,29.7,76.8,440.0,53.47201471818084,0.9675785496227076,25.06,0,0
2024-02-03 18:00:00,28.92354286469244,78.0940952255126,440.0,2.5301202870384323e-14,0.8736103008816503,24.542361909794955,0,0
2024-02-03 19:00:00,28.2,79.3,440.0,0.0,0.7916036077371887,24.06,0,0
2024-02-03 20:00:00,27.57867965644036,80.33553390593273,440.0,0.0,0.7252621638293806,23.645786437626903,0,0
2024-02-03 21:00:00,27.101923788646683,81.1301270189222,440.0,0.0,0.6768085728605068,23.327949192431124,0,0
2024-02-03 22:00:00,26.802222521132794,81.62962913144534,440.0,0.0,0.6474048938484391,23.128148347421863,0,0
2024-02-03 23:00:00,26.7,78.77962913144535,440.0,0.0,0.743364124261307,23.06,0,0
2024-02-04 00:00:00,26.4022225211328,75.92962913144534,440.0,0.0,0.8285496492386062,21.588148347421864,0,0
2024-02-04 01:00:00,26.701923788646685,75.43012701892219,440.0,0.0,0.8607968443273107,21.78794919243112,0,0
2024-02-04 02:00:00,25.67867965644036,70.03553390593274,400.0,0.0,0.9882632005421237,19.685786437626906,0,1
2024-02-04 03:00:00,26.3,69.0,400.0,0.0,1.0606695470360479,20.1,0,1
2024-02-04 04:00:00,27.02354286469244,67.7940952255126,400.0,0.0,1.1498369736754936,20.58236190979496,0,1
2024-02-04 05:00:00,27.8,66.5,400.0,0.0,1.2516052051536637,21.1,0,1
2024-02-04 06:00:00,28.576457135307564,65.2059047744874,400.0,0.0,1.3599868217165778,21.61763809020504,0,1
2024-02-04 07:00:00,30.67484676758459,63.3125766162077,396.56288308103854,68.74233837922951,1.6179500406151104,23.33736209082613,0,1
2024-02-04 08:00:00,32.57732034355964,61.63646609406725,393.36,132.79999999999998,1.884458726288236,24.904613562373093,0,1
2024-02-04 09:00:00,34.15422743301626,60.29179737024633,390.60962194584266,187.80756108314705,2.130388085627475,26.212586907065525,0,1
2024-02-04 10:00:00,35.29810442377014,59.37020739610318,388.49918263774265,230.0163472451469,2.322393822802703,27.172145902990778,0,1
2024-02-04 11:00:00,35.93099798924753,58.93450100537623,387.1725050268812,256.5498994623766,2.4304789557298565,27.71789819032277,0,1
2024-02-04 12:00:00,36.00977747886721,59.01437086855465,386.72,265.6,2.436261845555449,27.812651652578136,0,1
2024-02-04 13:00:00,31.89807621135332,66.76987298107781,440.0,256.5498994623766,1.570940350890725,25.25205080756888,0,0
2024-02-04 14:00:00,31.421320343559643,67.56446609406726,440.0,230.01634724514693,1.4925152917971243,24.93421356237309,0,0
2024-02-04 15:00:00,30.8,68.6,440.0,187.80756108314705,1.3946910050988097,24.52,0,0
2024-02-04 16:00:00,30.076457135307564,69.80590477448739,440.0,132.79999999999998,1.2867842182813154,24.037638090205043,0,0
2024-02-04 17:00:00,29.3,71.1,440.0,68.7423383792296,1.1778626204649245,23.52,0,0
2024-02-04 18:00:00,28.52354286469244,72.3940952255126,440.0,3.2526618985353703e-14,1.0757184501810375,23.00236190979496,0,0
2024-02-04 19:00:00,27.8,73.6,440.0,0.0,0.9863396243599024,22.52,0,0
2024-02-04 20:00:00,27.17867965644036,74.63553390593273,440.0,0.0,0.9138526533579383,22.105786437626904,0,0
2024-02-04 21:00:00,26.701923788646685,75.43012701892219,440.0,0.0,0.8607968443273107,21.78794919243112,0,0
2024-02-04 22:00:00,26.4022225211328,75.92962913144534,440.0,0.0,0.8285496492386062,21.588148347421864,0,0
2024-02-04 23:00:00,26.3,76.1,440.0,0.0,0.8177420056181146,21.52,0,0
2024-02-05 00:00:00,25.7022225211328,76.12962913144534,440.0,0.0,0.7883717994991182,20.928148347421864,0,0
2024-02-05 01:00:00,26.001923788646685,75.6301270189222,440.0,0.0,0.8192717800760245,21.127949192431124,0,0
2024-02-05 02:00:00,24.97867965644036,70.23553390593274,400.0,0.0,0.9416753840447194,19.025786437626905,0,1
2024-02-05 03:00:00,25.6,69.2,400.0,0.0,1.0110935202912938,19.44,0,1
2024-02-05 04:00:00,26.32354286469244,67.99409522551261,400.0,0.0,1.0966082189710846,19.92236190979496,0,1
2024-02-05 05:00:00,27.1,66.7,400.0,0.0,1.1942414185949015,20.44,0,1
2024-02-05 06:00:00,27.876457135307565,65.4059047744874,400.0,0.0,1.2982558051208624,20.957638090205045,0,1
2024-02-05 07:00:00,30.04110444313084,63.479447778434576,396.39723889217294,72.05522215654177,1.5532479437965707,22.736993998817752,0,1
2024-02-05 08:00:00,32.005320343559646,61.772466094067255,393.04,139.19999999999996,1.8181799143510344,24.3598135623731,0,1
2024-02-05 09:00:00,33.63524676900001,60.40128770225446,390.1570736058833,196.85852788233484,2.0639554365629365,25.53574585919791,0,1
2024-02-05 10:00:00,34.81980692713896,59.45935614441878,387.94492637932063,241.1014724135877,2.2568668175040454,26.71167815602272,0,1
2024-02-05 11:00:00,35.47827500077753,59.01086249961123,386.55431249805616,268.9137500388766,2.3663147332478824,27.280447500699776,0,1
2024-02-05 12:00:00,35.565777478867204,59.08637086855465,386.08,278.4,2.373362573097884,27.383051652578136,0,1
2024-02-05 13:00:00,31.19807621135332,66.9698729810778,440.0,268.9137500388766,1.5007247056711868,24.59205080756888,0,0
2024-02-05 14:00:00,30.721320343559643,67.76446609406726,440.0,241.1014724135877,1.4253922864082182,24.27421356237309,0,0
2024-02-05 15:00:00,30.1,68.8,440.0,196.85852788233484,1.3314484886167162,23.86,0,0
2024-02-05 16:00:00,29.376457135307565,70.05,440.0,139.19999999999996,1.2260484948997095,23.377638090205043,0,0
2024-02-05 17:00:00,28.6,71.3,440.0,72.05522215654184,1.1233206687211152,22.86,0,0
2024-02-05 18:00:00,27.82354286469244,72.5940952255126,440.0,3.409416688826231e-14,1.0253281373679144,22.34236190979496,0,0
2024-02-05 19:00:00,27.1,73.8,440.0,0.0,0.9396133683839767,21.86,0,0
2024-02-05 20:00:00,26.47867965644036,74.83553390593273,440.0,0.0,0.8701212843060594,21.445786437626907,0,0
2024-02-05 21:00:00,26.001923788646685,75.6301270189222,440.0,0.0,0.8192717800760245,21.127949192431124,0,0
2024-02-05 22:00:00,25.7022225211328,76.12962913144534,440.0,0.0,0.7883717994991182,20.928148347421864,0,0
2024-02-05 23:00:00,25.6,76.3,440.0,0.0,0.7780167672371321,20.86,0,0
2024-02-06 00:00:00,25.5022225211328,77.22962913144535,440.0,0.0,0.7431764092221812,20.948148347421863,0,0
2024-02-06 01:00:00,25.801923788646683,76.7301270189222,440.0,0.0,0.7730905446101428,21.147949192431124,0,0
2024-02-06 02:00:00,24.77867965644036,71.33553390593275,400.0,0.0,0.8961246213940879,19.04578643762691,0,1
2024-02-06 03:00:00,25.4,70.30000000000001,400.0,0.0,0.9634805447331268,19.46,0,1
2024-02-06 04:00:00,26.123542864692435,69.09409522551262,400.0,0.0,1.0464946280810226,19.94236190979496,0,1
2024-02-06 05:00:00,26.9,67.80000000000001,400.0,0.0,1.1413214880005085,20.46,0,1
2024-02-06 06:00:00,27.67645713530756,66.5059047744874,400.0,34.00882252647123,1.2423975406257628,20.97763809020504,0,1
2024-02-06 07:00:00,29.760352901058848,64.61982354947058,396.59911774735286,68.01764505294246,1.48069183502312,22.684317610952967,0,1
2024-02-06 08:00:00,31.64932034355964,62.95046609406727,393.43,131.39999999999998,1.7270118511845336,24.23941356237309,0,1
2024-02-06 09:00:00,33.21462945326981,61.61159636011956,390.7086168952088,185.8276620958247,1.9543623331116147,25.53694872529372,0,1
2024-02-06 10:00:00,34.34960700115821,60.69445610740915,388.62042619427245,227.5914761145505,2.1318076856222246,26.488498222640043,0,1
2024-02-06 11:00:00,34.976906142975345,60.26154692851233,387.3077346425616,253.8453071487672,2.2315161482905426,27.02921552867781,0,1
2024-02-06 12:00:00,35.053777478867204,60.34237086855466,386.86,262.8,2.2364583595453853,27.122251652578136,0,1
2024-02-06 13:00:00,30.998076211353315,68.06987298107782,440.0,253.8453071487672,1.4343333097341744,24.61205080756888,0,0
2024-02-06 14:00:00,30.52132034355964,68.86446609406727,440.0,227.5914761145505,1.361121524934897,24.29421356237309,0,0
2024-02-06 15:00:00,29.9,69.9,440.0,185.8276620958247,1.2698553073556331,23.88,0,0
2024-02-06 16:00:00,29.17645713530756,71.1059047744874,440.0,131.39999999999998,1.1692592335592227,23.39763809020504,0,0
2024-02-06 17:00:00,28.4,72.4,440.0,68.01764505294253,1.0678063857619395,22.88,0,0
2024-02-06 18:00:00,27.623542864692435,73.69409522551261,440.0,3.2183717881592446e-14,0.9727561548868027,22.36236190979496,0,0
2024-02-06 19:00:00,26.9,74.9,440.0,0.0,0.8896636443730672,21.88,0,0
2024-02-06 20:00:00,26.27867965644036,75.93553390593274,440.0,0.0,0.8223344520178918,21.465786437626903,0,0
2024-02-06 21:00:00,25.801923788646683,76.7301270189222,440.0,0.0,0.7730905446101428,21.147949192431124,0,0
2024-02-06 22:00:00,25.5022225211328,77.22962913144535,440.0,0.0,0.7431764092221812,20.948148347421863,0,0
2024-02-06 23:00:00,25.4,77.4,440.0,0.0,0.7331535458238609,20.88,0,0
2024-02-07 00:00:00,25.302222521132794,78.82962913144534,440.0,0.0,0.682798140051193,21.06814834742186,0,0
2024-02-07 01:00:00,25.601923788646683,78.3301270189222,440.0,0.0,0.7114534920596671,21.267949192431125,0,0
2024-02-07 02:00:00,24.57867965644036,72.93553390593274,400.0,0.0,0.8360601793033342,20.42397459621556,0,1
2024-02-07 03:00:00,25.2,71.9,400.0,0.0,0.9008051402593082,19.58,0,1
2024-02-07 04:00:00,25.92354286469244,70.69409522551261,400.0,0.0,0.9806567892159177,20.06236190979496,0,1
2024-02-07 05:00:00,26.7,69.4,400.0,0.0,1.0719389563593107,20.58,0,1
2024-02-07 06:00:00,27.47645713530756,68.1059047744874,400.0,0.0,1.1693082162931232,21.09763809020504,0,1
2024-02-07 07:00:00,29.65508067156637,66.17245966421682,396.3622983210841,72.75403357831858,1.4071714507412894,22.889572604409736,0,1
2024-02-07 08:00:00,31.63232034355964,64.45896609406726,392.9725,140.54999999999998,1.6551002539885389,24.52411356237309,0,1
2024-02-07 09:00:00,33.27343053518408,63.082195819162415,390.0616141904231,198.7677161915385,1.8856918371573212,25.889869699016565,0,1
2024-02-07 10:00:00,34.46657229894332,62.1359734585166,387.8280129498097,243.4397410038057,2.0670018301787727,26.89376699064664,0,1
2024-02-07 11:00:00,35.13043499539714,61.684782502301424,386.4239125115071,271.52174976985714,2.1699223268076535,27.467391495857424,0,1
2024-02-07 12:00:00,35.21977747886721,61.759370868554655,385.945,281.1,2.1764050305778744,27.57165165257814,0,1
2024-02-07 13:00:00,30.798076211353315,69.6698729810778,440.0,271.52174976985714,1.3470227925348215,24.732050807568875,0,0
2024-02-07 14:00:00,30.32132034355964,70.46446609406726,440.0,243.4397410038057,1.2764947907410367,24.41421356237309,0,0
2024-02-07 15:00:00,29.7,71.5,440.0,198.7677161915385,1.1886202010451368,24.0,0,0
2024-02-07 16:00:00,28.97645713530756,72.7059047744874,440.0,140.54999999999998,1.0918268565933962,23.51763809020504,0,0
2024-02-07 17:00:00,28.2,74.0,440.0,72.75403357831867,0.9942847246940532,23.0,0,0
2024-02-07 18:00:00,27.42354286469244,75.2940952255126,440.0,3.4424821524032104e-14,0.9029752809299185,22.48236190979496,0,0
2024-02-07 19:00:00,26.7,76.5,440.0,0.0,0.823221093936072,22.0,0,0
2024-02-07 20:00:00,26.07867965644036,77.53553390593274,440.0,0.0,0.7586487802659324,21.585786437626904,0,0
2024-02-07 21:00:00,25.601923788646683,78.3301270189222,440.0,0.0,0.7114534920596671,21.267949192431125,0,0
2024-02-07 22:00:00,25.302222521132794,78.82962913144534,440.0,0.0,0.682798140051193,21.06814834742186,0,0
2024-02-07 23:00:00,25.2,79.0,440.0,0.0,0.6731995710122944,21.0,0,0
2024-02-08 00:00:00,25.602222521132795,74.92962913144534,440.0,0.0,0.8231113699052134,20.588148347421864,0,0
2024-02-08 01:00:00,25.901923788646684,74.43012701892219,440.0,0.0,0.8545452930124017,20.78794919243112,0,0
2024-02-08 02:00:00,25.700961894323342,69.03553390593274,400.0,0.0,1.0225936066393169,18.685786437626906,0,1
2024-02-08 03:00:00,25.5,68.0,400.0,0.0,1.044274118183835,19.1,0,1
2024-02-08 04:00:00,26.22354286469244,66.7940952255126,400.0,0.0,1.1310316424230067,19.58236190979496,0,1
2024-02-08 05:00:00,27.0,65.5,400.0,0.0,1.2300423606547417,20.1,0,1
2024-02-08 06:00:00,27.776457135307563,64.2059047744874,400.0,0.0,1.335480832536854,20.61763809020504,0,1
2024-02-08 07:00:00,29.96180996673904,62.26909501663047,396.3454750831524,73.09049833695185,1.5974433182875705,22.41562897006513,0,1
2024-02-08 08:00:00,31.94532034355964,60.552466094067256,392.94,141.19999999999996,1.8698538797630373,24.05581356237309,0,1
2024-02-08 09:00:00,33.59181531149493,59.17300343100699,390.01565224964594,199.68695500708105,2.1228214586846472,25.42641599769633,0,1
2024-02-08 10:00:00,34.78908895944171,58.22471512826739,387.7717212985637,244.56557402872545,2.321647618792706,26.434031985095192,0,1
2024-02-08 11:00:00,35.45554906688066,57.77222546655966,386.36112733279833,272.7774533440329,2.4347718963227125,27.00999416019259,0,1
2024-02-08 12:00:00,35.54577747886721,61.771049223818736,385.88,282.4,2.215186737969757,27.11505165257814,0,1
2024-02-08 13:00:00,31.09807621135332,65.76987298107781,440.0,272.7774533440329,1.5464274298914091,24.25205080756888,0,0
2024-02-08 14:00:00,30.62132034355964,66.56446609406726,440.0,236.23220417555697,1.4700403265429316,23.93421356237309,0,0
2024-02-08 15:00:00,30.0,67.6,440.0,199.68695500708105,1.3747530790379205,23.52,0,0
2024-02-08 16:00:00,29.276457135307563,68.80590477448739,440.0,141.19999999999996,1.2696370818731804,23.037638090205043,0,0
2024-02-08 17:00:00,28.5,70.1,440.0,73.09049833695192,1.1635224798243797,22.52,0,0
2024-02-08 18:00:00,27.72354286469244,71.3940952255126,440.0,3.458402560792125e-14,1.0639993978793214,22.00236190979496,0,0
2024-02-08 19:00:00,27.0,72.6,440.0,0.0,0.9769032081721718,21.52,0,0
2024-02-08 20:00:00,26.37867965644036,73.63553390593273,440.0,0.0,0.9062585460301767,21.105786437626904,0,0
2024-02-08 21:00:00,25.901923788646684,74.43012701892219,440.0,0.0,0.8545452930124017,20.78794919243112,0,0
2024-02-08 22:00:00,25.602222521132795,74.92962913144534,440.0,0.0,0.8231113699052134,20.588148347421864,0,0
2024-02-08 23:00:00,25.5,75.1,440.0,0.0,0.8125757982117972,20.52,0,0
2024-02-09 00:00:00,25.802222521132794,79.92962913144534,440.0,0.0,0.6668058900254257,21.78814834742186,0,0
2024-02-09 01:00:00,26.101923788646683,79.43012701892219,440.0,0.0,0.6956208722240238,21.987949192431124,0,0
2024-02-09 02:00:00,25.07867965644036,74.03553390593274,400.0,0.0,0.826359152076763,19.885786437626905,0,1
2024-02-09 03:00:00,25.7,73.0,400.0,0.0,0.8916173081793786,20.3,0,1
2024-02-09 04:00:00,26.42354286469244,71.7940952255126,400.0,0.0,0.9721234756706296,20.8,0,1
2024-02-09 05:00:00,27.2,70.5,400.0,0.0,1.0641795492450266,21.3,0,1
2024-02-09 06:00:00,27.97645713530756,69.2059047744874,400.0,0.0,1.162400699741152,21.81763809020504,0,1
2024-02-09 07:00:00,30.0158887394336,67.29238873068971,396.4619436534485,70.76112693102917,1.389070492389109,23.573700284758523,0,1
2024-02-09 08:00:00,32.05532034355964,65.59746609406726,393.165,136.69999999999996,1.6408837173893225,25.174813562373096,0,1
2024-02-09 09:00:00,33.66453609088136,64.23664304131378,390.3338503011799,193.3229939764021,1.8671001232324411,26.511864699144112,0,1
2024-02-09 10:00:00,34.833204386760514,63.30265741460799,388.1614327302667,236.7713453946655,2.0444283992854393,27.493735869682112,0,1
2024-02-09 11:00:00,35.48168241814862,62.85915879092568,386.7957939546285,264.08412090743127,2.1445539046841855,28.05351417633376,0,1
2024-02-09 12:00:00,35.565777478867204,62.93637086855465,386.33,273.4,2.150027559792892,28.15305165257813,0,1
2024-02-09 13:00:00,31.298076211353315,70.7698729810778,440.0,264.08412090743127,1.3356399682800677,25.45205080756888,0,0
2024-02-09 14:00:00,30.82132034355964,71.56446609406726,440.0,236.7713453946656,1.264554715004912,25.13421356237309,0,0
2024-02-09 15:00:00,30.2,72.6,440.0,193.3229939764021,1.1760033536405443,24.72,0,0
2024-02-09 16:00:00,29.47645713530756,73.80590477448739,440.0,136.69999999999996,1.0784896062476992,24.23763809020504,0,0
2024-02-09 17:00:00,28.7,75.1,440.0,70.76112693102924,0.9802516222344816,23.72,0,0
2024-02-09 18:00:00,27.92354286469244,76.3940952255126,440.0,3.3481843488688636e-14,0.8883221874846443,23.20236190979496,0,0
2024-02-09 19:00:00,27.2,77.6,440.0,0.0,0.8080549797657153,22.72,0,0
2024-02-09 20:00:00,26.57867965644036,78.63553390593273,440.0,0.0,0.7430894813637002,22.305786437626903,0,0
2024-02-09 21:00:00,26.101923788646683,79.43012701892219,440.0,0.0,0.6956208722240238,21.987949192431124,0,0
2024-02-09 22:00:00,25.802222521132794,79.92962913144534,440.0,0.0,0.6668058900254257,21.78814834742186,0,0
2024-02-09 23:00:00,25.7,80.1,440.0,0.0,0.6571549789914681,21.72,0,0
2024-02-10 00:00:00,26.0022225211328,78.72962913144535,440.0,0.0,0.7150846600069307,21.748148347421864,0,0
2024-02-10 01:00:00,26.301923788646683,78.2301270189222,440.0,0.0,0.7449439158405194,21.947949192431125,0,0
2024-02-10 02:00:00,25.27867965644036,72.83553390593275,400.0,0.0,0.8748978626720866,19.845786437626906,0,1
2024-02-10 03:00:00,25.9,71.80000000000001,400.0,0.0,0.9423369006717124,20.26,0,1
2024-02-10 04:00:00,26.623542864692435,70.59409522551262,400.0,0.0,1.0254869496386418,20.74236190979496,0,1
2024-02-10 05:00:00,27.4,69.30000000000001,400.0,0.0,1.1205093716148415,21.26,0,1
2024-02-10 06:00:00,28.17645713530756,68.0059047744874,400.0,0.0,1.2218355706874182,21.777638090205045,0,1
2024-02-10 07:00:00,30.064168064871136,66.21791596756444,397.08957983782216,58.20840324355692,1.438679918650594,23.307751258384023,0,1
2024-02-10 08:00:00,31.77032034355964,64.63996609406728,394.3775,112.45,1.6595914061877266,24.69831356237309,0,1
2024-02-10 09:00:00,33.178642513130406,63.37958983018926,392.04858424555727,159.02831508885455,1.8605993188760501,25.854560479168256,0,1
2024-02-10 10:00:00,34.19315974508961,62.52267973544346,390.261544334444,194.76911331112024,2.015056576867877,26.6976956921783,0,1
2024-02-10 11:00:00,34.74473436664823,62.12763281667589,389.1381640833794,217.23671833241147,2.099581959016567,27.17026092998341,0,1
2024-02-10 12:00:00,34.7957774788672,62.22137086855466,388.755,224.9,2.100312282398315,27.24005165257813,0,1
2024-02-10 13:00:00,31.498076211353315,69.56987298107781,440.0,217.23671833241147,1.4063479733912638,25.412050807568875,0,0
2024-02-10 14:00:00,31.02132034355964,70.36446609406727,440.0,194.76911331112024,1.3330205946025084,25.09421356237309,0,0
2024-02-10 15:00:00,30.4,71.4,440.0,159.02831508885455,1.2416377223714021,24.68,0,0
2024-02-10 16:00:00,29.67645713530756,72.6059047744874,440.0,112.45,1.1409520188507798,24.19763809020504,0,0
2024-02-10 17:00:00,28.9,73.9,440.0,58.20840324355698,1.0394552502375927,23.68,0,0
2024-02-10 18:00:00,28.123542864692435,75.19409522551261,440.0,2.754230651282397e-14,0.9444119291458107,23.16236190979496,0,0
2024-02-10 19:00:00,27.4,76.4,440.0,0.0,0.8613687677560348,22.68,0,0
2024-02-10 20:00:00,26.77867965644036,77.43553390593274,440.0,0.0,0.7941130227222686,22.265786437626907,0,0
2024-02-10 21:00:00,26.301923788646683,78.2301270189222,440.0,0.0,0.7449439158405194,21.947949192431125,0,0
2024-02-10 22:00:00,26.0022225211328,78.72962913144535,440.0,0.0,0.7150846600069307,21.748148347421864,0,0
2024-02-10 23:00:00,25.9,78.9,440.0,0.0,0.7050818653962104,21.68,0,0
2024-02-11 00:00:00,26.302222521132794,78.02962913144535,440.0,0.0,0.7518180048459657,21.908148347421864,0,0
2024-02-11 01:00:00,26.601923788646683,77.5301270189222,440.0,0.0,0.7826070602399331,22.10794919243112,0,0
2024-02-11 02:00:00,25.57867965644036,72.13553390593275,400.0,0.0,0.9135709328195224,20.005786437626902,0,1
2024-02-11 03:00:00,26.2,71.10000000000001,400.0,0.0,0.9830007301559736,20.42,0,1
2024-02-11 04:00:00,26.92354286469244,69.89409522551261,400.0,0.0,1.0685726443810055,20.90236190979496,0,1
2024-02-11 05:00:00,27.7,68.60000000000001,400.0,0.0,1.1663226616140112,21.42,0,1
2024-02-11 06:00:00,28.47645713530756,67.3059047744874,400.0,0.0,1.270514911541839,21.93763809020504,0,1
2024-02-11 07:00:00,30.38642650274996,65.50678674862503,397.0339337431251,59.32132513749775,1.4963231442285552,23.48778385247496,0,1
2024-02-11 08:00:00,32.11332034355964,63.91846609406726,394.27,114.59999999999998,1.7266125130491952,24.897013562373097,0,1
2024-02-11 09:00:00,33.53945369631245,62.649184238598245,391.89655628760215,162.0688742479567,1.9364037111946342,26.0692905440321,0,1
2024-02-11 10:00:00,34.56763792981507,61.785440643080726,390.0753488726304,198.4930225473933,2.097864833942229,26.737157066485135,0,1
2024-02-11 11:00:00,35.127803987709086,61.38609800614546,388.9304900307273,221.39019938545445,2.186520175173341,27.40502358893817,0,1
2024-02-11 12:00:00,35.181777478867204,61.478370868554656,388.54,229.2,2.1878046410449983,27.477451652578136,0,1
2024-02-11 13:00:00,31.798076211353315,68.8698729810778,440.0,221.39019938545445,1.4633616243229601,25.57205080756888,0,0
2024-02-11 14:00:00,31.32132034355964,69.66446609406727,440.0,198.4930225473933,1.387981665444583,25.254213562373096,0,0
2024-02-11 15:00:00,30.7,70.7,440.0,162.0688742479567,1.294013706764574,24.84,0,0
2024-02-11 16:00:00,29.97645713530756,71.9059047744874,440.0,114.59999999999998,1.1904419781690623,24.357638090205043,0,0
2024-02-11 17:00:00,29.2,73.2,440.0,59.321325137497816,1.085991778102746,23.84,0,0
2024-02-11 18:00:00,28.42354286469244,74.49409522551261,440.0,2.806890463645733e-14,0.9881381203473357,23.32236190979496,0,0
2024-02-11 19:00:00,27.7,75.7,440.0,0.0,0.9026000215675312,22.84,0,0
2024-02-11 20:00:00,27.07867965644036,76.73553390593274,440.0,0.0,0.8332937699456624,22.425786437626904,0,0
2024-02-11 21:00:00,26.601923788646683,77.5301270189222,440.0,0.0,0.7826070602399331,22.10794919243112,0,0
2024-02-11 22:00:00,26.302222521132794,78.02962913144535,440.0,0.0,0.7518180048459657,21.908148347421864,0,0
2024-02-11 23:00:00,26.2,78.2,440.0,0.0,0.7415022808789006,21.84,0,0
2024-02-12 00:00:00,25.602222521132795,76.42962913144534,440.0,0.0,0.7738633128528766,20.88814834742186,0,0
2024-02-12 01:00:00,25.901923788646684,75.93012701892219,440.0,0.0,0.8044152849178299,21.08794919243112,0,0
2024-02-12 02:00:00,24.87867965644036,70.53553390593274,400.0,0.0,0.9266450295687201,18.985786437626903,0,1
2024-02-12 03:00:00,25.5,69.5,400.0,0.0,0.9953237688939681,19.4,0,1
2024-02-12 04:00:00,26.22354286469244,68.2940952255126,400.0,0.0,1.0799399021088565,19.88236190979496,0,1
2024-02-12 05:00:00,27.0,67.0,400.0,0.0,1.176562258017579,20.4,0,1
2024-02-12 06:00:00,27.776457135307563,65.7059047744874,400.0,0.0,1.2795157009646092,20.91763809020504,0,1
2024-02-12 07:00:00,29.7112731310798,63.8943634344601,396.9718171723005,60.56365655398985,1.5067967966409608,22.49014581797181,0,1
2024-02-12 08:00:00,31.46132034355964,62.29446609406725,394.15,117.0,1.738955947172059,23.92021356237309,0,1
2024-02-12 09:00:00,32.90733594730636,61.01524311310128,391.7268506601174,165.46298679765212,1.9508212580152087,25.11038456992661,0,1
2024-02-12 10:00:00,33.950776368578374,60.14387142369906,389.8675027757221,202.64994448555865,2.1142476325647146,25.979550653318185,0,1
2024-02-12 11:00:00,34.52053286703284,59.73973356648357,388.6986678324179,226.026643351642,2.204402005526798,26.46847958032956,0,1
2024-02-12 12:00:00,34.577777478867205,59.830370868554645,388.3,234.0,2.206432377543665,26.54385165257813,0,1
2024-02-12 13:00:00,31.09807621135332,67.26987298107781,440.0,226.026643351642,1.4786613610259673,24.55205080756888,0,0
2024-02-12 14:00:00,30.62132034355964,68.06446609406726,440.0,195.74481507464708,1.4040907144919292,24.234213562373093,0,0
2024-02-12 15:00:00,30.0,69.1,440.0,165.46298679765212,1.3111071031565353,23.82,0,0
2024-02-12 16:00:00,29.276457135307563,70.30590477448739,440.0,117.0,1.2085852831580126,23.33763809020504,0,0
2024-02-12 17:00:00,28.5,71.6,440.0,60.56365655398992,1.1051517868566014,22.82,0,0
2024-02-12 18:00:00,27.72354286469244,72.8940952255126,440.0,2.865673510004806e-14,1.0082067526404825,22.30236190979496,0,0
2024-02-12 19:00:00,27.0,74.1,440.0,0.0,0.9234231055350091,21.82,0,0
2024-02-12 20:00:00,26.37867965644036,75.13553390593273,440.0,0.0,0.8546971825572728,21.405786437626904,0,0
2024-02-12 21:00:00,25.901923788646684,75.93012701892219,440.0,0.0,0.8044152849178299,21.08794919243112,0,0
2024-02-12 22:00:00,25.602222521132795,76.42962913144534,440.0,0.0,0.7738633128528766,20.88814834742186,0,0
2024-02-12 23:00:00,25.5,76.6,440.0,0.0,0.7636254489219299,20.82,0,0
2024-02-13 00:00:00,26.602222521132795,77.82962913144534,440.0,0.0,0.7721892237590038,22.168148347421862,0,0
2024-02-13 01:00:00,26.901923788646684,77.3301270189222,440.0,0.0,0.803619121183768,22.367949192431123,0,0
2024-02-13 02:00:00,25.87867965644036,71.93553390593274,400.0,0.0,0.9366256811813355,20.265786437626907,0,1
2024-02-13 03:00:00,26.5,70.9,400.0,0.0,1.0074659664101668,20.68,0,1
2024-02-13 04:00:00,27.22354286469244,69.69409522551261,400.0,0.0,1.0947602808164543,21.16236190979496,0,1
2024-02-13 05:00:00,28.0,68.4,400.0,0.0,1.194457995022503,21.68,0,1
2024-02-13 06:00:00,28.776457135307563,67.1059047744874,400.0,0.0,1.3007050788729388,22.197638090205043,0,1
2024-02-13 07:00:00,30.66830916959277,65.31584541520361,397.07922707601807,58.41545847963893,1.5290333973845152,23.7314782526335,0,1
2024-02-13 08:00:00,32.37832034355964,63.73596609406726,394.3575,112.84999999999998,1.7614797504175554,25.125513562373094,0,1
2024-02-13 09:00:00,33.78995622162939,62.47393297593977,392.0202999743098,159.5940005138038,1.9728827496683372,26.284742816817342,0,1
2024-02-13 10:00:00,34.80701615155016,61.61575153221317,390.2269033182926,195.46193363414773,2.1353097522365485,27.1301664579928,0,1
2024-02-13 11:00:00,35.360189179868854,61.21990541006557,389.0995270503279,218.0094589934427,2.2242663776117912,27.60417026188197,0,1
2024-02-13 12:00:00,35.41177747886721,61.31337086855466,388.715,225.7,2.2252234737664165,27.67445165257814,0,1
2024-02-13 13:00:00,32.09807621135332,68.66987298107782,440.0,218.0094589934427,1.4979531364520957,25.83205080756888,0,0
2024-02-13 14:00:00,31.62132034355964,69.46446609406726,440.0,195.4619336341478,1.421114462278997,25.514213562373094,0,0
2024-02-13 15:00:00,31.0,70.5,440.0,159.5940005138038,1.3253147140799821,25.1,0,0
2024-02-13 16:00:00,30.276457135307563,71.75,440.0,112.84999999999998,1.217804623514333,24.61763809020504,0,0
2024-02-13 17:00:00,29.5,73.0,440.0,58.41545847963899,1.113179076732919,24.1,0,0
2024-02-13 18:00:00,28.72354286469244,74.2940952255126,440.0,2.7640278256755762e-14,1.0133588561869884,23.58236190979496,0,0
2024-02-13 19:00:00,28.0,75.5,440.0,0.0,0.9260829391788394,23.1,0,0
2024-02-13 20:00:00,27.37867965644036,76.53553390593274,440.0,0.0,0.8553545566370344,22.685786437626906,0,0
2024-02-13 21:00:00,26.901923788646684,77.3301270189222,440.0,0.0,0.803619121183768,22.367949192431123,0,0
2024-02-13 22:00:00,26.602222521132795,77.82962913144534,440.0,0.0,0.7721892237590038,22.168148347421862,0,0
2024-02-13 23:00:00,26.5,78.0,440.0,0.0,0.7616581189355214,22.1,0,0
2024-02-14 00:00:00,27.0022225211328,75.62962913144534,440.0,0.0,0.868999923443338,22.128148347421863,0,0
2024-02-14 01:00:00,27.301923788646683,75.1301270189222,440.0,0.0,0.9025233310606522,22.32794919243112,0,0
2024-02-14 02:00:00,26.27867965644036,69.73553390593274,400.0,0.0,1.0342017580524885,20.225786437626905,0,1
2024-02-14 03:00:00,26.9,68.7,400.0,0.0,1.1094211979632276,20.64,0,1
2024-02-14 04:00:00,27.623542864692435,67.49409522551261,400.0,0.0,1.2020236220961948,21.12236190979496,0,1
2024-02-14 05:00:00,28.4,66.2,400.0,0.0,1.3076759361867234,21.64,0,1
2024-02-14 06:00:00,29.17645713530756,64.9059047744874,400.0,0.0,1.4201550374072758,22.15763809020504,0,1
2024-02-14 07:00:00,30.94977004693582,63.175114976532086,397.3755748826604,52.48850234679121,1.6496668388288906,23.58479304224224,0,1
2024-02-14 08:00:00,32.54932034355964,61.650466094067255,394.46624999999995,101.4,1.8808051999877207,24.87941356237309,0,1
2024-02-14 09:00:00,33.86610131584595,60.43586042883149,392.8299372387684,143.40125522463185,2.08888030027658,25.95327340161225,0,1
2024-02-14 10:00:00,34.810376516616884,59.61407134967981,391.21850240562577,175.62995188748417,2.2470808061357475,26.733190786552846,0,1
2024-02-14 11:00:00,35.31779515142846,59.24110242428576,390.20551212142885,195.88975757142308,2.332304634192198,27.16601563628561,0,1
2024-02-14 12:00:00,35.3537774788672,59.34237086855465,389.86,195.88975757142308,2.3311299323951036,27.22225165257813,0,1
2024-02-14 13:00:00,32.498076211353315,66.4698729810778,440.0,195.88975757142308,1.6397067820524025,25.79205080756888,0,0
2024-02-14 14:00:00,32.02132034355964,67.26446609406726,440.0,175.62995188748417,1.558377351360878,25.474213562373087,0,0
2024-02-14 15:00:00,31.4,68.3,440.0,143.40125522463185,1.4569057893772717,25.06,0,0
2024-02-14 16:00:00,30.67645713530756,69.50590477448739,440.0,101.4,1.3449420132164198,24.57763809020504,0,0
2024-02-14 17:00:00,29.9,70.8,440.0,52.48850234679127,1.2318862117868605,24.06,0,0
2024-02-14 18:00:00,29.123542864692435,72.0940952255126,440.0,2.4835837086708325e-14,1.1258260422261333,23.542361909794955,0,0
2024-02-14 19:00:00,28.4,73.3,440.0,0.0,1.0329866123131812,23.06,0,0
2024-02-14 20:00:00,27.77867965644036,74.33553390593273,440.0,0.0,0.95766761109977,22.645786437626903,0,0
2024-02-14 21:00:00,27.301923788646683,75.1301270189222,440.0,0.0,0.9025233310606522,22.32794919243112,0,0
2024-02-14 22:00:00,27.0022225211328,75.62962913144534,440.0,0.0,0.868999923443338,22.128148347421863,0,0
2024-02-14 23:00:00,26.9,75.8,440.0,0.0,0.8577633543357863,22.06,0,0
2024-02-15 00:00:00,26.102222521132795,76.12962913144534,440.0,0.0,0.807249574200553,21.328148347421862,0,0
2024-02-15 01:00:00,26.401923788646684,75.6301270189222,440.0,0.0,0.8388443344789432,21.527949192431123,0,0
2024-02-15 02:00:00,25.37867965644036,70.23553390593274,400.0,0.0,0.9643500269247978,19.425786437626904,0,1
2024-02-15 03:00:00,26.0511112605664,69.2,400.0,0.0,1.0384556913555274,19.84,0,1
2024-02-15 04:00:00,26.72354286469244,67.99409522551261,400.0,0.0,1.1227418016845476,20.32236190979496,0,1
2024-02-15 05:00:00,27.5,66.7,400.0,0.0,1.2225329796941367,20.84,0,1
2024-02-15 06:00:00,28.276457135307563,65.4059047744874,400.0,0.0,1.3288296548676362,21.357638090205043,0,1
2024-02-15 07:00:00,30.22939046423697,63.58530476788151,396.9265238394076,61.469523211848674,1.5655452447188398,22.94645141781328,0,1
2024-02-15 08:00:00,31.99632034355964,61.97696609406726,394.0625,118.75,1.8075339698388944,24.39171356237309,0,1
2024-02-15 09:00:00,33.456833421989415,60.69049437575976,391.60310697340975,167.93786053180506,2.02856132606682,25.59493229714137,0,1
2024-02-15 10:00:00,34.51139814684329,59.81356053456661,389.7159483300598,205.68103339880412,2.199245099466774,26.474110253756614,0,1
2024-02-15 11:00:00,35.08814767487308,59.40592616256346,388.5296308128173,229.40738374365367,2.293619068519909,26.96933290738577,0,1
2024-02-15 12:00:00,35.147777478867205,59.49537086855465,388.125,229.40738374365367,2.296113821819407,27.04685165257813,0,1
2024-02-15 13:00:00,31.59807621135332,66.9698729810778,440.0,229.40738374365367,1.5351884039033536,24.99205080756888,0,0
2024-02-15 14:00:00,31.12132034355964,67.76446609406726,440.0,205.6810333988042,1.458243799928572,24.67421356237309,0,0
2024-02-15 15:00:00,30.5,68.8,440.0,167.93786053180506,1.3622791479964584,24.26,0,0
2024-02-15 16:00:00,29.776457135307563,70.00590477448739,440.0,118.75,1.2564416024741276,23.77763809020504,0,0
2024-02-15 17:00:00,29.0,71.3,440.0,61.46952321184874,1.1496294712246595,23.26,0,0
2024-02-15 18:00:00,28.22354286469244,72.5940952255126,440.0,2.908536147974964e-14,1.0494843009283652,22.74236190979496,0,0
2024-02-15 19:00:00,27.5,73.8,440.0,0.0,0.961872794834426,22.26,0,0
2024-02-15 20:00:00,26.87867965644036,74.83553390593273,440.0,0.0,0.8908327391520704,21.845786437626906,0,0
2024-02-15 21:00:00,26.401923788646684,75.6301270189222,440.0,0.0,0.8388443344789432,21.527949192431123,0,0
2024-02-15 22:00:00,26.102222521132795,76.12962913144534,440.0,0.0,0.807249574200553,21.328148347421862,0,0
2024-02-15 23:00:00,26.0,76.3,440.0,0.0,0.7966612393788076,21.26,0,0
2024-02-16 00:00:00,26.602222521132795,75.22962913144535,440.0,0.0,0.8627466615969522,21.648148347421863,0,0
2024-02-16 01:00:00,26.901923788646684,74.7301270189222,440.0,0.0,0.895785924095359,21.847949192431123,0,0
2024-02-16 02:00:00,25.87867965644036,69.33553390593275,400.0,0.0,1.0233982840489266,19.745786437626908,0,1
2024-02-16 03:00:00,26.5,68.30000000000001,400.0,0.0,1.09748010773891,20.160000000000004,0,1
2024-02-16 04:00:00,27.22354286469244,67.09409522551262,400.0,0.0,1.188681803744189,20.64236190979496,0,1
2024-02-16 05:00:00,28.0,65.80000000000001,400.0,0.0,1.2927361844863794,21.160000000000004,0,1
2024-02-16 06:00:00,28.776457135307563,64.5059047744874,400.0,0.0,1.4035148136257793,21.677638090205043,0,1
2024-02-16 07:00:00,30.55494642783788,62.772526786081066,397.3626339304053,52.74732139189373,1.6305661154078008,23.10945178505409,0,1
2024-02-16 08:00:00,32.15932034355964,61.24546609406727,394.905,101.9,1.8593458485187098,24.40841356237309,0,1
2024-02-16 09:00:00,33.48024345146968,60.028789361019626,392.7945818997091,144.1083620058184,2.0654094742685976,25.48600132367361,0,1
2024-02-16 10:00:00,34.42769702469258,59.20541109564197,391.17520113543657,176.4959772912686,2.2221822437832666,26.268779243820973,0,1
2024-02-16 11:00:00,34.93711366795424,58.831443166022886,390.1572158301144,196.8556833977121,2.3067432033954742,26.70340230115882,0,1
2024-02-16 12:00:00,34.973777478867206,58.93237086855466,389.81,203.8,2.305757314778681,26.760251652578138,0,1
2024-02-16 13:00:00,32.09807621135332,66.06987298107782,440.0,196.8556833977121,1.622264096073268,25.31205080756888,0,0
2024-02-16 14:00:00,31.62132034355964,66.86446609406727,440.0,170.48202270176526,1.542117671632003,24.994213562373098,0,0
2024-02-16 15:00:00,31.0,67.9,440.0,144.1083620058184,1.4421221126090649,24.58,0,0
2024-02-16 16:00:00,30.276457135307563,69.1059047744874,440.0,101.9,1.3317866196432326,24.097638090205045,0,0
2024-02-16 17:00:00,29.5,70.4,440.0,52.74732139189378,1.2203740989368292,23.58,0,0
2024-02-16 18:00:00,28.72354286469244,71.69409522551261,440.0,2.4958301766623063e-14,1.1158541018980472,23.06236190979496,0,0
2024-02-16 19:00:00,28.0,72.9,440.0,0.0,1.024361128642716,22.58,0,0
2024-02-16 20:00:00,27.37867965644036,73.93553390593274,440.0,0.0,0.9501328413139902,22.165786437626902,0,0
2024-02-16 21:00:00,26.901923788646684,74.7301270189222,440.0,0.0,0.895785924095359,21.847949192431123,0,0
2024-02-16 22:00:00,26.700961894323342,75.22962913144535,440.0,0.0,0.8677721351187596,21.648148347421863,0,0
2024-02-16 23:00:00,26.5,76.27962913144535,440.0,0.0,0.821218775281649,21.58,0,0
2024-02-17 00:00:00,26.602222521132795,77.32962913144534,440.0,0.0,0.789604115650917,22.068148347421864,0,0
2024-02-17 01:00:00,26.901923788646684,76.8301270189222,440.0,0.0,0.8213435063590739,22.267949192431125,0,0
2024-02-17 02:00:00,25.87867965644036,71.43553390593274,400.0,0.0,0.9533127201943338,20.165786437626902,0,1
2024-02-17 03:00:00,26.5,70.4,400.0,0.0,1.024776378204156,20.58,0,1
2024-02-17 04:00:00,27.22354286469244,69.19409522551261,400.0,0.0,1.112822112148711,21.06236190979496,0,1
2024-02-17 05:00:00,28.0,67.9,400.0,0.0,1.2133576468424792,21.58,0,1
2024-02-17 06:00:00,28.776457135307563,66.6059047744874,400.0,0.0,1.3204761817100237,22.097638090205045,0,1
2024-02-17 07:00:00,30.796165777873423,64.75191711106329,396.7595855553165,64.80828889367119,1.5652687316528853,23.74654920008608,0,1
2024-02-17 08:00:00,32.62532034355964,63.11246609406726,393.74,125.2,1.8168555342754646,25.247813562373096,0,1
2024-02-17 09:00:00,34.13926697153555,61.79927760098669,391.1470230995444,177.05953800911152,2.047805488405985,26.499122491732887,0,1
2024-02-17 10:00:00,35.23483270101967,60.90184325747842,389.15736194461886,216.85276110762345,2.2270591657990217,27.41520135251536,0,1
2024-02-17 11:00:00,35.83735653805566,60.48132173097217,387.90660865486086,241.86782690278272,2.326933391918779,27.933620884250093,0,1
2024-02-17 12:00:00,35.90577747886721,60.56637086855466,387.48,250.4,2.3306667718947582,28.01905165257814,0,1
2024-02-17 13:00:00,32.09807621135332,68.16987298107782,440.0,241.86782690278272,1.5218590902253981,25.73205080756888,0,0
2024-02-17 14:00:00,31.62132034355964,68.96446609406726,440.0,216.85276110762345,1.4443843102314982,25.41421356237309,0,0
2024-02-17 15:00:00,31.0,70.0,440.0,177.05953800911152,1.347777675335575,25.0,0,0
2024-02-17 16:00:00,30.276457135307563,71.2059047744874,440.0,125.2,1.2412595502846453,24.51763809020504,0,0
2024-02-17 17:00:00,29.5,72.5,440.0,64.80828889367126,1.1337935040798248,24.0,0,0
2024-02-17 18:00:00,28.72354286469244,73.7940952255126,440.0,3.0665155850649734e-14,1.0330694803621923,23.48236190979496,0,0
2024-02-17 19:00:00,28.0,75.0,440.0,0.0,0.9449825909988158,23.0,0,0
2024-02-17 20:00:00,27.37867965644036,76.03553390593274,440.0,0.0,0.8735811498441414,22.585786437626908,0,0
2024-02-17 21:00:00,26.901923788646684,76.8301270189222,440.0,0.0,0.8213435063590739,22.267949192431125,0,0
2024-02-17 22:00:00,26.602222521132795,77.32962913144534,440.0,0.0,0.789604115650917,22.068148347421864,0,0
2024-02-17 23:00:00,26.5,77.5,440.0,0.0,0.7789685307295106,22.0,0,0
2024-02-18 00:00:00,26.9022225211328,76.82962913144534,440.0,0.0,0.8213755616802695,22.268148347421864,0,0
2024-02-18 01:00:00,27.201923788646685,76.3301270189222,440.0,0.0,0.8539604581952414,22.467949192431124,0,0
2024-02-18 02:00:00,26.17867965644036,70.93553390593274,400.0,0.0,0.9873514795974323,20.36578643762691,0,1
2024-02-18 03:00:00,26.8,69.9,400.0,0.0,1.060639597435788,20.78,0,1
2024-02-18 04:00:00,27.52354286469244,68.69409522551261,400.0,0.0,1.1509067555344514,21.26236190979496,0,1
2024-02-18 05:00:00,28.3,67.4,400.0,0.0,1.2539464073986666,21.78,0,1
2024-02-18 06:00:00,29.076457135307564,66.1059047744874,400.0,0.0,1.3636985425121315,22.297638090205044,0,1
2024-02-18 07:00:00,31.19192882456136,64.20403558771932,396.5201779385966,69.59644122806782,1.6258223285100548,24.032735942105223,0,1
2024-02-18 08:00:00,33.11032034355964,62.519966094067264,393.2775,134.44999999999996,1.8969988121347439,25.61431356237309,0,1
2024-02-18 09:00:00,34.70089648057457,61.16846284646718,390.49294932694687,190.1410134610626,2.14753645290926,26.93458904986801,0,1
2024-02-18 10:00:00,35.855262100419914,60.2416285577783,388.35628844611824,232.8742310776356,2.3433505937500496,27.903587811975573,0,1
2024-02-18 11:00:00,36.49474909378261,60.06149971316648,387.01312726554346,259.73745468913046,2.4379170243033745,28.45527418440435,0,1
2024-02-18 12:00:00,36.5757774788672,59.881370868554654,386.555,268.9,2.459781262829525,28.55205165257813,0,1
2024-02-18 13:00:00,32.39807621135331,67.66987298107782,440.0,259.73745468913046,1.5721442739295626,25.93205080756888,0,0
2024-02-18 14:00:00,31.921320343559643,68.46446609406726,440.0,232.8742310776356,1.4927899797272133,25.61421356237309,0,0
2024-02-18 15:00:00,31.3,69.5,440.0,190.1410134610626,1.3938177883634886,25.200000000000003,0,0
2024-02-18 16:00:00,30.576457135307564,70.75,440.0,134.44999999999996,1.282727182113309,24.717638090205043,0,0
2024-02-18 17:00:00,29.8,72.0,440.0,69.59644122806789,1.1744971310568542,24.200000000000003,0,0
2024-02-18 18:00:00,29.02354286469244,73.2940952255126,440.0,3.2930752429072334e-14,1.0712087338390872,23.68236190979496,0,0
2024-02-18 19:00:00,28.3,74.5,440.0,0.0,0.9808476499590798,23.200000000000003,0,0
2024-02-18 20:00:00,27.67867965644036,75.53553390593274,440.0,0.0,0.9075789461931223,22.785786437626907,0,0
2024-02-18 21:00:00,27.201923788646685,76.3301270189222,440.0,0.0,0.8539604581952414,22.526967392524384,0,0
2024-02-18 22:00:00,26.9022225211328,76.82962913144534,440.0,0.0,0.8213755616802695,22.268148347421864,0,0
2024-02-18 23:00:00,26.8,77.0,440.0,0.0,0.8104555063462833,22.200000000000003,0,0
2024-02-19 00:00:00,26.602222521132795,75.42962913144534,440.0,0.0,0.8557807048401874,21.688148347421865,0,0
2024-02-19 01:00:00,26.901923788646684,74.93012701892219,440.0,0.0,0.8886961700252369,21.88794919243112,0,0
2024-02-19 02:00:00,25.87867965644036,69.53553390593274,400.0,0.0,1.0167234684437276,19.785786437626903,0,1
2024-02-19 03:00:00,26.5,68.5,400.0,0.0,1.0905559430213148,20.2,0,1
2024-02-19 04:00:00,27.22354286469244,67.2940952255126,400.0,0.0,1.1814570712112868,20.68236190979496,0,1
2024-02-19 05:00:00,28.0,66.0,400.0,0.0,1.2851763237583893,21.2,0,1
2024-02-19 06:00:00,28.776457135307563,64.7059047744874,400.0,0.0,1.3956063724909464,21.717638090205043,0,1
2024-02-19 07:00:00,30.857764710607825,62.82111764469608,396.6055882234804,67.8882355303912,1.656817707121494,23.42198823954704,0,1
2024-02-19 08:00:00,32.74432034355964,61.15296609406725,393.4425,131.14999999999998,1.9262128904695,24.974913562373093,0,1
2024-02-19 09:00:00,34.307558385457945,59.81513189402549,390.72629456473845,185.47410870523143,2.174415024403102,26.27058476426304,0,1
2024-02-19 10:00:00,35.44094674712037,58.89878623442807,390.4174289071252,227.15846341265825,2.367910995119941,27.220703994005984,0,1
2024-02-19 11:00:00,36.06724688471245,58.46637655764377,387.3318827882189,253.36234423562263,2.4766303908576144,27.760522196241208,0,1
2024-02-19 12:00:00,36.14377747886721,58.54737086855465,386.885,262.3,2.482193608650794,27.853251652578138,0,1
2024-02-19 13:00:00,32.09807621135332,66.26987298107781,440.0,253.36234423562263,1.6127017145639475,25.35205080756888,0,0
2024-02-19 14:00:00,31.62132034355964,67.06446609406726,440.0,227.15846341265828,1.5328097324510033,25.034213562373093,0,0
2024-02-19 15:00:00,31.0,68.1,440.0,185.47410870523143,1.4331369281068282,24.62,0,0
2024-02-19 16:00:00,30.276457135307563,69.30590477448739,440.0,131.14999999999998,1.3231649939900343,24.13763809020504,0,0
2024-02-19 17:00:00,29.5,70.6,440.0,67.88823553039127,1.2121283279980675,23.62,0,0
2024-02-19 18:00:00,28.72354286469244,71.8940952255126,440.0,3.2122485541635085e-14,1.1079698522279662,23.10236190979496,0,0
2024-02-19 19:00:00,28.0,73.1,440.0,0.0,1.0168012679147258,22.62,0,0
2024-02-19 20:00:00,27.37867965644036,74.13553390593273,440.0,0.0,0.9428422040311483,22.205786437626905,0,0
2024-02-19 21:00:00,26.901923788646684,74.93012701892219,440.0,0.0,0.8886961700252369,21.88794919243112,0,0
2024-02-19 22:00:00,26.602222521132795,75.42962913144534,440.0,0.0,0.8557807048401874,21.688148347421865,0,0
2024-02-19 23:00:00,26.5,75.6,440.0,0.0,0.8447480955466696,21.62,0,0
2024-02-20 00:00:00,26.7022225211328,78.12962913144534,440.0,0.0,0.7662341978916374,22.328148347421862,0,0
2024-02-20 01:00:00,27.001923788646685,77.6301270189222,440.0,0.0,0.79765208865903,22.527949192431123,0,0
2024-02-20 02:00:00,25.97867965644036,72.23553390593274,400.0,0.0,0.9321102237986322,20.425786437626908,0,1
2024-02-20 03:00:00,26.6,71.2,400.0,0.0,1.0029665927393276,20.840000000000003,0,1
2024-02-20 04:00:00,27.32354286469244,69.99409522551261,400.0,0.0,1.090287731988787,21.32236190979496,0,1
2024-02-20 05:00:00,28.1,68.7,400.0,0.0,1.190024489594247,21.840000000000003,0,1
2024-02-20 06:00:00,28.876457135307565,67.4059047744874,400.0,0.0,1.2963218889833998,22.357638090205043,0,1
2024-02-20 07:00:00,30.82317880715452,65.58841059642275,396.9420529821137,61.158940357725655,1.5304776140332896,23.940860926439065,0,1
2024-02-20 08:00:00,32.58432034355965,63.98296609406726,394.0925,118.15,1.769893037318908,25.3809135623731,0,1
2024-02-20 09:00:00,34.03986285924094,62.69897965713399,391.64553338028094,167.0893323943812,1.9885464087849485,26.418158833703984,0,1
2024-02-20 10:00:00,35.090613537152464,61.82395283941202,389.76790985428687,204.64180291426285,2.1572911548884917,27.45540410503487,0,1
2024-02-20 11:00:00,35.664965455042136,61.417517272478925,388.5875863623946,228.24827275210689,2.250382876330402,27.94846890953792,0,1
2024-02-20 12:00:00,35.723777478867206,61.50737086855465,388.185,236.3,2.2524147169487367,28.02525165257813,0,1
2024-02-20 13:00:00,32.19807621135332,68.9698729810778,440.0,228.24827275210689,1.492007757084696,25.99205080756888,0,0
2024-02-20 14:00:00,31.721320343559643,69.76446609406726,440.0,204.64180291426288,1.4151462928404197,25.674213562373097,0,0
2024-02-20 15:00:00,31.1,70.8,440.0,167.0893323943812,1.3193238559538811,25.26,0,0
2024-02-20 16:00:00,30.376457135307565,72.00590477448739,440.0,118.15,1.2136977429458542,24.777638090205045,0,0
2024-02-20 17:00:00,29.6,73.3,440.0,61.15894035772572,1.1071640005820547,24.26,0,0
2024-02-20 18:00:00,28.82354286469244,74.5940952255126,440.0,2.8938403863851965e-14,1.007346941426846,23.74236190979496,0,0
2024-02-20 19:00:00,28.1,75.8,440.0,0.0,0.9200828322102486,23.26,0,0
2024-02-20 20:00:00,27.47867965644036,76.83553390593273,440.0,0.0,0.8493710077830766,22.845786437626906,0,0
2024-02-20 21:00:00,27.001923788646685,77.6301270189222,440.0,0.0,0.79765208865903,22.527949192431123,0,0
2024-02-20 22:00:00,26.7022225211328,78.12962913144534,440.0,0.0,0.7662341978916374,22.328148347421862,0,0
2024-02-20 23:00:00,26.6,77.37962913144534,440.0,0.0,0.7877595936296605,22.26,0,0
2024-02-21 00:00:00,27.102222521132795,76.62962913144534,440.0,0.0,0.8382432870400409,22.428148347421864,0,0
2024-02-21 01:00:00,27.401923788646684,76.1301270189222,440.0,0.0,0.8713168109731793,22.627949192431124,0,0
2024-02-21 02:00:00,26.37867965644036,70.73553390593274,400.0,0.0,1.0059438487444583,20.525786437626905,0,1
2024-02-21 03:00:00,27.0,69.7,400.0,0.0,1.0802980732706862,20.94,0,1
2024-02-21 04:00:00,27.72354286469244,68.49409522551261,400.0,0.0,1.1718651786744096,21.42236190979496,0,1
2024-02-21 05:00:00,28.5,67.2,400.0,0.0,1.2763724862287507,21.94,0,1
2024-02-21 06:00:00,29.276457135307563,65.9059047744874,400.0,0.0,1.387670559389171,22.457638090205045,0,1
2024-02-21 07:00:00,31.30910673012855,64.04544663493573,396.7272331746786,65.4553365064275,1.6439352716463094,24.118196057115696,0,1
2024-02-21 08:00:00,32.99186452036171,62.39996609406726,393.6775,126.45,1.8904743694320763,25.630313562373093,0,1
2024-02-21 09:00:00,34.67462231059487,61.08159993145703,391.0586347518961,178.82730496207787,2.149209801807951,26.89094229688628,0,1
2024-02-21 10:00:00,35.778133971208895,60.18019262238381,389.0491087691458,219.01782461708453,2.3370474413995717,27.814172495685657,0,1
2024-02-21 11:00:00,36.38565282937011,59.75717358531495,387.7858679265747,244.28264146850532,2.441880494161385,28.337087546433096,0,1
2024-02-21 12:00:00,36.455777478867205,59.841370868554655,387.355,252.9,2.446136207258598,28.424051652578136,0,1
2024-02-21 13:00:00,32.59807621135332,67.4698729810778,440.0,244.28264146850532,1.5997825224371838,26.092050807568874,0,0
2024-02-21 14:00:00,32.121320343559645,68.26446609406726,440.0,219.01782461708456,1.5193291219728644,25.7742135623731,0,0
2024-02-21 15:00:00,31.5,69.3,440.0,178.82730496207787,1.4189751532288302,25.36,0,0
2024-02-21 16:00:00,30.776457135307563,70.50590477448739,440.0,126.45,1.3082791407553154,24.87763809020504,0,0
2024-02-21 17:00:00,30.0,71.8,440.0,65.45533650642757,1.1965443465700418,24.36,0,0
2024-02-21 18:00:00,29.22354286469244,73.0940952255126,440.0,3.0971317550436566e-14,1.0917652692992232,23.84236190979496,0,0
2024-02-21 19:00:00,28.5,74.3,440.0,0.0,1.0000845395146005,23.36,0,0
2024-02-21 20:00:00,27.87867965644036,75.33553390593273,440.0,0.0,0.9257341151179661,22.945786437626907,0,0
2024-02-21 21:00:00,27.401923788646684,76.1301270189222,440.0,0.0,0.8713168109731793,22.627949192431124,0,0
2024-02-21 22:00:00,27.102222521132795,76.62962913144534,440.0,0.0,0.8382432870400409,22.428148347421864,0,0
2024-02-21 23:00:00,27.0,76.8,440.0,0.0,0.8271589207881161,22.36,0,0
2024-02-22 00:00:00,27.7022225211328,76.62962913144534,440.0,0.0,0.8681824417974314,23.028148347421865,0,0
2024-02-22 01:00:00,28.001923788646685,76.1301270189222,440.0,0.0,0.9023656479967924,23.22794919243113,0,0
2024-02-22 02:00:00,26.97867965644036,70.73553390593274,400.0,0.0,1.0420734144376453,21.125786437626907,0,1
2024-02-22 03:00:00,27.6,69.7,400.0,0.0,1.118912933968568,21.540000000000003,0,1
2024-02-22 04:00:00,28.32354286469244,68.49409522551261,400.0,0.0,1.2135209174711843,22.02236190979496,0,1
2024-02-22 05:00:00,29.1,67.2,400.0,0.0,1.3214740908290026,22.540000000000003,0,1
2024-02-22 06:00:00,29.876457135307565,65.9059047744874,400.0,0.0,1.436415111672755,23.05763809020505,0,1
2024-02-22 07:00:00,31.707227874948583,64.1463860625257,397.23193031262855,55.36139374742919,1.6767566912041298,24.53650508745373,0,1
2024-02-22 08:00:00,33.36032034355964,62.59496609406726,394.6525,106.95,1.9198912004984539,25.87931356237309,0,1
2024-02-22 09:00:00,34.72307902126937,61.35737157611978,392.43749297520986,151.25014049580253,2.139716389097647,26.994553336493325,0,1
2024-02-22 10:00:00,35.702634156257034,60.51794252985974,390.7378583065254,185.24283386949145,2.3076273967811143,27.806222662228983,0,1
2024-02-22 11:00:00,36.23223068486463,60.13388465756768,389.6694232878384,206.6115342432317,2.3987903546316907,28.259007616378167,0,1
2024-02-22 12:00:00,36.275777478867205,60.23137086855465,389.305,213.9,2.398638060064665,28.322051652578136,0,1
2024-02-22 13:00:00,33.19807621135332,67.4698729810778,440.0,206.6115342432317,1.654581497924874,26.69205080756888,0,0
2024-02-22 14:00:00,32.72132034355964,68.26446609406726,440.0,185.24283386949145,1.5715595193332488,26.374213562373093,0,0
2024-02-22 15:00:00,32.1,69.3,440.0,151.25014049580253,1.4679850222784163,25.96,0,0
2024-02-22 16:00:00,31.376457135307565,70.50590477448739,440.0,106.95,1.3537138520622913,25.47763809020504,0,0
2024-02-22 17:00:00,30.6,71.8,440.0,55.36139374742925,1.2383443289741365,24.96,0,0
2024-02-22 18:00:00,29.82354286469244,73.0940952255126,440.0,2.619519503376188e-14,1.1301310651368288,24.44236190979496,0,0
2024-02-22 19:00:00,29.1,74.3,440.0,0.0,1.0354232967776027,23.96,0,0
2024-02-22 20:00:00,28.47867965644036,75.33553390593273,440.0,0.0,0.9586016266288406,23.54578643762691,0,0
2024-02-22 21:00:00,28.001923788646685,76.1301270189222,440.0,0.0,0.9023656479967924,23.22794919243113,0,0
2024-02-22 22:00:00,27.7022225211328,76.62962913144534,440.0,0.0,0.8681824417974314,23.028148347421865,0,0
2024-02-22 23:00:00,27.6,76.8,440.0,0.0,0.8567254147878146,22.96,0,0
2024-02-23 00:00:00,28.302222521132794,80.42962913144534,440.0,0.0,0.7528639555347106,24.38814834742186,0,0
2024-02-23 01:00:00,28.601923788646683,79.93012701892219,440.0,0.0,0.785624293542976,24.58794919243112,0,0
2024-02-23 02:00:00,27.57867965644036,74.53553390593274,400.0,0.0,0.9391769749454323,22.485786437626903,0,1
2024-02-23 03:00:00,28.2,73.5,400.0,0.0,1.0134055847843235,22.9,0,1
2024-02-23 04:00:00,28.92354286469244,72.2940952255126,400.0,0.0,1.1049150471259028,23.38236190979496,0,1
2024-02-23 05:00:00,29.7,71.0,400.0,0.0,1.2094731870283848,23.9,0,1
2024-02-23 06:00:00,30.47645713530756,69.7059047744874,400.0,0.0,1.3209463564309565,24.41763809020504,0,1
2024-02-23 07:00:00,32.34190962699232,67.92904518650384,397.1452259325192,57.09548134961607,1.55461281380308,25.92771866429309,0,1
2024-02-23 08:00:00,34.02732034355964,66.36146609406727,394.485,110.29999999999998,1.792044800714174,27.29961356237309,0,1
2024-02-23 09:00:00,35.41783132994836,65.10999542178028,392.2041477374184,155.98775592975238,2.0075142759960176,28.43983041430442,0,1
2024-02-23 10:00:00,36.41868156036414,64.25991882780617,390.4174289071252,191.0452040748472,2.172581994772901,29.27066532592538,0,1
2024-02-23 11:00:00,36.96166474558737,63.86916762720631,389.3458381360316,213.0832372793685,2.262413313339493,29.735498271028632,0,1
2024-02-23 12:00:00,37.0097774788672,63.964370868554646,388.97,220.6,2.26237354787655,29.802651652578128,0,1
2024-02-23 13:00:00,33.79807621135332,71.2698729810778,440.0,213.0832372793685,1.5111320607698973,28.05205080756888,0,0
2024-02-23 14:00:00,33.32132034355964,72.06446609406726,440.0,191.0452040748472,1.430724063742882,27.734213562373093,0,0
2024-02-23 15:00:00,32.7,73.1,440.0,155.98775592975238,1.330505950588506,27.32,0,0
2024-02-23 16:00:00,31.97645713530756,74.30590477448739,440.0,110.29999999999998,1.2200721325968693,26.83763809020504,0,0
2024-02-23 17:00:00,31.2,75.6,440.0,57.095481349616136,1.1087358991414795,26.32,0,0
2024-02-23 18:00:00,30.42354286469244,76.8940952255126,440.0,2.7015708389190612e-14,1.004468908018766,25.80236190979496,0,0
2024-02-23 19:00:00,29.7,78.1,440.0,0.0,0.9133607860662633,25.32,0,0
2024-02-23 20:00:00,29.07867965644036,79.13553390593273,440.0,0.0,0.8395708558343463,24.905786437626904,0,0
2024-02-23 21:00:00,28.601923788646683,79.93012701892219,440.0,0.0,0.785624293542976,24.58794919243112,0,0
2024-02-23 22:00:00,28.302222521132794,80.2650635094611,440.0,0.0,0.7591947259602806,24.38814834742186,0,0
2024-02-23 23:00:00,28.2,80.6,440.0,0.0,0.741889371502486,24.32,0,0
2024-02-24 00:00:00,27.7022225211328,81.92962913144534,440.0,0.0,0.6712935277358398,24.088148347421864,0,0
2024-02-24 01:00:00,28.001923788646685,81.43012701892219,440.0,0.0,0.7020068971071575,24.287949192431125,0,0
2024-02-24 02:00:00,26.97867965644036,76.03553390593274,400.0,0.0,0.8533466124940698,22.18578643762691,0,1
2024-02-24 03:00:00,27.6,75.0,400.0,0.0,0.9231954900730761,22.6,0,1
2024-02-24 04:00:00,28.32354286469244,73.7940952255126,400.0,0.0,1.0093794745056914,23.08236190979496,0,1
2024-02-24 05:00:00,29.1,72.5,400.0,0.0,1.1079432163962677,23.6,0,1
2024-02-24 06:00:00,29.876457135307565,71.2059047744874,400.0,0.0,1.213121311338415,24.11763809020504,0,1
2024-02-24 07:00:00,31.746050731713964,69.42697463414302,397.1348731707151,57.30253658569809,1.4329473596386566,25.631445658542567,0,1
2024-02-24 08:00:00,33.435320343559646,67.85746609406726,394.465,110.7,1.656717009224345,27.006813562373097,0,1
2024-02-24 09:00:00,34.82914503844735,66.60433856753079,392.1723279322649,156.55344135470165,1.8600720967413598,28.150012751953508,0,1
2024-02-24 10:00:00,35.8325379668247,65.75299062457592,390.4130987801063,191.7380243978747,2.0159940033001016,28.983136091739887,0,1
2024-02-24 11:00:00,36.377119558808,65.36144022059601,389.30720110298,213.85597794039973,2.100840053108642,29.250093872159013,0,1
2024-02-24 12:00:00,36.4257774788672,65.45637086855466,388.93,221.4,2.1006667775554644,29.517051652578136,0,1
2024-02-24 13:00:00,33.19807621135332,72.7698729810778,440.0,213.85597794039973,1.3850073295270409,27.75205080756888,0,0
2024-02-24 14:00:00,32.72132034355964,73.56446609406726,440.0,191.7380243978748,1.3091008672382503,27.43421356237309,0,0
2024-02-24 15:00:00,32.1,74.6,440.0,156.55344135470165,1.214554383253152,27.02,0,0
2024-02-24 16:00:00,31.35,75.80590477448739,440.0,110.7,1.108788723101228,26.537638090205043,0,0
2024-02-24 17:00:00,30.6,77.1,440.0,57.30253658569816,1.0056058557981467,26.02,0,0
2024-02-24 18:00:00,29.82354286469244,78.3940952255126,440.0,2.7113680133122402e-14,0.9075147028391104,25.50236190979496,0,0
2024-02-24 19:00:00,29.1,79.6,440.0,0.0,0.8218924223448678,25.02,0,0
2024-02-24 20:00:00,28.47867965644036,80.63553390593273,440.0,0.0,0.7526134409630287,24.605786437626907,0,0
2024-02-24 21:00:00,28.001923788646685,81.43012701892219,440.0,0.0,0.7020068971071575,24.287949192431125,0,0
2024-02-24 22:00:00,27.7022225211328,81.92962913144534,440.0,0.0,0.6712935277358398,24.088148347421864,0,0
2024-02-24 23:00:00,27.6,82.1,440.0,0.0,0.6610079708923227,24.02,0,0
2024-02-25 00:00:00,27.302222521132794,78.22962913144535,440.0,0.0,0.7900567573775009,22.948148347421863,0,0
2024-02-25 01:00:00,27.601923788646683,77.7301270189222,440.0,0.0,0.8224702529175827,23.147949192431124,0,0
2024-02-25 02:00:00,26.57867965644036,72.33553390593275,400.0,0.0,0.9622133158643575,21.04578643762691,0,1
2024-02-25 03:00:00,27.2,71.30000000000001,400.0,0.0,1.035320442824822,21.46,0,1
2024-02-25 04:00:00,27.92354286469244,70.09409522551262,400.0,0.0,1.1253997252709405,21.94236190979496,0,1
2024-02-25 05:00:00,28.7,68.80000000000001,400.0,0.0,1.228267092920313,22.46,0,1
2024-02-25 06:00:00,29.47645713530756,67.5059047744874,400.0,0.0,1.3378795359576123,22.977638090205044,0,1
2024-02-25 07:00:00,31.358991683969087,65.72050415801547,397.124520408911,57.9495841984544,1.571793802591033,24.50309251557218,0,1
2024-02-25 08:00:00,33.06032034355964,64.14496609406727,394.4025,111.95,1.8096724542538383,25.889313562373093,0,1
2024-02-25 09:00:00,34.464500377506674,62.886660898001125,392.0839395846166,158.321208307668,2.025788798237425,27.0418325571069,0,1
2024-02-25 10:00:00,35.47583923701392,62.0313399894813,390.3048456046332,193.90308790733584,2.19164765431005,27.882107234910183,0,1
2024-02-25 11:00:00,36.02541585012245,61.63729207493878,389.18646037469387,216.2707925061224,2.2823077381916295,28.35287426511021,0,1
2024-02-25 12:00:00,36.0757774788672,61.73137086855466,388.805,223.9,2.283008066777984,28.422051652578133,0,1
2024-02-25 13:00:00,32.79807621135332,69.06987298107781,440.0,216.2707925061224,1.5382957902984173,26.61205080756888,0,0
2024-02-25 14:00:00,32.32132034355964,69.86446609406727,440.0,193.90308790733584,1.4591004550088595,26.29421356237309,0,0
2024-02-25 15:00:00,31.7,70.9,440.0,152.92654395366793,1.3603552125248144,25.880000000000003,0,0
2024-02-25 16:00:00,30.97645713530756,72.1059047744874,440.0,111.95,1.2514892942482303,25.39763809020504,0,0
2024-02-25 17:00:00,30.2,73.4,440.0,57.94958419845446,1.141667489300674,24.880000000000003,0,0
2024-02-25 18:00:00,29.42354286469244,74.69409522551261,440.0,2.7419841832909243e-14,1.0387496431308718,24.36236190979496,0,0
2024-02-25 19:00:00,28.7,75.9,440.0,0.0,0.9487575942108833,23.880000000000003,0,0
2024-02-25 20:00:00,28.07867965644036,76.93553390593274,440.0,0.0,0.8758227041887571,23.465786437626907,0,0
2024-02-25 21:00:00,27.601923788646683,77.7301270189222,440.0,0.0,0.8224702529175827,23.147949192431124,0,0
2024-02-25 22:00:00,27.302222521132794,78.22962913144535,440.0,0.0,0.7900567573775009,22.948148347421863,0,0
2024-02-25 23:00:00,27.2,78.4,440.0,0.0,0.7791958733455108,22.880000000000003,0,0
2024-02-26 00:00:00,26.7022225211328,78.5150635094611,440.0,0.0,0.752730403042717,22.528148347421865,0,0
2024-02-26 01:00:00,27.001923788646685,78.6301270189222,440.0,0.0,0.7619946627391891,22.72794919243113,0,0
2024-02-26 02:00:00,25.97867965644036,73.23553390593274,400.0,0.0,0.8985381673203767,20.625786437626907,0,1
2024-02-26 03:00:00,26.6,72.2,400.0,0.0,0.9681413638247681,21.040000000000003,0,1
2024-02-26 04:00:00,27.32354286469244,70.99409522551261,400.0,0.0,1.053951959407258,21.52236190979496,0,1
2024-02-26 05:00:00,28.1,69.7,400.0,0.0,1.1520045378500217,22.040000000000003,0,1
2024-02-26 06:00:00,28.876457135307565,68.4059047744874,400.0,0.0,1.2565502100944976,22.55763809020505,0,1
2024-02-26 07:00:00,30.73000395091761,66.6349980245412,397.174990122706,56.50019754588028,1.4760661871977896,24.057003555825847,0,1
2024-02-26 08:00:00,32.40432034355965,65.07296609406727,394.5425,109.15,1.6990238612058488,25.4189135623731,0,1
2024-02-26 09:00:00,33.78530441801379,63.82625887774756,392.2819294833489,154.36141033302334,1.901292740921888,26.5505561935633,0,1
2024-02-26 10:00:00,34.77884439179007,62.979837412093225,390.5473327176928,189.05334564614296,2.0562168129369223,27.37481187420871,0,1
2024-02-26 11:00:00,35.31723215757808,62.59138392121096,389.3047862884143,210.8616078789036,2.140528455905224,27.83550894182027,0,1
2024-02-26 12:00:00,35.363777478867206,62.68737086855465,389.085,218.3,2.140521964198973,27.901251652578136,0,1
2024-02-26 13:00:00,32.19807621135332,69.9698729810778,440.0,210.8616078789036,1.4439252031146503,26.19205080756888,0,0
2024-02-26 14:00:00,31.721320343559643,70.76446609406726,440.0,189.053345646143,1.3683422146573405,25.874213562373093,0,0
2024-02-26 15:00:00,31.1,71.8,440.0,154.36141033302334,1.2741415321198442,25.46,0,0
2024-02-26 16:00:00,30.376457135307565,73.00590477448739,440.0,109.15,1.1703422519693234,24.97763809020504,0,0
2024-02-26 17:00:00,29.6,74.3,440.0,56.50019754588034,1.065697184080854,24.46,0,0
2024-02-26 18:00:00,28.82354286469244,75.5940952255126,440.0,2.6734039625386723e-14,0.9676968305424495,23.94236190979496,0,0
2024-02-26 19:00:00,28.1,76.8,440.0,0.0,0.8820628804660234,23.46,0,0
2024-02-26 20:00:00,27.47867965644036,77.83553390593273,440.0,0.0,0.8127040280938446,23.04578643762691,0,0
2024-02-26 21:00:00,27.001923788646685,78.6301270189222,440.0,0.0,0.7619946627391891,22.72794919243113,0,0
2024-02-26 22:00:00,26.7022225211328,79.12962913144534,440.0,0.0,0.731198934772559,22.528148347421865,0,0
2024-02-26 23:00:00,26.6,79.3,440.0,0.0,0.7208822385313922,22.46,0,0
2024-02-27 00:00:00,27.7022225211328,73.82962913144534,440.0,0.0,0.9721992265846876,22.468148347421867,0,0
2024-02-27 01:00:00,28.001923788646685,73.3301270189222,400.0,0.0,1.0082155541271658,22.667949192431124,0,0
2024-02-27 02:00:00,26.97867965644036,67.93553390593274,400.0,0.0,1.1417781399927422,20.565786437626908,0,1
2024-02-27 03:00:00,27.6,66.9,400.0,0.0,1.2223108288567526,20.980000000000004,0,1
2024-02-27 04:00:00,28.32354286469244,65.69409522551261,400.0,0.0,1.3213692269623878,21.46236190979496,0,1
2024-02-27 05:00:00,29.1,64.4,400.0,0.0,1.4342828546802588,21.980000000000004,0,1
2024-02-27 06:00:00,29.876457135307565,63.10590477448739,400.0,0.0,1.5543816476984451,22.497638090205044,0,1
2024-02-27 07:00:00,31.67099320863424,61.36450339568288,397.3225169784144,53.54966043171154,1.803151834977366,23.94389388777081,0,1
2024-02-27 08:00:00,33.29032034355964,59.82996609406726,394.8275,103.45,2.0537503061971005,25.25631356237309,0,1
2024-02-27 09:00:00,34.624084071903255,58.60686905080284,392.6849803486252,146.3003930274967,2.279480462383726,26.345457882063823,0,1
2024-02-27 10:00:00,35.581390599727214,57.77856430812465,391.04096719785,179.18065604300034,2.4513328309384526,27.137103461352144,0,1
2024-02-27 11:00:00,36.09700106918417,57.40149946540792,390.0074973270396,199.85005345920823,2.5442762155886447,27.57730096226575,0,1
2024-02-27 12:00:00,36.135777478867205,57.50137086855465,389.655,206.9,2.543712716011413,27.636051652578136,0,1
2024-02-27 13:00:00,33.19807621135332,64.66987298107782,440.0,199.85005345920823,1.7969980397199548,26.13205080756888,0,0
2024-02-27 14:00:00,32.72132034355964,65.46446609406726,440.0,179.18065604300037,1.7102169204400397,25.81421356237309,0,0
2024-02-27 15:00:00,32.1,66.5,440.0,146.3003930274967,1.6018729070464799,25.4,0,0
2024-02-27 16:00:00,31.376457135307565,67.7059047744874,440.0,103.45,1.4822276700585015,24.917638090205045,0,0
2024-02-27 17:00:00,30.6,69.0,440.0,53.5496604317116,1.3613005034822068,24.4,0,0
2024-02-27 18:00:00,29.82354286469244,70.2940952255126,440.0,2.5337942274358743e-14,1.2477397093695852,23.88236190979496,0,0
2024-02-27 19:00:00,29.1,71.5,440.0,0.0,1.1482320606288592,23.4,0,0
2024-02-27 20:00:00,28.47867965644036,72.53553390593274,440.0,0.0,1.0674255737730434,22.985786437626903,0,0
2024-02-27 21:00:00,28.001923788646685,73.3301270189222,440.0,0.0,1.0082155541271658,22.667949192431124,0,0
2024-02-27 22:00:00,27.7022225211328,73.82962913144534,440.0,0.0,0.9721992265846876,22.468148347421867,0,0
2024-02-27 23:00:00,27.6,74.0,440.0,0.0,0.9601233096759992,22.4,0,0
2024-02-28 00:00:00,27.7022225211328,72.02962913144535,440.0,0.0,1.039067159662209,22.108148347421867,0,0
2024-02-28 01:00:00,28.001923788646685,71.5301270189222,440.0,0.0,1.0762619223538343,22.307949192431124,0,0
2024-02-28 02:00:00,26.97867965644036,66.13553390593275,400.0,0.0,1.2058740349924473,20.20578643762691,0,1
2024-02-28 03:00:00,27.6,65.10000000000001,400.0,0.0,1.2887809041420137,20.620000000000005,0,1
2024-02-28 04:00:00,28.32354286469244,63.89409522551261,400.0,0.0,1.3907002830638766,21.10236190979496,0,1
2024-02-28 05:00:00,29.1,62.6,400.0,0.0,1.5068027742989238,21.62,0,1
2024-02-28 06:00:00,29.876457135307565,61.3059047744874,400.0,0.0,1.630217278000673,22.137638090205044,0,1
2024-02-28 07:00:00,31.996587567373204,59.4017062163134,396.508531081567,69.8293783686601,1.9299854785540864,23.876928810635885,0,1
2024-02-28 08:00:00,33.91932034355964,57.71546609406727,393.255,134.89999999999998,2.2391401951404073,25.462413562373094,0,1
2024-02-28 09:00:00,35.51362440263593,56.3620988854365,392.2041477374184,190.7774095641305,2.524137549055891,26.786044179723227,0,1
2024-02-28 10:00:00,36.67085055768804,55.43383432914424,388.3173173029479,233.6536539410416,2.7466974046862953,27.75761742351689,0,1
2024-02-28 11:00:00,37.31213575865581,54.99393212067209,386.96966060336047,260.60678793279067,2.872414923516035,28.310922182790232,0,1
2024-02-28 12:00:00,37.39377747886721,55.07237086855466,386.51,269.8,2.8801551175007916,28.408251652578137,0,1
2024-02-28 13:00:00,33.19807621135332,62.86987298107781,440.0,260.60678793279067,1.8885515308739358,25.77205080756888,0,0
2024-02-28 14:00:00,32.72132034355964,63.66446609406727,440.0,233.6536539410416,1.799353821151548,25.45421356237309,0,0
2024-02-28 15:00:00,32.1,64.7,440.0,190.7774095641305,1.687943690111664,25.040000000000003,0,0
2024-02-28 16:00:00,31.376457135307565,65.9059047744874,440.0,134.89999999999998,1.5648436959132075,24.55763809020505,0,0
2024-02-28 17:00:00,30.6,67.2,440.0,69.82937836866017,1.4403437585231087,24.040000000000003,0,0
2024-02-28 18:00:00,29.82354286469244,68.49409522551261,440.0,3.304097064099559e-14,1.3233452663763574,23.52236190979496,0,0
2024-02-28 19:00:00,29.1,69.7,440.0,0.0,1.2207519802475235,23.040000000000003,0,0
2024-02-28 20:00:00,28.47867965644036,70.73553390593274,440.0,0.0,1.137383825508602,22.625786437626907,0,0
2024-02-28 21:00:00,28.001923788646685,71.5301270189222,440.0,0.0,1.0762619223538343,22.307949192431124,0,0
2024-02-28 22:00:00,27.7022225211328,72.02962913144535,440.0,0.0,1.039067159662209,22.108148347421867,0,0
2024-02-28 23:00:00,27.6,72.2,440.0,0.0,1.0265933849612607,22.040000000000003,0,0
2024-02-29 00:00:00,27.102222521132795,70.52962913144535,440.0,0.0,1.0570367362199289,21.208148347421865,0,0
2024-02-29 01:00:00,27.401923788646684,70.0301270189222,440.0,0.0,1.0939837916961073,21.40794919243113,0,0
2024-02-29 02:00:00,26.37867965644036,64.63553390593275,400.0,0.0,1.2156267268676024,19.305786437626907,0,1
2024-02-29 03:00:00,27.0,63.6,400.0,0.0,1.2977838239951478,19.72,0,1
2024-02-29 04:00:00,27.72354286469244,62.39409522551261,400.0,0.0,1.3987552693123544,20.20236190979496,0,1
2024-02-29 05:00:00,28.5,61.1,400.0,0.0,1.513746637631049,20.72,0,1
2024-02-29 06:00:00,29.276457135307563,59.8059047744874,400.0,0.0,1.6359478741641862,21.23763809020504,0,1
2024-02-29 07:00:00,31.43333987177776,57.88333006411112,396.4166503205556,71.66699358888799,1.9393134070146676,23.010005884599984,0,1
2024-02-29 08:00:00,33.390320343559644,56.17996609406726,393.0775,138.44999999999996,2.252931865675286,24.62631356237309,0,1
2024-02-29 09:00:00,35.01403356556442,54.81189430397226,390.2101066144722,195.797867710555,2.542754548798754,25.97641242635887,0,1
2024-02-29 10:00:00,36.19382616502543,53.87234652547555,388.0098782846045,239.80243430791103,2.7697211261639536,26.968295470120538,0,1
2024-02-29 11:00:00,36.84929722598886,53.42535138700557,386.6267569350279,267.464861299443,2.8985692623350054,27.534367503389976,0,1
2024-02-29 12:00:00,36.9357774788672,53.50137086855466,386.155,276.9,2.9075121490159925,27.63605165257813,0,1
2024-02-29 13:00:00,32.59807621135332,61.36987298107781,440.0,267.464861299443,1.8997713107130594,24.87205080756888,0,0
2024-02-29 14:00:00,32.121320343559645,62.16446609406727,440.0,239.80243430791103,1.8113647836858655,24.5542135623731,0,0
2024-02-29 15:00:00,31.5,63.2,440.0,195.797867710555,1.7009213563133856,24.14,0,0
2024-02-29 16:00:00,30.776457135307563,64.4059047744874,440.0,138.44999999999996,1.5788588177241558,23.65763809020504,0,0
2024-02-29 17:00:00,30.0,65.7,440.0,71.66699358888806,1.4553713151543415,23.14,0,0
2024-02-29 18:00:00,29.22354286469244,66.99409522551261,440.0,3.3910469868390216e-14,1.3392859603350493,22.62236190979496,0,0
2024-02-29 19:00:00,28.5,68.2,440.0,0.0,1.2374586909168985,22.14,0,0
2024-02-29 20:00:00,27.87867965644036,69.23553390593274,440.0,0.0,1.1546860851578893,21.72578643762691,0,0
2024-02-29 21:00:00,27.401923788646684,70.0301270189222,440.0,0.0,1.0939837916961073,21.40794919243113,0,0
2024-02-29 22:00:00,27.200961894323342,70.52962913144535,440.0,0.0,1.0631706153420335,21.208148347421865,0,0
2024-02-29 23:00:00,27.0,70.7,440.0,0.0,1.0446446715125777,21.14,0,0
2024-03-01 00:00:00,27.0022225211328,72.92962913144534,440.0,0.0,0.9652766607138598,21.58814834742186,0,0
2024-03-01 01:00:00,27.301923788646683,72.43012701892219,440.0,0.0,1.0005058577795385,21.78794919243112,0,0
2024-03-01 02:00:00,26.27867965644036,67.03553390593274,400.0,0.0,1.126466552615942,19.685786437626906,0,1
2024-03-01 03:00:00,26.9,66.0,400.0,0.0,1.2051220680750716,20.1,0,1
2024-03-01 04:00:00,27.623542864692435,64.7940952255126,400.0,0.0,1.301865906203511,20.582361909794955,0,1
2024-03-01 05:00:00,28.4,63.5,400.0,0.0,1.4121352565330003,21.1,0,1
2024-03-01 06:00:00,29.17645713530756,62.205904774487394,400.0,0.0,1.5294161132765893,21.61763809020504,0,1
2024-03-01 07:00:00,31.09315579792262,60.40342210103869,397.01711050519344,59.65778989613103,1.788368938224712,23.17384021813036,0,1
2024-03-01 08:00:00,32.826320343559644,58.81196609406727,394.2375,115.25,2.051720518601184,24.588713562373098,0,1
2024-03-01 09:00:00,34.2578384726233,57.53999185044282,391.85059434682506,162.9881130634992,2.291185167392625,25.765836842711863,0,1
2024-03-01 10:00:00,35.29015459031346,56.674182312831526,390.01905722138434,199.6188555723131,2.475412706402907,26.624991052879768,0,1
2024-03-01 11:00:00,35.8529180591926,56.273540970403694,388.8677048520185,222.64590295963023,2.5768971045090248,27.10762625327334,0,1
2024-03-01 12:00:00,35.9077774788672,56.365370868554656,388.475,230.5,2.57924391908359,27.18085165257813,0,1
2024-03-01 13:00:00,32.498076211353315,63.76987298107781,440.0,222.64590295963023,1.7717435115596616,25.25205080756888,0,0
2024-03-01 14:00:00,32.02132034355964,64.56446609406726,440.0,199.61885557231312,1.6869110377447687,24.93421356237309,0,0
2024-03-01 15:00:00,31.4,65.6,440.0,162.9881130634992,1.5809955569267555,24.52,0,0
2024-03-01 16:00:00,30.67645713530756,66.8059047744874,440.0,115.25,1.464025508195677,24.037638090205043,0,0
2024-03-01 17:00:00,29.9,68.1,440.0,59.65778989613109,1.3457934984931799,23.52,0,0
2024-03-01 18:00:00,29.123542864692435,69.3940952255126,440.0,2.8228108720346493e-14,1.2347538959751934,23.00236190979496,0,0
2024-03-01 19:00:00,28.4,70.6,440.0,0.0,1.137445932659458,22.52,0,0
2024-03-01 20:00:00,27.77867965644036,71.63553390593273,440.0,0.0,1.0584179068780681,22.105786437626904,0,0
2024-03-01 21:00:00,27.301923788646683,72.43012701892219,440.0,0.0,1.0005058577795385,21.78794919243112,0,0
2024-03-01 22:00:00,27.0022225211328,72.92962913144534,440.0,0.0,0.9652766607138598,21.58814834742186,0,0
2024-03-01 23:00:00,26.9,73.1,440.0,0.0,0.9534642244476303,21.52,0,0
2024-03-02 00:00:00,27.5022225211328,69.22962913144534,440.0,0.0,1.1298102074808711,21.348148347421866,0,0
2024-03-02 01:00:00,27.801923788646683,68.73012701892219,440.0,0.0,1.168415718733981,21.54794919243112,0,0
2024-03-02 02:00:00,26.77867965644036,63.335533905932735,400.0,0.0,1.2903354271747254,19.445786437626904,0,1
2024-03-02 03:00:00,27.4,62.3,400.0,0.0,1.3760001078136657,19.86,0,1
2024-03-02 04:00:00,28.123542864692435,61.0940952255126,400.0,0.0,1.4812279945953373,20.34236190979496,0,1
2024-03-02 05:00:00,28.9,59.8,400.0,0.0,1.6010000405958331,20.86,0,1
2024-03-02 06:00:00,29.67645713530756,58.50590477448739,400.0,0.0,1.7282108179956954,21.37763809020504,0,1
2024-03-02 07:00:00,31.787888739433598,56.55511878819494,396.2755939409747,74.48812118050547,2.041075088509301,23.200786181249097,0,1
2024-03-02 08:00:00,33.89932034355964,54.82546609406726,392.805,143.89999999999998,2.389513423589965,24.864413562373088,0,1
2024-03-02 09:00:00,35.568182843863084,53.434819664822925,389.8247334187256,203.5053316254884,2.7015615877028307,26.25514677682767,0,1
2024-03-02 10:00:00,36.78261970305043,52.47794975646304,387.5378944395419,249.24211120916144,2.946794765732692,27.27820965434304,0,1
2024-03-02 11:00:00,37.45986905611988,52.02006547194006,386.1003273597003,277.99345280599385,3.0868858483502915,27.86388215050789,0,1
2024-03-02 12:00:00,37.5537774788672,52.09237086855465,385.61,287.8,3.097981459142229,27.972251652578134,0,1
2024-03-02 13:00:00,32.998076211353315,60.06987298107781,440.0,277.99345280599385,2.0083276753192463,25.01205080756888,0,0
2024-03-02 14:00:00,32.52132034355964,60.86446609406726,440.0,249.24211120916144,1.9163311132707563,24.69421356237309,0,0
2024-03-02 15:00:00,31.9,61.9,440.0,203.5053316254884,1.8013575226424983,24.28,0,0
2024-03-02 16:00:00,31.17645713530756,63.10590477448739,440.0,143.89999999999998,1.6742251844163178,23.79763809020504,0,0
2024-03-02 17:00:00,30.4,64.4,440.0,74.48812118050556,1.5455350670077597,23.28,0,0
2024-03-02 18:00:00,29.623542864692435,65.6940952255126,440.0,3.5245334879460825e-14,1.424484527616536,22.762361909794954,0,0
2024-03-02 19:00:00,28.9,66.9,440.0,0.0,1.3182363518338822,22.28,0,0
2024-03-02 20:00:00,28.27867965644036,67.93553390593274,440.0,0.0,1.2318205121234032,21.865786437626905,0,0
2024-03-02 21:00:00,27.801923788646683,68.73012701892219,440.0,0.0,1.168415718733981,21.54794919243112,0,0
2024-03-02 22:00:00,27.5022225211328,69.22962913144534,440.0,0.0,1.1298102074808711,21.348148347421866,0,0
2024-03-02 23:00:00,27.4,69.4,440.0,0.0,1.1168595039548586,21.28,0,0
2024-03-03 00:00:00,27.102222521132795,71.92962913144534,440.0,0.0,1.0068218462442171,21.488148347421863,0,0
2024-03-03 01:00:00,27.401923788646684,71.43012701892219,440.0,0.0,1.0428798944810094,21.687949192431123,0,0
2024-03-03 02:00:00,26.37867965644036,66.03553390593274,400.0,0.0,1.1675027876262254,19.585786437626908,0,1
2024-03-03 03:00:00,27.0,65.0,400.0,0.0,1.247869061533796,20.0,0,1
2024-03-03 04:00:00,27.72354286469244,63.794095225512606,400.0,0.0,1.3466821337561048,20.48236190979496,0,1
2024-03-03 05:00:00,28.5,62.5,400.0,0.0,1.459267324194456,21.0,0,1
2024-03-03 06:00:00,29.276457135307563,61.205904774487394,400.0,0.0,1.5789661953633634,21.51763809020504,0,1
2024-03-03 07:00:00,31.515644328120363,59.24217783593982,396.2108891796991,75.78221640601808,1.8855268817054995,23.36407989530833,0,1
2024-03-03 08:00:00,33.54932034355964,57.500466094067264,392.68,146.39999999999998,2.204547044779033,25.049413562373097,0,1
2024-03-03 09:00:00,35.23889352198174,56.0994643257636,392.2041477374184,207.0408655314212,2.5011664628234946,26.458786387134456,0,1
2024-03-03 10:00:00,36.46922224342888,55.13464848627382,387.3213880885958,253.5722382280836,2.7348412225650596,27.49615194068364,0,1
2024-03-03 11:00:00,37.15646163874879,54.67176918062561,385.858845903128,282.8230819374392,2.8685913534873695,28.09081547487391,0,1
2024-03-03 12:00:00,37.25377747886721,54.74237086855466,385.36,292.8,2.8793223072743976,28.202251652578138,0,1
2024-03-03 13:00:00,32.59807621135332,62.76987298107781,440.0,282.8230819374392,1.8309214248792516,25.15205080756888,0,0
2024-03-03 14:00:00,32.121320343559645,63.564466094067264,440.0,253.57223822808368,1.7443402055878,24.834213562373098,0,0
2024-03-03 15:00:00,31.5,64.6,440.0,207.0408655314212,1.6362123916710292,24.42,0,0
2024-03-03 16:00:00,30.776457135307563,65.8059047744874,440.0,146.39999999999998,1.516758563993602,23.93763809020504,0,0
2024-03-03 17:00:00,30.0,67.1,440.0,75.78221640601815,1.3959684043317158,23.42,0,0
2024-03-03 18:00:00,29.22354286469244,68.39409522551261,440.0,3.58576582790345e-14,1.2824779328842035,22.90236190979496,0,0
2024-03-03 19:00:00,28.5,69.6,440.0,0.0,1.182979377480306,22.42,0,0
2024-03-03 20:00:00,27.87867965644036,70.63553390593273,440.0,0.0,1.102139731378235,22.005786437626902,0,0
2024-03-03 21:00:00,27.401923788646684,71.43012701892219,440.0,0.0,1.0428798944810094,21.687949192431123,0,0
2024-03-03 22:00:00,27.102222521132795,71.92962913144534,440.0,0.0,1.0068218462442171,21.488148347421863,0,0
2024-03-03 23:00:00,27.0,72.1,440.0,0.0,0.994729909051226,21.42,0,0
2024-03-04 00:00:00,27.102222521132795,73.32962913144534,440.0,0.0,0.9566069562685051,21.768148347421864,0,0
2024-03-04 01:00:00,27.401923788646684,72.8301270189222,440.0,0.0,0.991775997265911,21.967949192431124,0,0
2024-03-04 02:00:00,26.37867965644036,67.43553390593274,400.0,0.0,1.119378848384848,19.86578643762691,0,1
2024-03-04 03:00:00,27.0,66.4,400.0,0.0,1.197954299072444,20.28,0,1
2024-03-04 04:00:00,27.72354286469244,65.19409522551261,400.0,0.0,1.2946089981998548,20.76236190979496,0,1
2024-03-04 05:00:00,28.5,63.9,400.0,0.0,1.404788010757863,21.28,0,1
2024-03-04 06:00:00,29.276457135307563,62.60590477448739,400.0,0.0,1.52198451656254,21.79763809020504,0,1
2024-03-04 07:00:00,31.56689049905066,60.61655475047467,396.0827737523733,78.34452495253302,1.8272476794695935,23.6902014491456,0,1
2024-03-04 08:00:00,33.64832034355964,58.85096609406726,392.4325,151.34999999999997,2.1463268819166537,25.418513562373093,0,1
2024-03-04 09:00:00,35.37890066465668,57.42946075442613,389.2979388667416,214.041222665168,2.4441902854632285,26.864792815541904,0,1
2024-03-04 10:00:00,36.6406952733782,56.44891197129916,386.89270551372255,262.1458897255496,2.6797201348329853,27.93047766763803,0,1
2024-03-04 11:00:00,37.34771495235402,55.976142523822986,385.38071261911495,292.385747617701,2.8151646595346342,28.54294345711861,0,1
2024-03-04 12:00:00,37.45177747886721,56.04337086855465,384.865,302.7,2.8267963882896194,28.66045165257814,0,1
2024-03-04 13:00:00,32.59807621135332,64.16987298107782,440.0,292.385747617701,1.7620715390454438,25.43205080756888,0,0
2024-03-04 14:00:00,32.121320343559645,64.96446609406726,440.0,262.1458897255496,1.6773156274897338,25.1142135623731,0,0
2024-03-04 15:00:00,31.5,66.0,440.0,214.041222665168,1.5715034270286714,24.7,0,0
2024-03-04 16:00:00,30.776457135307563,67.2059047744874,440.0,151.34999999999997,1.454658310263049,24.217638090205043,0,0
2024-03-04 17:00:00,30.0,68.5,440.0,78.3445249525331,1.336565493509089,23.7,0,0
2024-03-04 18:00:00,29.22354286469244,69.7940952255126,440.0,3.707005861019038e-14,1.2256699054333584,23.18236190979496,0,0
2024-03-04 19:00:00,28.5,71.0,440.0,0.0,1.1285000640437128,22.7,0,0
2024-03-04 20:00:00,27.87867965644036,72.03553390593274,440.0,0.0,1.0495933775985804,22.285786437626903,0,0
2024-03-04 21:00:00,27.401923788646684,72.8301270189222,440.0,0.0,0.991775997265911,21.967949192431124,0,0
2024-03-04 22:00:00,27.102222521132795,73.32962913144534,440.0,0.0,0.9566069562685051,21.768148347421864,0,0
2024-03-04 23:00:00,27.0,73.5,440.0,0.0,0.9448151465898742,21.7,0,0
2024-03-05 00:00:00,27.0022225211328,72.52962913144535,440.0,0.0,0.979539881050233,21.508148347421866,0,0
2024-03-05 01:00:00,27.301923788646683,72.0301270189222,440.0,0.0,1.015021787663818,21.707949192431123,0,0
2024-03-05 02:00:00,26.27867965644036,66.63553390593275,400.0,0.0,1.140135411069787,19.605786437626904,0,1
2024-03-05 03:00:00,26.9,65.60000000000001,400.0,0.0,1.2192999747583073,20.02,0,1
2024-03-05 04:00:00,27.623542864692435,64.39409522551261,400.0,0.0,1.3166573557008907,20.50236190979496,0,1
2024-03-05 05:00:00,28.4,63.1,400.0,0.0,1.4276107113991154,21.02,0,1
2024-03-05 06:00:00,29.17645713530756,61.8059047744874,400.0,0.0,1.5456029393313024,21.537638090205043,0,1
2024-03-05 07:00:00,31.449290803983686,59.82535459800816,396.1267729900408,77.46454019918446,1.8515656552045021,23.41436172358532,0,1
2024-03-05 08:00:00,33.51432034355964,58.06796609406727,392.5175,149.64999999999998,2.170860255280407,25.12791356237309,0,1
2024-03-05 09:00:00,35.23081740353599,56.65350238498648,389.4181470195433,211.6370596091337,2.468500766538622,26.56151788053328,0,1
2024-03-05 10:00:00,36.48180554592085,55.67835683502784,387.0399298323659,259.20140335268246,2.7035580252323888,27.617476912926417,0,1
2024-03-05 11:00:00,37.18203199616636,55.20898400191682,385.5449200095841,289.10159980831816,2.838539557412403,28.22382879654972,0,1
2024-03-05 12:00:00,37.28377747886721,55.277370868554655,385.035,299.3,2.849929195557199,28.33925165257813,0,1
2024-03-05 13:00:00,32.498076211353315,63.36987298107781,440.0,289.10159980831816,1.7913045085237,25.17205080756888,0,0
2024-03-05 14:00:00,32.02132034355964,64.16446609406727,440.0,259.2014033526825,1.7059530653571964,24.85421356237309,0,0
2024-03-05 15:00:00,31.4,65.2,440.0,211.6370596091337,1.599379226193345,24.44,0,0
2024-03-05 16:00:00,30.67645713530756,66.4059047744874,440.0,149.64999999999998,1.4816675074518633,23.95763809020504,0,0
2024-03-05 17:00:00,29.9,67.7,440.0,77.46454019918454,1.3626686520793008,23.44,0,0
2024-03-05 18:00:00,29.123542864692435,68.99409522551261,440.0,3.6653678698480285e-14,1.2508913557898687,22.92236190979496,0,0
2024-03-05 19:00:00,28.4,70.2,440.0,0.0,1.1529213875255726,22.44,0,0
2024-03-05 20:00:00,27.77867965644036,71.23553390593274,440.0,0.0,1.0733438766230012,22.025786437626905,0,0
2024-03-05 21:00:00,27.301923788646683,72.0301270189222,440.0,0.0,1.015021787663818,21.707949192431123,0,0
2024-03-05 22:00:00,27.0022225211328,72.52962913144535,440.0,0.0,0.979539881050233,21.508148347421866,0,0
2024-03-05 23:00:00,26.9,73.87962913144534,440.0,0.0,0.9258304517647189,21.44,0,0
2024-03-06 00:00:00,27.102222521132795,75.22962913144535,440.0,0.0,0.8884581770157526,22.148148347421863,0,0
2024-03-06 01:00:00,27.401923788646684,74.7301270189222,440.0,0.0,0.9224207081882776,22.347949192431123,0,0
2024-03-06 02:00:00,26.37867965644036,69.33553390593275,400.0,0.0,1.0540677879858358,20.245786437626908,0,1
2024-03-06 03:00:00,27.0,68.30000000000001,400.0,0.0,1.1302128357320376,20.660000000000004,0,1
2024-03-06 04:00:00,27.72354286469244,67.09409522551262,400.0,0.0,1.2239383142306588,21.14236190979496,0,1
2024-03-06 05:00:00,28.5,65.80000000000001,400.0,0.0,1.3308517996653433,21.660000000000004,0,1
2024-03-06 06:00:00,29.276457135307563,64.5059047744874,400.0,0.0,1.4446522381899938,22.177638090205043,0,1
2024-03-06 07:00:00,31.3673887394336,62.56573036904416,396.3286518452208,73.42696309558514,1.7172659741166405,23.98168533572053,0,1
2024-03-06 08:00:00,33.45832034355964,60.84596609406727,392.9075,141.84999999999997,2.02070618914696,25.627513562373096,0,1
2024-03-06 09:00:00,35.11020008780579,59.46381104285158,389.9696903088689,200.6061938226236,2.2931397585118938,27.002962296376104,0,1
2024-03-06 10:00:00,36.31160561994011,58.51345679801821,387.71542964731776,245.6914070536452,2.5071668979988573,28.01429697954375,0,1
2024-03-06 11:00:00,36.98066313836417,58.32341383328644,386.2983421540896,274.03315691820865,2.612375606539698,28.59259682452776,0,1
2024-03-06 12:00:00,37.071777478867205,58.13337086855466,385.815,283.7,2.6373415348582587,28.698451652578136,0,1
2024-03-06 13:00:00,32.59807621135332,66.06987298107782,440.0,274.03315691820865,1.6686324082709898,25.81205080756888,0,0
2024-03-06 14:00:00,32.121320343559645,66.86446609406727,440.0,245.6914070536453,1.58635370007093,25.494213562373098,0,0
2024-03-06 15:00:00,31.5,67.9,440.0,200.6061938226236,1.4836841178711868,25.08,0,0
2024-03-06 16:00:00,30.776457135307563,69.1059047744874,440.0,141.84999999999997,1.3703793944858687,24.597638090205045,0,0
2024-03-06 17:00:00,30.0,70.4,440.0,73.42696309558521,1.2559472573926675,24.08,0,0
2024-03-06 18:00:00,29.22354286469244,71.69409522551261,440.0,3.4743229691810413e-14,1.1485732967500684,23.56236190979496,0,0
2024-03-06 19:00:00,28.5,72.9,440.0,0.0,1.0545638529511931,23.08,0,0
2024-03-06 20:00:00,27.87867965644036,73.93553390593274,440.0,0.0,0.9782804688976203,22.665786437626902,0,0
2024-03-06 21:00:00,27.401923788646684,74.7301270189222,440.0,0.0,0.9224207081882776,22.347949192431123,0,0
2024-03-06 22:00:00,27.102222521132795,75.22962913144535,440.0,0.0,0.8884581770157526,22.148148347421863,0,0
2024-03-06 23:00:00,27.0,75.4,440.0,0.0,0.8770736832494681,22.08,0,0
2024-03-07 00:00:00,27.302222521132794,75.72962913144535,440.0,0.0,0.8807829055616216,22.448148347421863,0,0
2024-03-07 01:00:00,26.101923788646683,70.63012701892221,400.0,0.0,0.9932145268470992,20.22794919243113,0,1
2024-03-07 02:00:00,26.57867965644036,69.83553390593275,400.0,0.0,1.0491672184439838,20.54578643762691,0,1
2024-03-07 03:00:00,27.2,68.80000000000001,400.0,0.0,1.1255051503879596,20.96,0,1
2024-03-07 04:00:00,27.92354286469244,67.55000000000001,400.0,0.0,1.221137476375449,21.44236190979496,0,1
2024-03-07 05:00:00,28.7,66.30000000000001,400.0,0.0,1.3266859304940564,21.96,0,1
2024-03-07 06:00:00,30.216880830638768,65.0059047744874,400.0,0.0,1.503393318505242,22.477638090205044,0,1
2024-03-07 07:00:00,31.733761661277537,63.03311916936124,396.1655958468061,76.6880830638769,1.731420085875469,24.340385495149786,0,1
2024-03-07 08:00:00,33.78432034355964,61.28296609406727,392.5925,148.14999999999998,2.0348565991010696,26.04091356237309,0,1
2024-03-07 09:00:00,35.4883909966648,59.87471558842207,389.5242130367213,209.51573926557404,2.3177351847267924,27.46333411434921,0,1
2024-03-07 10:00:00,36.729844021693786,58.90433759714137,387.1698336429336,256.60332714132915,2.540973147679373,28.51071154112206,0,1
2024-03-07 11:00:00,37.42407644658902,58.43796177670549,385.68980888352746,286.20382232945093,2.668786328732372,29.11166880193012,0,1
2024-03-07 12:00:00,37.5237774788672,58.50737086855466,385.185,296.3,2.6787872272706803,29.22525165257813,0,1
2024-03-07 13:00:00,32.79807621135332,66.56987298107782,440.0,286.20382232945093,1.6626321524928982,26.112050807568885,0,0
2024-03-07 14:00:00,32.32132034355964,67.36446609406727,440.0,256.6033271413292,1.5801453035557116,25.79421356237309,0,0
2024-03-07 15:00:00,31.7,68.4,440.0,209.51573926557404,1.4772242170372556,25.380000000000003,0,0
2024-03-07 16:00:00,30.97645713530756,69.6059047744874,440.0,148.14999999999998,1.3636536505510999,24.89763809020504,0,0
2024-03-07 17:00:00,30.2,70.9,440.0,76.68808306387697,1.2489670653627676,24.380000000000003,0,0
2024-03-07 18:00:00,29.42354286469244,72.19409522551261,440.0,3.6286284658736086e-14,1.1413689381519005,23.86236190979496,0,0
2024-03-07 19:00:00,28.7,73.4,440.0,0.0,1.0471764317846262,23.380000000000003,0,0
2024-03-07 20:00:00,28.07867965644036,74.43553390593274,440.0,0.0,0.9707547417023027,22.965786437626907,0,0
2024-03-07 21:00:00,27.601923788646683,75.2301270189222,440.0,0.0,0.9148001747829226,22.647949192431124,0,0
2024-03-07 22:00:00,27.302222521132794,75.72962913144535,440.0,0.0,0.8807829055616216,22.448148347421863,0,0
2024-03-07 23:00:00,27.2,75.9,440.0,0.0,0.8693805809086487,22.380000000000003,0,0
2024-03-08 00:00:00,27.9022225211328,74.42962913144534,440.0,0.0,0.9610531371781643,22.788148347421863,0,0
2024-03-08 01:00:00,26.701923788646685,69.3301270189222,400.0,0.0,1.0745081953969917,20.56794919243112,0,1
2024-03-08 02:00:00,27.17867965644036,68.53553390593274,400.0,0.0,1.1336286646017661,20.885786437626905,0,1
2024-03-08 03:00:00,27.8,67.5,400.0,0.0,1.2142438557460917,21.3,0,1
2024-03-08 04:00:00,28.52354286469244,66.2940952255126,400.0,0.0,1.3134169643108347,21.78236190979496,0,1
2024-03-08 05:00:00,29.3,65.0,400.0,0.0,1.4264772220163442,22.3,0,1
2024-03-08 06:00:00,30.820245478225104,63.70590477448739,400.0,0.0,1.6139333699092384,22.81763809020504,0,1
2024-03-08 07:00:00,32.3404909564502,61.72975452177489,396.1487726088745,77.02454782251017,1.8549699253481144,24.686441860805186,0,1
2024-03-08 08:00:00,34.39732034355964,59.976466094067256,392.56,148.79999999999998,2.1765078284946724,26.392613562373093,0,1
2024-03-08 09:00:00,36.10677577297565,58.56552320026663,389.4782510959442,210.43497808111653,2.476079287402157,27.81988041302898,0,1
2024-03-08 10:00:00,37.35236068219219,57.59307926689216,387.1135419916876,257.72916016624896,2.712451998248412,28.870976535570623,0,1
2024-03-08 11:00:00,38.049190518072535,57.12540474096373,385.6270237048186,287.45952590362674,2.847901626623099,29.47427146626528,0,1
2024-03-08 12:00:00,38.14977747886721,57.19437086855465,385.12,297.6,2.858816353934247,29.588651652578136,0,1
2024-03-08 13:00:00,33.39807621135331,65.26987298107781,440.0,287.45952590362674,1.7863646065218437,26.45205080756888,0,0
2024-03-08 14:00:00,32.92132034355964,66.06446609406726,440.0,257.72916016624896,1.6994884420536045,26.13421356237309,0,0
2024-03-08 15:00:00,32.3,67.1,440.0,210.43497808111653,1.5910366059706778,25.719999999999995,0,0
2024-03-08 16:00:00,31.576457135307564,68.30590477448739,440.0,148.79999999999998,1.471287687596491,25.23763809020504,0,0
2024-03-08 17:00:00,30.8,69.6,440.0,77.02454782251026,1.3502740941084017,24.72,0,0
2024-03-08 18:00:00,30.02354286469244,70.8940952255126,440.0,3.6445488742625234e-14,1.2366511331794325,24.20236190979496,0,0
2024-03-08 19:00:00,29.3,72.1,440.0,0.0,1.1371061284073145,23.72,0,0
2024-03-08 20:00:00,28.67867965644036,73.13553390593273,440.0,0.0,1.0562825287372606,23.305786437626907,0,0
2024-03-08 21:00:00,28.201923788646685,73.93012701892219,440.0,0.0,0.9970682982087224,22.987949192431124,0,0
2024-03-08 22:00:00,27.9022225211328,74.42962913144534,440.0,0.0,0.9610531371781643,22.788148347421863,0,0
2024-03-08 23:00:00,27.8,74.6,440.0,0.0,0.9489782749523302,22.72,0,0
2024-03-09 00:00:00,28.5022225211328,73.92962913144534,440.0,0.0,1.0146278737075654,23.28814834742186,0,0
2024-03-09 01:00:00,27.301923788646683,68.8301270189222,400.0,0.0,1.1311492267380534,21.06794919243112,0,1
2024-03-09 02:00:00,27.77867965644036,68.03553390593274,400.0,0.0,1.1927516345824658,21.385786437626905,0,1
2024-03-09 03:00:00,28.4,67.0,400.0,0.0,1.2767250264544934,21.8,0,1
2024-03-09 04:00:00,29.123542864692435,65.7940952255126,400.0,0.0,1.3799910343072732,22.28236190979496,0,1
2024-03-09 05:00:00,29.9,64.5,400.0,0.0,1.497669880768272,22.8,0,1
2024-03-09 06:00:00,30.67645713530756,63.20590477448739,400.0,0.0,1.6228035015013544,23.31763809020504,0,1
2024-03-09 07:00:00,32.950326080164096,61.22483695991794,396.1241847995897,77.51630400820495,1.9450200617864122,25.19529347214769,0,1
2024-03-09 08:00:00,35.01632034355964,59.46696609406725,392.5125,149.74999999999997,2.2810998771127102,26.90971356237309,0,1
2024-03-09 09:00:00,36.733645830660734,58.052088171424096,389.41107595173145,211.778480965371,2.5942065104945606,28.34406346494556,0,1
2024-03-09 10:00:00,37.98526964753599,57.07662478422026,387.031269578328,259.37460843343933,2.8413054225561214,29.400594604380046,0,1
2024-03-09 11:00:00,38.68589569947152,56.60705215026423,385.5352607513212,289.294784973576,2.9830210439181775,30.007306129524363,0,1
2024-03-09 12:00:00,38.787777478867206,56.67537086855465,385.025,299.5,2.994689477528577,30.12285165257813,0,1
2024-03-09 13:00:00,33.998076211353315,64.76987298107781,440.0,289.294784973576,1.8737814072626364,26.95205080756888,0,0
2024-03-09 14:00:00,33.521320343559644,65.56446609406726,440.0,259.3746084334394,1.7834569501994582,26.63421356237309,0,0
2024-03-09 15:00:00,32.9,66.6,440.0,211.778480965371,1.6706684946912245,26.22,0,0
2024-03-09 16:00:00,32.17645713530756,67.80590477448739,440.0,149.74999999999997,1.546086983686834,25.737638090205035,0,0
2024-03-09 17:00:00,31.4,69.1,440.0,77.51630400820504,1.4201384508440913,25.22,0,0
2024-03-09 18:00:00,30.623542864692435,70.3940952255126,440.0,3.6678171634463234e-14,1.3018304646772394,24.70236190979496,0,0
2024-03-09 19:00:00,29.9,71.6,440.0,0.0,1.1981359046146178,24.22,0,0
2024-03-09 20:00:00,29.27867965644036,72.63553390593273,440.0,0.0,1.1139093453448157,23.805786437626903,0,0
2024-03-09 21:00:00,28.801923788646683,73.43012701892219,440.0,0.0,1.0521811904440501,23.48794919243112,0,0
2024-03-09 22:00:00,28.5022225211328,73.92962913144534,440.0,0.0,1.0146278737075654,23.28814834742186,0,0
2024-03-09 23:00:00,28.4,74.1,440.0,0.0,1.002035702580951,23.22,0,0
2024-03-10 00:00:00,28.602222521132795,73.82962913144534,440.0,0.0,1.0244427132648901,23.368148347421865,0,0
2024-03-10 01:00:00,27.401923788646684,68.7301270189222,400.0,0.0,1.1414374105386986,21.147949192431124,0,1
2024-03-10 02:00:00,27.87867965644036,67.93553390593274,400.0,0.0,1.2034791279532828,21.465786437626907,0,1
2024-03-10 03:00:00,28.5,66.9,400.0,0.0,1.2880466248223064,21.880000000000003,0,1
2024-03-10 04:00:00,29.22354286469244,65.69409522551261,400.0,0.0,1.3920362715394055,22.36236190979496,0,1
2024-03-10 05:00:00,30.0,64.4,400.0,0.0,1.5105311609182086,22.880000000000003,0,1
2024-03-10 06:00:00,30.776457135307563,63.10590477448739,400.0,0.0,1.6365233390453846,23.39763809020504,0,1
2024-03-10 07:00:00,32.842235567901675,61.228882216049165,396.64441108024585,67.11177839508363,1.9330524470624642,25.08801201111151,0,1
2024-03-10 08:00:00,34.71432034355964,59.56796609406726,394.46624999999995,125.23228337837772,2.2377134221055086,26.62791356237309,0,1
2024-03-10 09:00:00,36.26513197858675,58.23634509746109,390.8323605819164,183.3527883616718,2.517499739480789,27.91240099807897,0,1
2024-03-10 10:00:00,37.3889852228933,57.324766996541605,388.7719806399348,224.56038720130493,2.7350498116811637,28.853938622201625,0,1
2024-03-10 11:00:00,38.00929133513511,56.89535433243245,387.4767716621622,250.46456675675543,2.8570132741014875,29.3883622016216,0,1
2024-03-10 12:00:00,38.083777478867205,56.97737086855465,387.035,259.3,2.8630816023910524,29.47925165257813,0,1
2024-03-10 13:00:00,34.09807621135332,64.66987298107782,440.0,250.46456675675543,1.8895881705879678,27.03205080756888,0,0
2024-03-10 14:00:00,33.621320343559645,65.46446609406726,440.0,224.56038720130496,1.798654493706372,26.714213562373097,0,0
2024-03-10 15:00:00,33.0,66.5,440.0,183.3527883616718,1.685099511528295,26.3,0,0
2024-03-10 16:00:00,32.27645713530757,67.7059047744874,440.0,129.64999999999998,1.5596632972747262,25.817638090205044,0,0
2024-03-10 17:00:00,31.5,69.0,440.0,67.1117783950837,1.4328413599379066,25.3,0,0
2024-03-10 18:00:00,30.72354286469244,70.2940952255126,440.0,3.175509150189087e-14,1.3137035890829354,24.78236190979496,0,0
2024-03-10 19:00:00,30.0,71.5,440.0,0.0,1.209273541746319,24.3,0,0
2024-03-10 20:00:00,29.37867965644036,72.53553390593274,440.0,0.0,1.1244434130276781,23.885786437626905,0,0
2024-03-10 21:00:00,28.901923788646684,73.3301270189222,440.0,0.0,1.0622691169740222,23.56794919243112,0,0
2024-03-10 22:00:00,28.602222521132795,73.82962913144534,440.0,0.0,1.0244427132648901,23.368148347421865,0,0
2024-03-10 23:00:00,28.5,74.0,440.0,0.0,1.0117586781081562,23.3,0,0
2024-03-11 00:00:00,28.102222521132795,70.42962913144534,440.0,0.0,1.1244094609292419,22.188148347421865,0,0
2024-03-11 01:00:00,26.901923788646684,65.3301270189222,400.0,0.0,1.2290043653911105,19.967949192431124,0,1
2024-03-11 02:00:00,27.37867965644036,64.53553390593274,400.0,0.0,1.292792793607601,20.285786437626903,0,1
2024-03-11 03:00:00,28.0,63.5,400.0,0.0,1.379674582858271,20.7,0,1
2024-03-11 04:00:00,28.72354286469244,62.294095225512606,400.0,0.0,1.4864138363918762,21.18236190979496,0,1
2024-03-11 05:00:00,29.5,61.0,400.0,0.0,1.6079253330586607,21.7,0,1
2024-03-11 06:00:00,30.276457135307563,59.705904774487394,400.0,0.0,1.7370030253435773,22.217638090205043,0,1
2024-03-11 07:00:00,32.4887271474297,57.75563642628515,396.27818213142575,74.43635737148497,2.0647675401672965,24.03985443268673,0,1
2024-03-11 08:00:00,34.49732034355964,56.02646609406726,392.81,143.79999999999998,2.4046192467031697,25.70261356237309,0,1
2024-03-11 09:00:00,36.16535441673834,54.6362338783853,389.8318044865375,203.3639102692511,2.7196075490032077,27.0926011924154,0,1
2024-03-11 10:00:00,37.37915560143529,53.67968180727061,387.54655469357976,249.06890612840456,2.9670782739031156,28.115091962889416,0,1
2024-03-11 11:00:00,38.05600535281472,53.22199732359264,386.1099866179632,277.8002676407361,3.1083262743419677,28.70040481753325,0,1
2024-03-11 12:00:00,38.14977747886721,53.29437086855466,385.62,287.6,3.119281718106481,28.80865165257814,0,1
2024-03-11 13:00:00,33.59807621135332,61.26987298107781,440.0,277.8002676407361,2.014497840473193,25.85205080756888,0,0
2024-03-11 14:00:00,33.121320343559645,62.064466094067264,440.0,249.0689061284046,1.921237337491412,25.534213562373097,0,0
2024-03-11 15:00:00,32.5,63.1,440.0,203.3639102692511,1.8046974252630283,25.12,0,0
2024-03-11 16:00:00,31.776457135307563,64.3059047744874,440.0,143.79999999999998,1.675852310513204,24.637638090205044,0,0
2024-03-11 17:00:00,31.0,65.6,440.0,74.43635737148504,1.5454517343847929,24.12,0,0
2024-03-11 18:00:00,30.22354286469244,66.89409522551261,440.0,3.522084194347788e-14,1.422816808970322,23.60236190979496,0,0
2024-03-11 19:00:00,29.5,68.1,440.0,0.0,1.315200464732597,23.12,0,0
2024-03-11 20:00:00,28.87867965644036,69.13553390593273,440.0,0.0,1.227689451532071,22.705786437626905,0,0
2024-03-11 21:00:00,28.401923788646684,69.93012701892219,440.0,0.0,1.1634923326837827,22.38794919243112,0,0
2024-03-11 22:00:00,28.102222521132795,70.42962913144534,440.0,0.0,1.1244094609292419,22.188148347421865,0,0
2024-03-11 23:00:00,28.0,69.47962913144534,440.0,0.0,1.1536487656644627,22.12,0,0
2024-03-12 00:00:00,27.9022225211328,68.52962913144535,440.0,0.0,1.1828025024298099,21.608148347421867,0,0
2024-03-12 01:00:00,26.701923788646685,63.43012701892219,400.0,0.0,1.281212616923405,19.38794919243112,0,1
2024-03-12 02:00:00,27.17867965644036,62.63553390593274,400.0,0.0,1.3461989049851406,19.705786437626905,0,1
2024-03-12 03:00:00,27.8,61.6,400.0,0.0,1.434675817250767,20.12,0,1
2024-03-12 04:00:00,28.55,60.39409522551261,400.0,0.0,1.5456917801466246,20.60236190979496,0,1
2024-03-12 05:00:00,29.3,59.1,400.0,0.0,1.6669405251562424,21.12,0,1
2024-03-12 06:00:00,30.076457135307564,57.8059047744874,400.0,0.0,1.798189196772888,21.637638090205044,0,1
2024-03-12 07:00:00,32.38707838456866,55.80646080771567,396.03230403857833,79.35391922843286,2.1477051177417232,23.548370546111794,0,1
2024-03-12 08:00:00,34.487320343559645,54.03146609406726,392.335,153.29999999999998,2.512318334847349,25.293613562373096,0,1
2024-03-12 09:00:00,36.234054993589226,52.601883589959854,389.16005304441023,216.7989391117955,2.8522845830887222,26.7544317115812,0,1
2024-03-12 10:00:00,37.50824525487339,51.61513698055157,386.72383055998455,265.5233888003089,3.12112200045233,27.8312726509837,0,1
2024-03-12 11:00:00,38.223057166804566,51.13847141659772,385.19235708298856,296.1528583402284,3.2762041394485495,28.45075145012411,0,1
2024-03-12 12:00:00,38.32977747886721,51.204370868554655,384.67,306.6,3.2906823642343794,28.57065165257814,0,1
2024-03-12 13:00:00,33.39807621135331,59.36987298107781,440.0,296.1528583402284,2.0898345930478524,25.27205080756888,0,0
2024-03-12 14:00:00,32.92132034355964,60.16446609406727,440.0,265.5233888003089,1.9949599037936916,24.95421356237309,0,0
2024-03-12 15:00:00,32.3,61.2,440.0,216.7989391117955,1.8763592799897353,24.54,0,0
2024-03-12 16:00:00,31.576457135307564,62.4059047744874,440.0,153.29999999999998,1.7451745834063994,24.05763809020504,0,0
2024-03-12 17:00:00,30.8,63.7,440.0,79.35391922843294,1.6123338689518085,23.54,0,0
2024-03-12 18:00:00,30.02354286469244,64.99409522551261,440.0,39.67695961421647,1.4873302219172655,23.02236190979496,0,0
2024-03-12 19:00:00,29.3,66.2,440.0,0.0,1.3775694315472125,22.54,0,0
2024-03-12 20:00:00,28.67867965644036,67.23553390593274,440.0,0.0,1.288264318277687,22.125786437626907,0,0
2024-03-12 21:00:00,28.201923788646685,68.0301270189222,440.0,0.0,1.2227196837640437,21.807949192431124,0,0
2024-03-12 22:00:00,27.9022225211328,68.52962913144535,440.0,0.0,1.1828025024298099,21.608148347421867,0,0
2024-03-12 23:00:00,27.8,68.7,440.0,0.0,1.1694102364570051,21.54,0,0
2024-03-13 00:00:00,28.102222521132795,68.52962913144535,440.0,0.0,1.1966567108965187,21.808148347421863,0,0
2024-03-13 01:00:00,26.901923788646684,63.43012701892219,400.0,0.0,1.2963570290572735,19.58794919243112,0,1
2024-03-13 02:00:00,27.37867965644036,62.63553390593274,400.0,0.0,1.3620538477946071,19.905786437626908,0,1
2024-03-13 03:00:00,28.0,61.6,400.0,0.0,1.451493259774181,20.32,0,1
2024-03-13 04:00:00,28.72354286469244,60.39409522551261,400.0,0.0,1.5613142082576497,20.80236190979496,0,1
2024-03-13 05:00:00,29.5,59.1,400.0,0.0,1.6862601569769031,21.32,0,1
2024-03-13 06:00:00,30.276457135307563,57.8059047744874,400.0,0.0,1.8189084690489656,21.83763809020504,0,1
2024-03-13 07:00:00,32.595360594011936,55.80231970299403,396.01159851497016,79.76802970059688,2.1732431221572055,23.755824534610746,0,1
2024-03-13 08:00:00,34.70332034355964,54.02346609406727,394.46624999999995,154.09999999999997,2.543024232768254,25.50801356237309,0,1
2024-03-13 09:00:00,36.45668241058719,52.59056988146087,389.1034845019153,217.93030996169395,2.8879387831990746,26.974796386879365,0,1
2024-03-13 10:00:00,37.735958067794485,51.60128057409102,386.6545485276818,266.90902944636395,3.160802026923349,28.05621418261269,0,1
2024-03-13 11:00:00,38.45396679324582,51.123016603377096,385.1150830168855,297.69833966229083,3.318314503587213,28.67857011392124,0,1
2024-03-13 12:00:00,38.56177747886721,51.18837086855466,384.59,308.2,3.3331810637522015,28.79945165257814,0,1
2024-03-13 13:00:00,33.59807621135332,59.36987298107781,440.0,297.69833966229083,2.1133239015142284,25.47205080756888,0,0
2024-03-13 14:00:00,33.121320343559645,60.16446609406727,440.0,266.909029446364,2.0174624479718735,25.15421356237309,0,0
2024-03-13 15:00:00,32.5,61.2,440.0,217.93030996169395,1.8976222249378185,24.74,0,0
2024-03-13 16:00:00,31.776457135307563,62.4059047744874,440.0,154.09999999999997,1.7650580844614738,24.25763809020504,0,0
2024-03-13 17:00:00,31.0,63.7,440.0,79.76802970059697,1.6308109871560457,23.74,0,0
2024-03-13 18:00:00,30.22354286469244,64.99409522551261,440.0,39.884014850298485,1.5044745058512399,23.22236190979496,0,0
2024-03-13 19:00:00,29.5,66.2,440.0,0.0,1.3935352886508392,22.74,0,0
2024-03-13 20:00:00,28.87867965644036,67.23553390593274,440.0,0.0,1.303265356548594,22.325786437626903,0,0
2024-03-13 21:00:00,28.401923788646684,68.0301270189222,440.0,0.0,1.2370089529066308,22.007949192431123,0,0
2024-03-13 22:00:00,28.102222521132795,68.52962913144535,440.0,0.0,1.1966567108965187,21.808148347421863,0,0
2024-03-13 23:00:00,28.0,68.7,440.0,0.0,1.183118203930517,21.74,0,0
2024-03-14 00:00:00,28.7022225211328,63.12962913144534,440.0,0.0,1.451682475173808,21.328148347421862,0,0
2024-03-14 01:00:00,27.501923788646685,58.03012701892219,400.0,0.0,1.5410006990149523,19.10794919243112,0,1
2024-03-14 02:00:00,27.97867965644036,57.23553390593273,400.0,0.0,1.61446144974011,19.425786437626904,0,1
2024-03-14 03:00:00,28.6,56.2,400.0,0.0,1.7143360728217714,19.84,0,1
2024-03-14 04:00:00,29.32354286469244,54.9940952255126,400.0,0.0,1.836774248408333,20.32236190979496,0,1
2024-03-14 05:00:00,30.1,53.7,400.0,0.0,1.9758354174023698,20.84,0,1
2024-03-14 06:00:00,30.876457135307565,52.40590477448739,400.0,0.0,2.1232156042412687,21.357638090205043,0,1
2024-03-14 07:00:00,33.02638873943361,50.43518972172205,397.124520408911,76.48102782779488,2.4968759611504217,23.21665850090031,0,1
2024-03-14 08:00:00,35.176320343559645,48.68696609406726,392.6125,147.74999999999997,2.9134043691488727,24.913713562373097,0,1
2024-03-14 09:00:00,36.877077288165815,47.28037244267156,389.5524973079688,208.9500538406248,3.2859747509399666,26.333151776700127,0,1
2024-03-14 10:00:00,38.11598761523324,46.31126580037164,387.2044746590849,255.9105068183016,3.579116221189294,27.378240775307564,0,1
2024-03-14 11:00:00,38.8086216333684,45.8456891833158,385.728445916579,285.43108166841967,3.7474568657081,27.97775947003156,0,1
2024-03-14 12:00:00,38.9077774788672,45.91537086855465,385.225,295.5,3.7626302030621237,28.09085165257813,0,1
2024-03-14 13:00:00,34.19807621135332,53.969872981077806,440.0,285.43108166841967,2.4755950270409914,24.99205080756888,0,0
2024-03-14 14:00:00,33.72132034355965,54.76446609406726,440.0,255.91050681830163,2.3691102190552504,24.674213562373097,0,0
2024-03-14 15:00:00,33.1,55.8,440.0,208.9500538406248,2.2358267210262985,24.26,0,0
2024-03-14 16:00:00,32.37645713530756,57.00590477448739,440.0,147.74999999999997,2.088164743187398,23.76,0,0
2024-03-14 17:00:00,31.6,58.3,440.0,76.48102782779496,1.9383618163942935,23.26,0,0
2024-03-14 18:00:00,30.82354286469244,59.5940952255126,440.0,3.6188312914804287e-14,1.7971159489863102,22.74236190979496,0,0
2024-03-14 19:00:00,30.1511112605664,60.8,440.0,0.0,1.67775227479555,22.26,0,0
2024-03-14 20:00:00,29.47867965644036,61.835533905932735,440.0,0.0,1.5715468539664386,21.845786437626906,0,0
2024-03-14 21:00:00,29.001923788646685,62.63012701892219,440.0,0.0,1.49708305815794,21.527949192431123,0,0
2024-03-14 22:00:00,28.7022225211328,63.12962913144534,440.0,0.0,1.451682475173808,21.328148347421862,0,0
2024-03-14 23:00:00,28.6,63.3,440.0,0.0,1.4364414126155025,21.26,0,0
2024-03-15 00:00:00,28.802222521132794,73.32962913144534,440.0,0.0,1.0561792209581464,23.468148347421863,0,0
2024-03-15 01:00:00,27.601923788646683,68.2301270189222,400.0,0.0,1.1733239560058741,21.24794919243112,0,1
2024-03-15 02:00:00,28.07867965644036,67.43553390593274,400.0,0.0,1.2365644467402301,21.565786437626905,0,1
2024-03-15 03:00:00,28.7,66.4,400.0,0.0,1.322749176991107,21.98,0,1
2024-03-15 04:00:00,29.42354286469244,65.19409522551261,400.0,0.0,1.4287029642107807,22.46236190979496,0,1
2024-03-15 05:00:00,30.2,63.9,400.0,0.0,1.5494058783366296,22.98,0,1
2024-03-15 06:00:00,30.97645713530756,62.60590477448739,400.0,0.0,1.6777138481991356,23.49763809020504,0,1
2024-03-15 07:00:00,33.25239663252492,60.62380168373754,396.1190084186877,77.61983162624597,2.008895039614118,25.377156969272427,0,1
2024-03-15 08:00:00,35.320320343559644,58.86496609406726,392.5025,149.94999999999996,2.354155673926632,27.093313562373098,0,1
2024-03-15 09:00:00,37.03930268491023,57.44925974429936,389.3969338161077,212.0613236778456,2.6757012348790936,28.529154633770105,0,1
2024-03-15 10:00:00,38.29219785076626,56.473160682605126,387.0139490702524,259.72101859495314,2.929420153517704,29.586829987287288,0,1
2024-03-15 11:00:00,38.69398766481673,56.00318844695908,385.5159422347954,289.6811553040916,3.025850351245712,30.19426079547365,0,1
2024-03-15 12:00:00,39.0957774788672,56.07137086855465,385.005,299.9,3.0870827132755103,30.310051652578128,0,1
2024-03-15 13:00:00,34.29807621135332,64.16987298107782,440.0,289.6811553040916,1.9377576629130484,27.13205080756888,0,0
2024-03-15 14:00:00,33.82132034355964,64.96446609406726,440.0,259.72101859495314,1.8451703625459313,26.81421356237309,0,0
2024-03-15 15:00:00,33.2,66.0,440.0,212.0613236778456,1.7295300680666548,26.4,0,0
2024-03-15 16:00:00,32.47645713530756,67.2059047744874,440.0,149.94999999999996,1.6017620405278319,25.91763809020504,0,0
2024-03-15 17:00:00,31.7,68.5,440.0,77.61983162624605,1.472549456856758,25.4,0,0
2024-03-15 18:00:00,30.95,69.7940952255126,440.0,3.672715750642912e-14,1.3531700642814388,24.88236190979496,0,0
2024-03-15 19:00:00,30.2,71.0,440.0,0.0,1.2446750823202843,24.4,0,0
2024-03-15 20:00:00,29.57867965644036,72.03553390593274,440.0,0.0,1.1581758322093865,23.985786437626903,0,0
2024-03-15 21:00:00,29.101923788646683,72.8301270189222,440.0,0.0,1.0947643912241556,23.667949192431124,0,0
2024-03-15 22:00:00,28.802222521132794,73.32962913144534,440.0,0.0,1.0561792209581464,23.468148347421863,0,0
2024-03-15 23:00:00,28.7,73.5,440.0,0.0,1.0432396782816769,23.4,0,0
2024-03-16 00:00:00,28.602222521132795,73.82962913144534,440.0,0.0,1.0244427132648901,23.368148347421865,0,0
2024-03-16 01:00:00,27.401923788646684,68.7301270189222,400.0,0.0,1.1414374105386986,21.147949192431124,0,1
2024-03-16 02:00:00,27.87867965644036,67.93553390593274,400.0,0.0,1.2034791279532828,21.465786437626907,0,1
2024-03-16 03:00:00,28.5,66.9,400.0,0.0,1.2880466248223064,21.880000000000003,0,1
2024-03-16 04:00:00,29.22354286469244,65.69409522551261,400.0,0.0,1.3920362715394055,22.36236190979496,0,1
2024-03-16 05:00:00,30.0,64.4,400.0,0.0,1.5105311609182086,22.880000000000003,0,1
2024-03-16 06:00:00,30.776457135307563,63.10590477448739,400.0,0.0,1.6365233390453846,23.39763809020504,0,1
2024-03-16 07:00:00,33.09329004165112,61.10335497917444,396.0167748958722,79.66450208255588,1.9668202754487747,25.313961037486003,0,1
2024-03-16 08:00:00,35.19932034355965,59.32546609406726,392.305,153.89999999999998,2.312314935615378,27.0644135623731,0,1
2024-03-16 09:00:00,36.9510255563377,57.89339830858562,389.1176266375391,217.6474672492193,2.6350716161179215,28.52970521805483,0,1
2024-03-16 10:00:00,38.22902986456421,56.90474467570616,386.6718690357575,266.5626192848502,2.890502790763611,29.60997879970544,0,1
2024-03-16 11:00:00,38.946239386635504,56.42688030668224,385.1344015334112,297.31196933177523,3.0376204132636273,30.231615447971954,0,1
2024-03-16 12:00:00,39.0537774788672,56.49237086855465,384.61,307.8,3.0506148802506248,30.352251652578133,0,1
2024-03-16 13:00:00,34.09807621135332,64.66987298107782,440.0,297.31196933177523,1.8895881705879678,27.03205080756888,0,0
2024-03-16 14:00:00,33.621320343559645,65.46446609406726,440.0,266.56261928485026,1.798654493706372,26.714213562373097,0,0
2024-03-16 15:00:00,33.0,66.5,440.0,217.6474672492193,1.685099511528295,26.3,0,0
2024-03-16 16:00:00,32.27645713530757,67.7059047744874,440.0,153.89999999999998,1.5596632972747262,25.817638090205044,0,0
2024-03-16 17:00:00,31.5,69.0,440.0,79.66450208255597,1.4328413599379066,25.3,0,0
2024-03-16 18:00:00,30.72354286469244,70.2940952255126,440.0,3.7694628477755534e-14,1.3137035890829354,24.78236190979496,0,0
2024-03-16 19:00:00,30.0,71.5,440.0,0.0,1.209273541746319,24.3,0,0
2024-03-16 20:00:00,29.37867965644036,72.53553390593274,440.0,0.0,1.1244434130276781,23.885786437626905,0,0
2024-03-16 21:00:00,28.901923788646684,73.3301270189222,440.0,0.0,1.0622691169740222,23.56794919243112,0,0
2024-03-16 22:00:00,28.602222521132795,73.82962913144534,440.0,0.0,1.0244427132648901,23.368148347421865,0,0
2024-03-16 23:00:00,28.5,74.0,440.0,0.0,1.0117586781081562,23.3,0,0
2024-03-17 00:00:00,28.2022225211328,71.32962913144534,440.0,0.0,1.0965459781165658,22.468148347421867,0,0
2024-03-17 01:00:00,27.001923788646685,66.2301270189222,400.0,0.0,1.2041467441452145,20.247949192431125,0,1
2024-03-17 02:00:00,27.47867965644036,65.43553390593274,400.0,0.0,1.267374576240326,20.565786437626908,0,1
2024-03-17 03:00:00,28.1,64.4,400.0,0.0,1.3535102820944152,20.980000000000004,0,1
2024-03-17 04:00:00,28.82354286469244,63.194095225512605,400.0,0.0,1.4593582055089673,21.46236190979496,0,1
2024-03-17 05:00:00,29.6,61.9,400.0,0.0,1.579885708695741,21.98,0,1
2024-03-17 06:00:00,30.376457135307565,60.60590477448739,400.0,0.0,1.7079503400783045,22.497638090205044,0,1
2024-03-17 07:00:00,32.56025705246842,58.66987147376579,396.3493573688289,73.01285262342111,2.0282327163974685,24.29423134722158,0,1
2024-03-17 08:00:00,34.542320343559645,56.95396609406726,392.9475,141.04999999999998,2.359783075222429,25.93311356237309,0,1
2024-03-17 09:00:00,36.18757267080782,55.57512475135056,390.02625885136376,199.4748229727251,2.6665645115806136,27.30259762107793,0,1
2024-03-17 10:00:00,37.38389280701901,54.62731320447875,390.4174289071252,244.3057664075901,2.9071250555484967,28.30935544791476,0,1
2024-03-17 11:00:00,38.04975351192292,54.17512324403854,386.3756162201927,272.4876755961462,3.0439637225068994,28.88477816073063,0,1
2024-03-17 12:00:00,38.13977747886721,54.24937086855466,385.895,282.1,3.053851088512786,28.98965165257814,0,1
2024-03-17 13:00:00,33.69807621135332,62.16987298107781,440.0,272.4876755961462,1.9787005436592306,26.13205080756888,0,0
2024-03-17 14:00:00,33.22132034355964,62.96446609406726,440.0,235.98124928443565,1.8861940495416778,25.81421356237309,0,0
2024-03-17 15:00:00,32.6,64.0,440.0,199.4748229727251,1.770617257983454,25.4,0,0
2024-03-17 16:00:00,31.876457135307565,65.25,440.0,141.04999999999998,1.6407843041949302,24.917638090205045,0,0
2024-03-17 17:00:00,31.1,66.5,440.0,73.01285262342118,1.51360784844024,24.4,0,0
2024-03-17 18:00:00,30.32354286469244,67.7940952255126,440.0,3.4547286203946846e-14,1.392082440716403,23.88236190979496,0,0
2024-03-17 19:00:00,29.6,69.0,440.0,0.0,1.2854713115372172,23.4,0,0
2024-03-17 20:00:00,28.97867965644036,70.03553390593274,440.0,0.0,1.1988018475192357,22.985786437626903,0,0
2024-03-17 21:00:00,28.501923788646685,70.8301270189222,440.0,0.0,1.1352371431454988,22.667949192431124,0,0
2024-03-17 22:00:00,28.2022225211328,71.32962913144534,440.0,0.0,1.0965459781165658,22.468148347421867,0,0
2024-03-17 23:00:00,28.1,71.5,440.0,0.0,1.0835686247104168,22.4,0,0
2024-03-18 00:00:00,27.9022225211328,69.12962913144534,440.0,0.0,1.1602517195228632,21.728148347421865,0,0
2024-03-18 01:00:00,26.701923788646685,64.03012701892219,400.0,0.0,1.2601918282936002,19.50794919243112,0,1
2024-03-18 02:00:00,27.17867965644036,63.23553390593273,400.0,0.0,1.324581592403781,19.825786437626903,0,1
2024-03-18 03:00:00,27.8,62.2,400.0,0.0,1.4122590076062238,20.24,0,1
2024-03-18 04:00:00,28.52354286469244,60.9940952255126,400.0,0.0,1.519941902817052,20.72236190979496,0,1
2024-03-18 05:00:00,29.3,59.7,400.0,0.0,1.6424866299216765,21.24,0,1
2024-03-18 06:00:00,30.076457135307564,58.40590477448739,400.0,0.0,1.7726189478483099,21.75763809020504,0,1
2024-03-18 07:00:00,32.28088873943361,56.40697844580587,396.03489222902937,79.30215541941234,2.1058781405790894,23.667438797549423,0,1
2024-03-18 08:00:00,34.48532034355964,54.63246609406726,392.34,153.19999999999996,2.4791967752309874,25.41181356237309,0,1
2024-03-18 09:00:00,36.23122656646448,53.20329780352223,389.1671241122221,216.65751775555816,2.8156569321088596,26.871886127168924,0,1
2024-03-18 10:00:00,37.50478115325825,52.21686903135913,386.7324908140224,265.350183719552,3.0817271954059082,27.94815495953008,0,1
2024-03-18 11:00:00,38.21919346349941,51.74040326825029,385.20201634125146,295.95967317497053,3.2351692530264384,28.567274117149463,0,1
2024-03-18 12:00:00,38.32577747886721,51.80637086855465,384.68,306.4,3.24938343842715,28.68705165257814,0,1
2024-03-18 13:00:00,33.39807621135331,59.969872981077806,440.0,295.95967317497053,2.0589732384858856,25.392050807568875,0,0
2024-03-18 14:00:00,32.92132034355964,60.76446609406726,440.0,265.350183719552,1.9649119585319883,25.074213562373096,0,0
2024-03-18 15:00:00,32.3,61.8,440.0,216.65751775555816,1.8473434148352548,24.66,0,0
2024-03-18 16:00:00,31.576457135307564,63.00590477448739,440.0,153.19999999999996,1.7173216787477652,24.177638090205043,0,0
2024-03-18 17:00:00,30.8,64.3,440.0,79.30215541941243,1.5856837223575637,23.66,0,0
2024-03-18 18:00:00,30.02354286469244,65.5940952255126,440.0,3.75231779258749e-14,1.461837433232062,23.14236190979496,0,0
2024-03-18 19:00:00,29.3,66.8,440.0,0.0,1.3531155363126468,22.66,0,0
2024-03-18 20:00:00,28.67867965644036,67.83553390593273,440.0,0.0,1.2646729498498475,22.245786437626904,0,0
2024-03-18 21:00:00,28.201923788646685,68.6301270189222,440.0,0.0,1.1997720852329945,21.92794919243112,0,0
2024-03-18 22:00:00,27.9022225211328,69.12962913144534,440.0,0.0,1.1602517195228632,21.728148347421865,0,0
2024-03-18 23:00:00,27.8,69.3,440.0,0.0,1.1469934268124624,21.66,0,0
2024-03-19 00:00:00,27.7022225211328,67.72962913144534,440.0,0.0,1.198807222014067,21.248148347421864,0,0
2024-03-19 01:00:00,26.501923788646685,62.63012701892219,400.0,0.0,1.2939223611927042,19.027949192431123,0,1
2024-03-19 02:00:00,26.97867965644036,61.835533905932735,400.0,0.0,1.3589920063806316,19.345786437626906,0,1
2024-03-19 03:00:00,27.6,60.8,400.0,0.0,1.4475705284345834,19.76,0,1
2024-03-19 04:00:00,28.32354286469244,59.5940952255126,400.0,0.0,1.5563244726396541,20.24236190979496,0,1
2024-03-19 05:00:00,29.1,58.3,400.0,0.0,1.6800448044990677,20.76,0,1
2024-03-19 06:00:00,29.876457135307565,57.00590477448739,400.0,0.0,1.8113801726115537,21.277638090205045,0,1
2024-03-19 07:00:00,32.2010546130042,55.11193543427733,395.9973634674895,80.05273065020967,2.1586955410029995,23.20094915170377,0,1
2024-03-19 08:00:00,34.31432034355964,53.21796609406726,392.2675,154.64999999999998,2.532340666382668,24.957913562373093,0,1
2024-03-19 09:00:00,36.0722387597733,51.78279170686781,389.0645936289501,218.7081274209992,2.875956588631502,26.428797101146863,0,1
2024-03-19 10:00:00,37.35501062667775,50.79175429464939,386.6069171304737,267.8616573905269,3.147934798306612,27.513361485607625,0,1
2024-03-19 11:00:00,38.07521716142418,50.31239141928791,385.0619570964396,298.7608580712088,3.305095134216286,28.13769544528176,0,1
2024-03-19 12:00:00,38.183777478867206,50.37737086855466,384.535,309.3,3.3201875357546813,28.259251652578136,0,1
2024-03-19 13:00:00,33.19807621135332,58.56987298107781,440.0,298.7608580712088,2.1072626486306683,24.91205080756888,0,0
2024-03-19 14:00:00,32.72132034355964,59.36446609406726,440.0,267.8616573905269,2.0122919728512643,24.59421356237309,0,0
2024-03-19 15:00:00,32.1,60.4,440.0,218.7081274209992,1.8935572274340482,24.18,0,0
2024-03-19 16:00:00,31.376457135307565,61.60590477448739,440.0,154.64999999999998,1.762204202121673,23.697638090205043,0,0
2024-03-19 17:00:00,30.6,62.9,440.0,80.05273065020975,1.629169312231931,23.18,0,0
2024-03-19 18:00:00,29.82354286469244,64.1940952255126,440.0,40.02636532510488,1.5039585414480916,22.66236190979496,0,0
2024-03-19 19:00:00,29.1,65.4,440.0,0.0,1.3939940104476674,22.180000000000003,0,0
2024-03-19 20:00:00,28.47867965644036,66.43553390593274,440.0,0.0,1.3045063157657704,21.765786437626907,0,0
2024-03-19 21:00:00,28.001923788646685,67.23012701892219,440.0,0.0,1.238817135339765,21.447949192431125,0,0
2024-03-19 22:00:00,27.7022225211328,67.72962913144534,440.0,0.0,1.198807222014067,21.248148347421864,0,0
2024-03-19 23:00:00,27.6,67.9,440.0,0.0,1.1853830092538296,21.180000000000003,0,0
2024-03-20 00:00:00,27.7022225211328,68.92962913144535,440.0,0.0,1.154228599962385,21.488148347421863,0,0
2024-03-20 01:00:00,26.501923788646685,63.83012701892219,400.0,0.0,1.2523726659551138,19.267949192431125,0,1
2024-03-20 02:00:00,26.97867965644036,62.9150635094611,400.0,0.0,1.320551219649061,19.585786437626908,0,1
2024-03-20 03:00:00,27.6,62.0,400.0,0.0,1.4032571449110758,20.0,0,1
2024-03-20 04:00:00,28.32354286469244,60.794095225512606,400.0,0.0,1.5101037685719954,20.48236190979496,0,1
2024-03-20 05:00:00,29.1,59.5,400.0,0.0,1.6316981914199578,21.0,0,1
2024-03-20 06:00:00,29.876457135307565,58.205904774487394,400.0,0.0,1.760823085743401,21.517638090205043,0,1
2024-03-20 07:00:00,32.19536059401194,56.20231970299403,396.01159851497016,79.76802970059688,2.105581657787216,23.435824534610745,0,1
2024-03-20 08:00:00,34.30332034355964,54.42346609406727,392.295,154.09999999999997,2.465579083761788,25.188013562373094,0,1
2024-03-20 09:00:00,36.0566824105872,52.99056988146087,389.1034845019153,217.93030996169395,2.8015265498385635,26.654796386879376,0,1
2024-03-20 10:00:00,37.335958067794486,52.00128057409102,386.6545485276818,266.90902944636395,3.067382544500767,27.73621418261269,0,1
2024-03-20 11:00:00,38.05396679324582,51.52301660337709,385.1150830168855,297.69833966229083,3.2208660131717606,28.35857011392124,0,1
2024-03-20 12:00:00,38.16177747886721,51.588370868554655,384.59,308.2,3.2353148698571816,28.47945165257814,0,1
2024-03-20 13:00:00,33.19807621135332,59.76987298107781,440.0,297.69833966229083,2.0462269878613477,25.15205080756888,0,0
2024-03-20 14:00:00,32.72132034355964,60.6849364905389,440.0,266.909029446364,1.9469016180608312,24.83421356237309,0,0
2024-03-20 15:00:00,32.1,61.6,440.0,217.93030996169395,1.836176705390592,24.385925826289068,0,0
2024-03-20 16:00:00,31.376457135307565,62.8059047744874,440.0,154.09999999999997,1.7071268515518687,23.93763809020504,0,0
2024-03-20 17:00:00,30.6,64.1,440.0,79.76802970059697,1.57647380887133,23.42,0,0
2024-03-20 18:00:00,29.82354286469244,65.39409522551261,440.0,3.7743614349721424e-14,1.4535548367769093,22.90236190979496,0,0
2024-03-20 19:00:00,29.1,66.6,440.0,0.0,1.3456473973685579,22.42,0,0
2024-03-20 20:00:00,28.47867965644036,67.63553390593273,440.0,0.0,1.2578674812753983,22.005786437626902,0,0
2024-03-20 21:00:00,28.001923788646685,68.43012701892219,440.0,0.0,1.1934528898553192,21.687949192431123,0,0
2024-03-20 22:00:00,27.7022225211328,68.92962913144535,440.0,0.0,1.154228599962385,21.488148347421863,0,0
2024-03-20 23:00:00,27.6,69.1,440.0,0.0,1.1410696257303223,21.42,0,0
2024-03-21 00:00:00,27.0022225211328,80.42962913144534,440.0,0.0,0.6978412794068553,23.08814834742186,0,0
2024-03-21 01:00:00,25.801923788646683,75.3301270189222,400.0,0.0,0.8196024771563285,20.867949192431123,0,1
2024-03-21 02:00:00,26.27867965644036,74.53553390593274,400.0,0.0,0.8701754566063492,21.185786437626906,0,1
2024-03-21 03:00:00,26.9,73.5,400.0,0.0,0.9392863177643942,21.6,0,1
2024-03-21 04:00:00,27.623542864692435,72.2940952255126,400.0,0.0,1.0245262281276333,22.082361909794955,0,1
2024-03-21 05:00:00,28.4,71.0,400.0,0.0,1.1219704777933428,22.6,0,1
2024-03-21 06:00:00,29.17645713530756,69.7059047744874,400.0,0.0,1.2259131247507187,23.11763809020504,0,1
2024-03-21 07:00:00,31.175977892355423,67.86201105382229,396.8100552691114,63.79889461777136,1.4583570636620597,24.748380103119885,0,1
2024-03-21 08:00:00,32.98632034355964,66.23196609406726,393.8375,123.25,1.6972791012184074,26.23271356237309,0,1
2024-03-21 09:00:00,34.484112642602994,64.92685476545296,391.2849089218758,174.30182156248398,1.9165115463748776,27.469483595693585,0,1
2024-03-21 10:00:00,35.567282719524485,64.03561824822602,389.3262368983568,213.47526203286407,2.0864340698980586,28.374406369169687,0,1
2024-03-21 11:00:00,36.16201432360511,63.61899283819744,388.0949641909872,238.1007161802553,2.180682102455453,28.8858128912446,0,1
2024-03-21 12:00:00,36.2277774788672,63.705370868554645,387.675,246.5,2.183357254679564,28.96885165257813,0,1
2024-03-21 13:00:00,32.498076211353315,71.2698729810778,440.0,238.1007161802553,1.4049748184839412,26.752050807568875,0,0
2024-03-21 14:00:00,32.02132034355964,72.06446609406726,440.0,213.47526203286407,1.3298730200117395,26.43421356237309,0,0
2024-03-21 15:00:00,31.4,73.1,440.0,174.30182156248398,1.2363017581781894,26.02,0,0
2024-03-21 16:00:00,30.67645713530756,74.30590477448739,440.0,123.25,1.1332380221421843,25.53763809020504,0,0
2024-03-21 17:00:00,29.9,75.6,440.0,63.79889461777143,1.0293843687534043,25.02,0,0
2024-03-21 18:00:00,29.123542864692435,76.8940952255126,440.0,3.0187543598982265e-14,0.9321765244500264,24.50236190979496,0,0
2024-03-21 19:00:00,28.4,78.1,440.0,0.0,0.8472811539198005,24.02,0,0
2024-03-21 20:00:00,27.77867965644036,79.13553390593273,440.0,0.0,0.7785559741605736,23.605786437626904,0,0
2024-03-21 21:00:00,27.301923788646683,79.93012701892219,440.0,0.0,0.7283321724492993,23.28794919243112,0,0
2024-03-21 22:00:00,27.0022225211328,80.42962913144534,440.0,0.0,0.6978412794068553,23.08814834742186,0,0
2024-03-21 23:00:00,26.9,80.6,440.0,0.0,0.6876284741369529,23.02,0,0
2024-03-22 00:00:00,28.4022225211328,75.92962913144534,440.0,0.0,0.9313700004142842,23.588148347421864,0,0
2024-03-22 01:00:00,27.201923788646685,70.8301270189222,400.0,0.0,1.0523891748946737,21.367949192431126,0,1
2024-03-22 02:00:00,27.67867965644036,70.03553390593274,400.0,0.0,1.1116170880789442,21.685786437626906,0,1
2024-03-22 03:00:00,28.3,69.0,400.0,0.0,1.19240302544045,22.1,0,1
2024-03-22 04:00:00,29.02354286469244,67.7940952255126,400.0,0.0,1.291820920015358,22.58236190979496,0,1
2024-03-22 05:00:00,29.8,66.5,400.0,0.0,1.4052019246573073,23.1,0,1
2024-03-22 06:00:00,30.576457135307564,65.2059047744874,400.0,32.30061682879459,1.5258574947967156,23.61763809020504,0,1
2024-03-22 07:00:00,32.59202467315178,63.3539876634241,396.7699383171205,64.60123365758918,1.8015820759383476,25.262822205836603,0,1
2024-03-22 08:00:00,34.417320343559645,61.71646609406726,393.76,124.79999999999998,2.084198087652365,26.76061356237309,0,1
2024-03-22 09:00:00,35.92795326303656,60.40493445523618,391.1753073707919,176.49385258416228,2.343059074866302,28.008940154083792,0,1
2024-03-22 10:00:00,37.02097629455913,59.50877146070869,389.1920029607702,216.15994078459588,2.5436540087680446,28.922730586700865,0,1
2024-03-22 11:00:00,37.62190172483503,59.08904913758248,387.9452456879124,241.09508624175143,2.655328779418252,29.43971155235152,0,1
2024-03-22 12:00:00,37.68977747886721,59.17437086855465,387.52,249.6,2.6595586061357377,29.524651652578136,0,1
2024-03-22 13:00:00,33.89807621135331,66.76987298107781,440.0,241.09508624175143,1.7575904683815324,27.252050807568875,0,0
2024-03-22 14:00:00,33.42132034355964,67.56446609406726,440.0,216.1599407845959,1.670510869415081,26.93421356237309,0,0
2024-03-22 15:00:00,32.8,68.6,440.0,176.49385258416228,1.5618334859132985,26.52,0,0
2024-03-22 16:00:00,32.076457135307564,69.80590477448739,440.0,124.79999999999998,1.441875856548847,26.037638090205043,0,0
2024-03-22 17:00:00,31.3,71.1,440.0,64.60123365758925,1.3206994781542563,25.52,0,0
2024-03-22 18:00:00,30.52354286469244,72.3940952255126,440.0,3.0567184106717935e-14,1.2069734524847802,25.00236190979496,0,0
2024-03-22 19:00:00,29.8,73.6,440.0,0.0,1.1073830092821766,24.52,0,0
2024-03-22 20:00:00,29.17867965644036,74.63553390593273,440.0,0.0,1.0265571664684632,24.105786437626904,0,0
2024-03-22 21:00:00,28.701923788646685,75.43012701892219,440.0,0.0,0.9673631172803208,23.78794919243112,0,0
2024-03-22 22:00:00,28.4022225211328,75.92962913144534,440.0,0.0,0.9313700004142842,23.588148347421864,0,0
2024-03-22 23:00:00,28.3,76.1,440.0,0.0,0.9193042680008634,23.52,0,0
2024-03-23 00:00:00,28.802222521132794,70.42962913144534,440.0,0.0,1.1710227586005089,22.88814834742186,0,0
2024-03-23 01:00:00,27.601923788646683,65.3301270189222,400.0,0.0,1.2804266653696683,20.667949192431124,0,1
2024-03-23 02:00:00,28.07867965644036,64.53553390593274,400.0,0.0,1.346685610255943,20.985786437626903,0,1
2024-03-23 03:00:00,28.7,63.5,400.0,0.0,1.436915028576649,21.4,0,1
2024-03-23 04:00:00,29.42354286469244,62.294095225512606,400.0,0.0,1.5477413464351746,21.88236190979496,0,1
2024-03-23 05:00:00,30.2,61.0,400.0,0.0,1.6738733865686581,22.4,0,1
2024-03-23 06:00:00,30.97645713530756,59.705904774487394,400.0,0.0,1.8078245015104648,22.91763809020504,0,1
2024-03-23 07:00:00,33.24722025162287,57.72638987418856,396.1319493709428,77.36101258114344,2.156090247375638,24.792498226460584,0,1
2024-03-23 08:00:00,35.31032034355964,55.96996609406726,392.5275,149.44999999999996,2.5184472332270604,26.50431356237309,0,1
2024-03-23 09:00:00,37.0251605492865,54.55633081211122,389.43228915516704,211.35421689665904,2.8554163068359073,27.93642671170874,0,1
2024-03-23 10:00:00,38.27487734269057,53.58182093664297,387.0572503404416,258.85499319116866,3.1210931001759756,28.991241530019167,0,1
2024-03-23 11:00:00,38.974304589556056,53.11284770522197,385.5642385261099,288.7152294778025,3.2735818047161196,29.59687413060045,0,1
2024-03-23 12:00:00,39.0757774788672,53.18137086855466,385.055,298.9,3.286648974147771,29.712051652578133,0,1
2024-03-23 13:00:00,34.29807621135332,61.26987298107781,440.0,288.7152294778025,2.0945948747789216,26.55205080756888,0,0
2024-03-23 14:00:00,33.82132034355964,62.064466094067264,440.0,258.8549931911687,1.9979008465668155,26.234213562373093,0,0
2024-03-23 15:00:00,33.2,63.1,440.0,211.35421689665904,1.8770488091664577,25.820000000000004,0,0
2024-03-23 16:00:00,32.47645713530756,64.3059047744874,440.0,149.44999999999996,1.7434067447219264,25.337638090205044,0,0
2024-03-23 17:00:00,31.7,65.6,440.0,77.36101258114353,1.6081175020911904,24.82,0,0
2024-03-23 18:00:00,30.92354286469244,66.89409522551261,440.0,3.660469282651438e-14,1.480851596433797,24.30236190979496,0,0
2024-03-23 19:00:00,30.2,68.1,440.0,0.0,1.369142590552313,23.82,0,0
2024-03-23 20:00:00,29.57867965644036,69.13553390593273,440.0,0.0,1.2782821808201252,23.405786437626904,0,0
2024-03-23 21:00:00,29.101923788646683,69.93012701892219,440.0,0.0,1.2116150197405688,23.08794919243112,0,0
2024-03-23 22:00:00,28.802222521132794,70.42962913144534,440.0,0.0,1.1710227586005089,22.88814834742186,0,0
2024-03-23 23:00:00,28.7,70.6,440.0,0.0,1.1574055298672188,22.82,0,0
2024-03-24 00:00:00,28.802222521132794,69.12962913144534,440.0,0.0,1.2225043444401886,22.628148347421863,0,0
2024-03-24 01:00:00,27.601923788646683,64.03012701892219,400.0,0.0,1.3284382247396456,20.40794919243112,0,1
2024-03-24 02:00:00,28.07867965644036,63.23553390593273,400.0,0.0,1.396050269762987,20.725786437626905,0,1
2024-03-24 03:00:00,28.7,62.2,400.0,0.0,1.4880928241149955,21.14,0,1
2024-03-24 04:00:00,29.42354286469244,60.9940952255126,400.0,0.0,1.6011033798461096,21.62236190979496,0,1
2024-03-24 05:00:00,30.2,59.7,400.0,0.0,1.7296691661209467,22.14,0,1
2024-03-24 06:00:00,31.72309248772123,58.40590477448739,400.0,0.0,1.9469686513604996,22.65763809020504,0,1
2024-03-24 07:00:00,33.24618497544246,56.42690751227877,396.1345375613938,77.30924877212294,2.222239217838219,24.531566477898213,0,1
2024-03-24 08:00:00,35.30832034355964,54.84232626897618,392.5325,149.34999999999997,2.582661561273053,26.24251356237309,0,1
2024-03-24 09:00:00,37.02233212216176,53.25774502567359,389.4393602229789,211.21279554042167,2.936559541350352,27.673881127296475,0,1
2024-03-24 10:00:00,38.27141324107544,52.28355298745053,390.4174289071252,258.6817881104118,3.2077870855973396,28.728123838565544,0,1
2024-03-24 11:00:00,38.9704408862509,51.81477955687455,385.5738977843728,288.5220443125447,3.3635128891052686,29.33339679762581,0,1
2024-03-24 12:00:00,39.071777478867205,51.88337086855465,388.925,298.7,3.3770432174145073,29.448451652578136,0,1
2024-03-24 13:00:00,34.29807621135332,59.969872981077806,440.0,288.5220443125447,2.164901211132589,26.29205080756888,0,0
2024-03-24 14:00:00,33.82132034355964,60.76446609406726,440.0,258.68178811041184,2.0663662359554875,25.97421356237309,0,0
2024-03-24 15:00:00,33.2,61.8,440.0,211.21279554042167,1.9431779000043004,25.56,0,0
2024-03-24 16:00:00,32.47645713530756,63.00590477448739,440.0,149.34999999999997,1.8069026466020386,25.07763809020504,0,0
2024-03-24 17:00:00,31.7,64.3,440.0,77.30924877212303,1.6688893844376593,24.56,0,0
2024-03-24 18:00:00,30.92354286469244,65.5940952255126,440.0,3.658019989053144e-14,1.539001557550326,24.042361909794955,0,0
2024-03-24 19:00:00,30.2,66.8,440.0,0.0,1.4249383701046014,23.56,0,0
2024-03-24 20:00:00,29.57867965644036,67.83553390593273,440.0,0.0,1.3321229577835598,23.145786437626903,0,0
2024-03-24 21:00:00,29.101923788646683,68.6301270189222,440.0,0.0,1.2639963359720643,22.82794919243112,0,0
2024-03-24 22:00:00,28.802222521132794,69.12962913144534,440.0,0.0,1.2225043444401886,22.628148347421863,0,0
2024-03-24 23:00:00,28.7,69.3,440.0,0.0,1.2085833254055653,22.56,0,0
2024-03-25 00:00:00,28.302222521132794,68.42962913144535,440.0,0.0,1.2144989203034557,21.988148347421863,0,0
2024-03-25 01:00:00,27.101923788646683,63.33012701892219,400.0,0.0,1.3152438505646873,19.76794919243112,0,0
2024-03-25 02:00:00,27.57867965644036,62.53553390593274,400.0,0.0,1.3817593427717467,20.085786437626904,0,1
2024-03-25 03:00:00,28.2,61.5,400.0,0.0,1.4723062269508096,20.5,0,1
2024-03-25 04:00:00,28.92354286469244,60.294095225512606,400.0,0.0,1.5834765910795292,20.98236190979496,0,1
2024-03-25 05:00:00,29.7,59.0,400.0,0.0,1.709944850626337,21.5,0,1
2024-03-25 06:00:00,30.47645713530756,57.705904774487394,400.0,0.0,1.8441953975121381,22.01763809020504,0,1
2024-03-25 07:00:00,32.82331305088301,55.68834347455849,395.9417173727925,81.1656525441505,2.206946332801924,23.960981745794708,0,1
2024-03-25 08:00:00,34.957320343559644,53.896466094067264,392.16,156.79999999999998,2.5861460448847677,25.736613562373098,0,1
2024-03-25 09:00:00,36.73304994295535,52.4523861152768,388.9125656709949,221.7486865801013,2.940416171520928,27.223527166010705,0,1
2024-03-25 10:00:00,38.0294888114032,51.45451520228666,386.42072166866,271.5855666268,3.2211523125079897,28.320391851860528,0,1
2024-03-25 11:00:00,38.75828678248504,50.97085660875748,384.8542830437874,302.91433912425185,3.383627749464751,28.95245810423654,0,1
2024-03-25 12:00:00,38.8697774788672,51.03437086855465,384.32,313.6,3.399557435759597,29.07665165257813,0,1
2024-03-25 13:00:00,33.79807621135332,59.26987298107781,440.0,292.5927833134,2.142301728669229,25.65205080756888,0,0
2024-03-25 14:00:00,33.32132034355964,60.064466094067264,440.0,271.5855666268,2.04530650998238,25.33421356237309,0,0
2024-03-25 15:00:00,32.7,61.1,440.0,221.7486865801013,1.9240402036391406,24.92,0,0
2024-03-25 16:00:00,31.97645713530756,62.3059047744874,440.0,156.79999999999998,1.7898865379169275,24.43763809020504,0,0
2024-03-25 17:00:00,31.2,63.6,440.0,81.1656525441506,1.6540158495389277,23.92,0,0
2024-03-25 18:00:00,30.42354286469244,64.89409522551261,440.0,3.8404923621260997e-14,1.5261375902828038,23.40236190979496,0,0
2024-03-25 19:00:00,29.7,66.1,440.0,0.0,1.4138324496642154,22.92,0,0
2024-03-25 20:00:00,29.07867965644036,67.13553390593273,440.0,0.0,1.3224420793101725,22.505786437626902,0,0
2024-03-25 21:00:00,28.601923788646683,67.93012701892219,440.0,0.0,1.2553577856983125,22.18794919243112,0,0
2024-03-25 22:00:00,28.302222521132794,68.42962913144535,440.0,0.0,1.2144989203034557,21.988148347421863,0,0
2024-03-25 23:00:00,28.2,68.6,440.0,0.0,1.2007900136689722,21.92,0,0
2024-03-26 00:00:00,28.5022225211328,66.02962913144535,440.0,0.0,1.3220864918723687,21.70814834742186,0,0
2024-03-26 01:00:00,27.301923788646683,60.93012701892219,400.0,0.0,1.4178388419525723,19.48794919243112,0,1
2024-03-26 02:00:00,27.77867965644036,60.13553390593274,400.0,0.0,1.4875395370448934,19.805786437626907,0,1
2024-03-26 03:00:00,28.4,59.1,400.0,0.0,1.5823652600602662,20.22,0,1
2024-03-26 04:00:00,29.123542864692435,57.89409522551261,400.0,0.0,1.6987058656471155,20.70236190979496,0,1
2024-03-26 05:00:00,29.9,56.6,400.0,0.0,1.830954164094169,21.22,0,1
2024-03-26 06:00:00,30.67645713530756,55.3059047744874,400.0,37.89110820300904,1.9712329868110334,21.73763809020504,0,1
2024-03-26 07:00:00,32.91564432812036,53.34217783593982,396.2108891796991,75.78221640601808,2.3358752213317517,23.58407989530832,0,1
2024-03-26 08:00:00,34.94932034355964,51.60046609406727,392.68,146.39999999999998,2.7137379885952604,25.269413562373096,0,1
2024-03-26 09:00:00,36.638893521981736,50.1994643257636,389.6479567234289,207.0408655314212,3.063950267312693,26.67878638713445,0,1
2024-03-26 10:00:00,37.86922224342888,49.23464848627382,387.3213880885958,253.5722382280836,3.3393721298275603,27.716151940683645,0,1
2024-03-26 11:00:00,38.55646163874879,48.77176918062561,385.858845903128,282.8230819374392,3.4972013060945746,28.31081547487391,0,1
2024-03-26 12:00:00,38.653777478867205,48.84237086855466,385.36,292.8,3.510726375960808,28.422251652578137,0,1
2024-03-26 13:00:00,33.998076211353315,56.86987298107781,440.0,282.8230819374392,2.2939579541545676,25.37205080756888,0,0
2024-03-26 14:00:00,33.521320343559644,57.66446609406727,440.0,253.57223822808368,2.1926072757051798,25.054213562373096,0,0
2024-03-26 15:00:00,32.9,58.7,440.0,207.0408655314212,2.0658266116990283,24.64,0,0
2024-03-26 16:00:00,32.17645713530756,59.9059047744874,440.0,146.39999999999998,1.925476032690043,24.15763809020504,0,0
2024-03-26 17:00:00,31.4,61.2,440.0,75.78221640601815,1.7832159188592471,23.64,0,0
2024-03-26 18:00:00,30.623542864692435,62.49409522551261,440.0,3.58576582790345e-14,1.649209163260797,23.12236190979496,0,0
2024-03-26 19:00:00,29.9,63.7,440.0,0.0,1.5314201879405147,22.64,0,0
2024-03-26 20:00:00,29.27867965644036,64.73553390593274,440.0,0.0,1.4354900331599487,22.225786437626905,0,0
2024-03-26 21:00:00,28.801923788646683,65.5301270189222,440.0,0.0,1.3650254185827277,21.90794919243112,0,0
2024-03-26 22:00:00,28.5022225211328,66.02962913144535,440.0,0.0,1.3220864918723687,21.70814834742186,0,0
2024-03-26 23:00:00,28.4,66.2,440.0,0.0,1.3076759361867234,21.64,0,0
2024-03-27 00:00:00,28.7022225211328,71.82962913144534,440.0,0.0,1.109140828955015,23.068148347421864,0,0
2024-03-27 01:00:00,27.501923788646685,66.7301270189222,400.0,0.0,1.2215642764297674,20.847949192431127,0,1
2024-03-27 02:00:00,27.97867965644036,65.93553390593274,400.0,0.0,1.2860155249893377,21.165786437626902,0,1
2024-03-27 03:00:00,28.6,64.9,400.0,0.0,1.373817263836625,21.58,0,1
2024-03-27 04:00:00,29.32354286469244,63.694095225512605,400.0,0.0,1.4817111507720628,22.06236190979496,0,1
2024-03-27 05:00:00,30.1,62.4,400.0,0.0,1.6045661273073242,22.58,0,1
2024-03-27 06:00:00,30.876457135307565,61.10590477448739,400.0,0.0,1.7351007410555257,23.097638090205045,0,1
2024-03-27 07:00:00,33.02609293851489,59.18695353074256,396.4347676537128,71.30464692574446,2.0559631641014486,24.863483644663404,0,1
2024-03-27 08:00:00,34.97632034355965,57.48696609406726,393.1125,137.74999999999997,2.3872456589292574,26.473713562373103,0,1
2024-03-27 09:00:00,36.5942345756912,56.12179379890887,390.2596040891553,194.80791821689385,2.6930052226766263,27.81859333547297,0,1
2024-03-27 10:00:00,37.76957745371946,55.184470881128526,388.07050006286937,238.58999874261283,2.9321276397688636,28.806471629945168,0,1
2024-03-27 11:00:00,38.42225130285277,54.73887434857362,386.6943717428681,266.11256514263835,3.0675812702359404,29.370026172567496,0,1
2024-03-27 12:00:00,38.5077774788672,54.81537086855465,386.225,275.5,3.0765440015594803,29.470851652578133,0,1
2024-03-27 13:00:00,34.19807621135332,62.66987298107781,440.0,266.11256514263835,2.007691109973744,26.73205080756888,0,0
2024-03-27 14:00:00,33.72132034355965,63.46446609406726,440.0,238.5899987426129,1.9134671189065535,26.4142135623731,0,0
2024-03-27 15:00:00,33.1,64.5,440.0,194.80791821689385,1.7957431809147868,26.0,0,0
2024-03-27 16:00:00,32.37645713530756,65.7059047744874,440.0,137.74999999999997,1.6656175731529868,25.51763809020504,0,0
2024-03-27 17:00:00,31.6,67.0,440.0,71.30464692574454,1.533955394268865,25.0,0,0
2024-03-27 18:00:00,30.82354286469244,68.2940952255126,440.0,3.3739019316509584e-14,1.4101698121916475,24.48236190979496,0,0
2024-03-27 19:00:00,30.1,69.5,440.0,0.0,1.3015762468849308,24.0,0,0
2024-03-27 20:00:00,29.47867965644036,70.53553390593274,440.0,0.0,1.2132958674123933,23.585786437626908,0,0
2024-03-27 21:00:00,29.001923788646685,71.3301270189222,440.0,0.0,1.148550361443421,23.267949192431125,0,0
2024-03-27 22:00:00,28.7022225211328,71.82962913144534,440.0,0.0,1.109140828955015,23.068148347421864,0,0
2024-03-27 23:00:00,28.6,72.0,440.0,0.0,1.0959226036303562,23.0,0,0
2024-03-28 00:00:00,30.0022225211328,71.82962913144534,440.0,0.0,1.1954395454970717,24.36814834742186,0,0
2024-03-28 01:00:00,28.801923788646683,66.7301270189222,400.0,0.0,1.3175047763338146,22.147949192431124,0,1
2024-03-28 02:00:00,29.35096189432334,65.93553390593274,400.0,0.0,1.3924329232907608,22.465786437626903,0,1
2024-03-28 03:00:00,29.9,64.9,400.0,0.0,1.4807947271821504,22.88,0,1
2024-03-28 04:00:00,30.623542864692435,63.694095225512605,400.0,0.0,1.5964427786658266,23.36236190979496,0,1
2024-03-28 05:00:00,31.4,62.4,400.0,0.0,1.7280649110594766,23.88,0,1
2024-03-28 06:00:00,32.17645713530756,61.10590477448739,400.0,0.0,1.867847316385758,24.397638090205035,0,1
2024-03-28 07:00:00,34.254141243976385,59.222929378011806,396.614646890059,67.70706219881943,2.1999200858263346,26.098727119578747,0,1
2024-03-28 08:00:00,36.13732034355965,57.55646609406726,393.46,130.79999999999998,2.540629892959379,27.648613562373097,0,1
2024-03-28 09:00:00,37.69765889052133,56.2200816414938,390.75104330208,184.9791339584009,2.8532322322481747,28.94167521882009,0,1
2024-03-28 10:00:00,38.82882239146738,55.30484841225456,390.4174289071252,226.5522456300092,3.0962469982185277,29.889792073918297,0,1
2024-03-28 11:00:00,39.4537239231444,54.8731380384278,387.36569019213897,252.68619615722028,3.232691524727467,30.42835153082996,0,1
2024-03-28 12:00:00,39.5297774788672,54.954370868554655,386.92,261.6,3.240026691470939,30.52065165257813,0,1
2024-03-28 13:00:00,35.498076211353315,62.66987298107781,440.0,252.68619615722028,2.1574304254922545,28.03205080756888,0,0
2024-03-28 14:00:00,35.021320343559644,63.46446609406726,440.0,226.5522456300092,2.0566985861144347,27.714213562373097,0,0
2024-03-28 15:00:00,34.4,64.5,440.0,184.9791339584009,1.930802093963118,27.3,0,0
2024-03-28 16:00:00,33.67645713530756,65.75,440.0,130.79999999999998,1.7892823197239738,26.81763809020504,0,0
2024-03-28 17:00:00,32.9,67.0,440.0,67.7070621988195,1.650660488766778,26.3,0,0
2024-03-28 18:00:00,32.15,68.2940952255126,440.0,3.203676026569476e-14,1.5203701637798557,25.78236190979496,0,0
2024-03-28 19:00:00,31.4,69.5,440.0,1.601838013284738e-14,1.401754781577501,25.3,0,0
2024-03-28 20:00:00,30.77867965644036,70.53553390593274,440.0,0.0,1.3071305274983043,24.885786437626905,0,0
2024-03-28 21:00:00,30.301923788646683,71.3301270189222,440.0,0.0,1.237707273630322,24.56794919243112,0,0
2024-03-28 22:00:00,30.0022225211328,71.82962913144534,440.0,0.0,1.1954395454970717,24.36814834742186,0,0
2024-03-28 23:00:00,29.9,72.0,440.0,0.0,1.1812607510284963,24.3,0,0
2024-03-29 00:00:00,29.7022225211328,68.22962913144534,440.0,0.0,1.3251834972591887,23.348148347421866,0,0
2024-03-29 01:00:00,28.501923788646685,63.13012701892219,400.0,0.0,1.4349068060161858,21.127949192431124,0,1
2024-03-29 02:00:00,28.97867965644036,62.335533905932735,400.0,0.0,1.5068592044205735,21.445786437626907,0,1
2024-03-29 03:00:00,29.6,61.3,400.0,0.0,1.6047657985964612,21.86,0,1
2024-03-29 04:00:00,30.32354286469244,60.0940952255126,400.0,0.0,1.7249106866102315,22.34236190979496,0,1
2024-03-29 05:00:00,31.1,58.8,400.0,0.0,1.8615117419623253,22.86,0,1
2024-03-29 06:00:00,31.876457135307565,57.50590477448739,400.0,0.0,2.0064358119995913,23.377638090205043,0,1
2024-03-29 07:00:00,34.06284524291945,55.56857737854028,396.34288689270136,73.14226214597237,2.3717055260224886,25.176560718627503,0,1
2024-03-29 08:00:00,36.04732034355965,53.85146609406726,392.935,141.29999999999998,2.7488096470995416,26.8176135623731,0,1
2024-03-29 09:00:00,37.69464373861968,52.471589217444624,390.0085811818341,199.8283763633184,3.09702352552013,28.188961582108607,0,1
2024-03-29 10:00:00,38.89255306105685,51.52298307745983,387.7630610445259,244.7387791094824,3.3697553637126987,29.19714967654882,0,1
2024-03-29 11:00:00,39.559412770185816,51.07029361490709,386.3514680745355,272.9706385092907,3.5249806369225034,29.77347149316724,0,1
2024-03-29 12:00:00,39.64977747886721,51.14437086855465,385.87,282.6,3.536684256555384,29.87865165257814,0,1
2024-03-29 13:00:00,35.19807621135332,59.06987298107781,440.0,272.9706385092907,2.32668543649841,27.01205080756888,0,1
2024-03-29 14:00:00,34.72132034355965,59.86446609406726,440.0,244.7387791094824,2.222164972849891,26.6942135623731,0,0
2024-03-29 15:00:00,34.1,60.9,440.0,199.8283763633184,2.091439014664352,26.28,0,0
2024-03-29 16:00:00,33.37645713530756,62.10590477448739,440.0,141.29999999999998,1.9467497830293423,25.79763809020504,0,0
2024-03-29 17:00:00,32.6,63.4,440.0,73.14226214597244,1.8001275456165116,25.28,0,0
2024-03-29 18:00:00,31.82354286469244,64.6940952255126,440.0,3.4608518543904213e-14,1.6620496160297153,24.76236190979496,0,0
2024-03-29 19:00:00,31.1,65.9,440.0,0.0,1.5407172427406621,24.28,0,0
2024-03-29 20:00:00,30.47867965644036,66.93553390593274,440.0,0.0,1.4419289968487867,23.86578643762691,0,0
2024-03-29 21:00:00,30.001923788646685,67.73012701892219,440.0,0.0,1.3693827989935545,23.547949192431123,0,0
2024-03-29 22:00:00,29.7022225211328,68.22962913144534,440.0,0.0,1.3251834972591887,23.348148347421866,0,0
2024-03-29 23:00:00,29.6,68.4,440.0,0.0,1.3103514014379372,23.28,0,0
2024-03-30 00:00:00,29.5022225211328,63.12962913144534,440.0,0.0,1.5203176843938866,22.128148347421863,0,0
2024-03-30 01:00:00,28.301923788646683,58.03012701892219,400.0,0.0,1.6145353833777711,19.90794919243112,0,1
2024-03-30 02:00:00,28.77867965644036,57.23553390593273,400.0,0.0,1.691218879989779,20.2257864376269,0,1
2024-03-30 03:00:00,29.4,56.2,400.0,0.0,1.7954531715139022,20.64,0,1
2024-03-30 04:00:00,30.123542864692435,54.9940952255126,400.0,0.0,1.9232034892616756,21.12236190979496,0,1
2024-03-30 05:00:00,30.9,53.7,400.0,0.0,2.068257421556396,21.64,0,1
2024-03-30 06:00:00,31.67645713530756,52.40590477448739,400.0,0.0,2.2219449414459276,22.15763809020504,0,1
2024-03-30 07:00:00,34.02848943178506,50.38575528410747,395.92877642053736,81.42447158925303,2.6432999743069687,24.10564048860656,0,1
2024-03-30 08:00:00,36.167320343559645,48.59146609406726,392.135,157.29999999999998,3.0823300610602042,25.88561356237309,0,1
2024-03-30 09:00:00,37.94719207857907,47.145315047464926,388.8772103319356,222.45579336128787,3.4915087254570776,27.376255088072057,0,1
2024-03-30 10:00:00,39.24680931947889,46.14585494824881,390.4174289071252,272.4515920305844,3.815368694485021,28.47598030912865,0,1
2024-03-30 11:00:00,39.97760529901082,45.66119735049459,384.80598675247296,303.8802649505409,4.003039103642894,29.10984476910973,0,1
2024-03-30 12:00:00,40.089777478867205,45.72437086855465,384.27,314.6,4.022354404185798,29.234651652578137,0,1
2024-03-30 13:00:00,34.998076211353315,53.969872981077806,440.0,303.8802649505409,2.587852135378667,25.79205080756888,0,0
2024-03-30 14:00:00,34.521320343559644,54.76446609406726,440.0,272.45159203058444,2.4769249196873604,25.47421356237309,0,0
2024-03-30 15:00:00,33.9,55.8,440.0,214.87579601529222,2.3380538550662195,25.06,0,0
2024-03-30 16:00:00,33.17645713530756,57.00590477448739,440.0,157.29999999999998,2.1841642821326217,24.577638090205035,0,0
2024-03-30 17:00:00,32.4,58.3,440.0,81.42447158925312,2.028000769588048,24.06,0,0
2024-03-30 18:00:00,31.623542864692435,59.5940952255126,440.0,3.852738830117573e-14,1.8807153732906114,23.542361909794955,0,0
2024-03-30 19:00:00,30.9,60.8,440.0,0.0,1.7510948363933205,23.06,0,0
2024-03-30 20:00:00,30.27867965644036,61.835533905932735,440.0,0.0,1.645408006007178,22.645786437626903,0,0
2024-03-30 21:00:00,29.801923788646683,62.63012701892219,440.0,0.0,1.5677021138966916,22.32794919243112,0,0
2024-03-30 22:00:00,29.5022225211328,63.12962913144534,440.0,0.0,1.5203176843938866,22.128148347421863,0,0
2024-03-30 23:00:00,29.4,63.3,440.0,0.0,1.504409392569868,22.06,0,0
2024-03-31 00:00:00,30.2022225211328,64.32962913144534,440.0,0.0,1.5311611537092307,23.068148347421864,0,0
2024-03-31 01:00:00,29.001923788646685,59.23012701892219,400.0,0.0,1.6332912384831542,20.847949192431123,0,1
2024-03-31 02:00:00,29.47867965644036,58.435533905932736,400.0,0.0,1.7115529866427324,21.165786437626902,0,1
2024-03-31 03:00:00,30.1,57.4,400.0,0.0,1.817939282534362,21.58,0,1
2024-03-31 04:00:00,30.82354286469244,56.194095225512605,400.0,0.0,1.9483362783083618,22.06236190979496,0,1
2024-03-31 05:00:00,31.6,54.9,400.0,0.0,2.0964057055007825,22.58,0,1
2024-03-31 06:00:00,32.37645713530756,53.60590477448739,400.0,0.0,2.253298119982456,23.09763809020504,0,1
2024-03-31 07:00:00,34.66844341332128,51.61577829333936,396.0788914666968,78.42217066606378,2.6710309401838246,24.99159907198915,0,1
2024-03-31 08:00:00,36.75132034355965,49.84946609406726,392.425,151.49999999999997,3.10447835279563,26.7212135623731,0,1
2024-03-31 09:00:00,38.4831433053438,48.42733943408257,389.2873322650238,214.25335469952392,3.506836569033017,28.16861119216031,0,1
2024-03-31 10:00:00,39.745891425800906,47.446313895087805,386.87971513266575,262.4056973466849,3.82396901613222,29.235154204818468,0,1
2024-03-31 11:00:00,40.45351050731176,46.97324474634412,385.3662237317206,292.6755253655877,4.006572379495448,29.84815945658058,0,1
2024-03-31 12:00:00,40.55777747886721,47.04037086855465,384.85,303.0,4.023717238816006,29.96585165257813,0,1
2024-03-31 13:00:00,35.69807621135332,55.16987298107781,440.0,292.6755253655877,2.619552050328862,26.73205080756888,0,0
2024-03-31 14:00:00,35.22132034355965,55.96446609406726,440.0,262.4056973466849,2.5064262675511952,26.4142135623731,0,0
2024-03-31 15:00:00,34.6,57.0,440.0,214.25335469952392,2.364810219256975,26.0,0,0
2024-03-31 16:00:00,33.87645713530756,58.205904774487394,440.0,151.49999999999997,2.2078898806690535,25.51763809020504,0,0
2024-03-31 17:00:00,33.1,59.5,440.0,78.42217066606386,2.048664755691518,25.0,0,0
2024-03-31 18:00:00,32.32354286469244,60.794095225512606,440.0,3.71067980141648e-14,1.8985069753868022,24.482361909794964,0,0
2024-03-31 19:00:00,31.6,62.0,440.0,0.0,1.7663728782489962,24.0,0,0
2024-03-31 20:00:00,30.97867965644036,63.03553390593274,440.0,0.0,1.658648109311323,23.585786437626908,0,0
2024-03-31 21:00:00,30.501923788646685,63.83012701892219,440.0,0.0,1.5794513065377196,23.267949192431125,0,0
2024-03-31 22:00:00,30.2022225211328,64.16506350946109,440.0,0.0,1.5382251814017605,23.068148347421864,0,0
2024-03-31 23:00:00,30.1,64.5,440.0,0.0,1.5149494021119683,23.0,0,0
2024-04-01 00:00:00,30.5022225211328,72.42962913144534,440.0,0.0,1.2039522966938208,24.988148347421863,0,0
2024-04-01 01:00:00,29.301923788646683,67.3301270189222,400.0,0.0,1.3316571227044132,22.76794919243112,0,1
2024-04-01 02:00:00,29.77867965644036,66.53553390593274,400.0,0.0,1.4019931708903794,23.085786437626904,0,1
2024-04-01 03:00:00,30.4,65.5,400.0,0.0,1.4977797699934747,23.5,0,1
2024-04-01 04:00:00,31.123542864692435,64.2940952255126,400.0,0.0,1.6154377026265174,23.98236190979496,0,1
2024-04-01 05:00:00,31.9,63.0,400.0,0.0,1.749349825138384,24.5,0,1
2024-04-01 06:00:00,32.67645713530756,61.705904774487394,400.0,0.0,1.891566082175155,25.01763809020504,0,1
2024-04-01 07:00:00,34.88820950933949,59.75589524533025,396.2794762266512,74.41047546697472,2.248853894833498,26.83938855840554,0,1
2024-04-01 08:00:00,36.89632034355965,58.02696609406726,392.8125,143.74999999999997,2.618893400513893,28.50171356237309,0,1
2024-04-01 09:00:00,38.56394020317596,56.63694098516648,389.83534002044337,203.29319959113243,2.9614615324757465,29.891328400209257,0,1
2024-04-01 10:00:00,39.77742355062773,55.68054783267439,387.5508848205987,248.9823035880261,3.2302539187816914,30.9135331171626,0,1
2024-04-01 11:00:00,40.45407350116214,55.22296324941893,386.11481624709467,277.70367505810714,3.3833449416656554,31.498666151045928,0,1
2024-04-01 12:00:00,40.5477774788672,55.295370868554656,385.625,287.5,3.394724037801983,31.606851652578136,0,1
2024-04-01 13:00:00,35.998076211353315,63.26987298107781,440.0,277.70367505810714,2.1819056828108114,28.65205080756888,0,0
2024-04-01 14:00:00,35.521320343559644,64.06446609406726,440.0,248.98230358802613,2.07949220444977,28.33421356237309,0,0
2024-04-01 15:00:00,34.9,65.1,440.0,203.29319959113243,1.9514958551874801,27.92,0,0
2024-04-01 16:00:00,34.17645713530756,66.3059047744874,440.0,143.74999999999997,1.8099608315866509,27.43763809020504,0,0
2024-04-01 17:00:00,33.4,67.6,440.0,71.875,1.666692457008745,26.92,0,0
2024-04-01 18:00:00,32.65,68.89409522551261,440.0,3.5208595475486406e-14,1.534215729503414,26.40236190979496,0,0
2024-04-01 19:00:00,31.9,70.1,440.0,1.7604297737743203e-14,1.4136637776118295,25.92,0,0
2024-04-01 20:00:00,31.27867965644036,71.13553390593273,440.0,0.0,1.317478952497727,25.505786437626902,0,0
2024-04-01 21:00:00,30.801923788646683,71.93012701892219,440.0,0.0,1.2469138110396818,25.18794919243112,0,0
2024-04-01 22:00:00,30.5022225211328,72.42962913144534,440.0,0.0,1.2039522966938208,24.988148347421863,0,0
2024-04-01 23:00:00,30.4,72.6,440.0,0.0,1.1895410347194555,24.92,0,0
2024-04-02 00:00:00,30.8022225211328,72.82962913144534,440.0,0.0,1.2069768806050971,25.368148347421865,0,0
2024-04-02 01:00:00,29.601923788646687,67.7301270189222,400.0,0.0,1.338277006225102,23.147949192431128,0,0
2024-04-02 02:00:00,30.07867965644036,66.93553390593274,400.0,0.0,1.4092905866889367,23.46578643762691,0,1
2024-04-02 03:00:00,30.700000000000003,65.9,400.0,0.0,1.506002300364232,23.880000000000003,0,1
2024-04-02 04:00:00,31.42354286469244,64.69409522551261,400.0,0.0,1.6247998216388484,24.362361909794963,0,1
2024-04-02 05:00:00,32.2,63.4,400.0,0.0,1.7600125156862425,24.880000000000003,0,1
2024-04-02 06:00:00,32.97645713530756,62.10590477448739,400.0,0.0,1.9036132851753536,25.39763809020504,0,1
2024-04-02 07:00:00,35.27465507040374,60.11267246479813,396.06336232399065,78.7327535201868,2.277007763076515,27.297189563363364,0,1
2024-04-02 08:00:00,37.36332034355965,58.34346609406726,392.395,152.09999999999997,2.6660422612213153,29.032013562373105,0,1
2024-04-02 09:00:00,39.10011386809227,56.91885415270833,389.2449058581526,215.10188283694777,3.0282302059338715,30.483884698633936,0,1
2024-04-02 10:00:00,40.366676035491736,55.9359215902424,386.8277536084387,263.4449278312262,3.3140472633894915,31.553860353540216,0,1
2024-04-02 11:00:00,41.07669272714269,55.46165363642865,385.30826818214325,293.83463635713457,3.4782189035366105,32.16902345442843,0,1
2024-04-02 12:00:00,41.1817774788672,55.52837086855465,384.79,304.2,3.4923555910424073,32.287451652578135,0,1
2024-04-02 13:00:00,36.29807621135332,63.66987298107781,440.0,293.83463635713457,2.1939223156906795,29.03205080756888,0,0
2024-04-02 14:00:00,35.82132034355965,64.46446609406726,440.0,263.44492783122627,2.0905559307767785,28.7142135623731,0,0
2024-04-02 15:00:00,35.2,65.5,440.0,215.10188283694777,1.9613711586252178,28.300000000000004,0,0
2024-04-02 16:00:00,34.47645713530757,66.7059047744874,440.0,152.09999999999997,1.8185258525580608,27.817638090205048,0,0
2024-04-02 17:00:00,33.7,68.0,440.0,78.73275352018689,1.6739360964113044,27.300000000000004,0,0
2024-04-02 18:00:00,32.92354286469244,69.2940952255126,440.0,3.7253755630062484e-14,1.5379407350065666,26.800000000000004,0,0
2024-04-02 19:00:00,32.2,70.5,440.0,0.0,1.4185893227525728,26.300000000000004,0,0
2024-04-02 20:00:00,31.57867965644036,71.53553390593274,440.0,0.0,1.3215299193175343,25.88578643762691,0,0
2024-04-02 21:00:00,31.101923788646687,72.3301270189222,440.0,0.0,1.2503259906789954,25.56794919243113,0,0
2024-04-02 22:00:00,30.8022225211328,72.82962913144534,440.0,0.0,1.2069768806050971,25.368148347421865,0,0
2024-04-02 23:00:00,30.700000000000003,73.0,440.0,0.0,1.1924358389980725,25.300000000000004,0,0
2024-04-03 00:00:00,30.2022225211328,74.32962913144534,440.0,0.0,1.1019082145257384,25.068148347421864,0,0
2024-04-03 01:00:00,29.001923788646685,69.2301270189222,400.0,0.0,1.232678943408994,22.847949192431127,0,1
2024-04-03 02:00:00,29.47867965644036,68.43553390593274,400.0,0.0,1.2997702434771625,23.165786437626902,0,1
2024-04-03 03:00:00,30.1,67.4,400.0,0.0,1.3911929720802862,23.58,0,1
2024-04-03 04:00:00,30.82354286469244,66.19409522551261,400.0,0.0,1.503570603831738,24.06236190979496,0,1
2024-04-03 05:00:00,31.6,64.9,400.0,0.0,1.6315707375405202,24.58,0,1
2024-04-03 06:00:00,32.37645713530756,63.60590477448739,400.0,36.42878059817979,1.7676117176440518,25.09763809020504,0,1
2024-04-03 07:00:00,34.55715122392719,61.6714243880364,396.357121940182,72.85756119635958,2.102900845400877,26.89143610153448,0,1
2024-04-03 08:00:00,36.536320343559645,59.95696609406726,392.9625,140.74999999999997,2.4498584524958575,28.527713562373098,0,1
2024-04-03 09:00:00,38.17908738943358,58.79473772548436,390.04747205479936,199.0505589040132,2.756293955098564,29.89496086784112,0,1
2024-04-03 10:00:00,39.3735005021736,57.63250935690146,387.810692441734,243.78615116531947,3.0220187073168585,30.90000237355389,0,1
2024-04-03 11:00:00,40.03816240200746,57.180918798996274,386.4045939949814,271.90812010037274,3.164598973711652,31.474346161806714,0,1
2024-04-03 12:00:00,40.12777747886721,57.25537086855466,385.925,281.5,3.174211610536219,31.57885165257814,0,1
2024-04-03 13:00:00,35.69807621135332,65.16987298107782,440.0,262.6430755826598,2.0352235586377305,28.73205080756888,0,0
2024-04-03 14:00:00,35.22132034355965,65.96446609406726,440.0,243.7861511653195,1.9372435995482726,28.4142135623731,0,0
2024-04-03 15:00:00,34.6,67.0,440.0,199.0505589040132,1.814854354313492,28.0,0,0
2024-04-03 16:00:00,33.87645713530756,68.2059047744874,440.0,140.74999999999997,1.6796119340462785,27.51763809020504,0,0
2024-04-03 17:00:00,33.1,69.5,440.0,72.85756119635967,1.5428216061380566,27.0,0,0
2024-04-03 18:00:00,32.32354286469244,70.7940952255126,440.0,3.4473807395997995e-14,1.4142669135116772,26.482361909794964,0,0
2024-04-03 19:00:00,31.6,72.0,440.0,0.0,1.3015379102887343,26.0,0,0
2024-04-03 20:00:00,30.97867965644036,73.03553390593274,440.0,0.0,1.2099339022427316,25.585786437626908,0,0
2024-04-03 21:00:00,30.501923788646685,73.8301270189222,440.0,0.0,1.142775372573559,25.267949192431125,0,0
2024-04-03 22:00:00,30.2022225211328,74.32962913144534,440.0,0.0,1.1019082145257384,25.068148347421864,0,0
2024-04-03 23:00:00,30.1,74.5,440.0,0.0,1.0882030916578929,25.0,0,0
2024-04-04 00:00:00,29.9022225211328,73.82962913144534,440.0,0.0,1.1042134285888157,24.668148347421862,0,0
2024-04-04 01:00:00,28.701923788646685,68.7301270189222,400.0,0.0,1.2311549932403492,22.447949192431125,0,1
2024-04-04 02:00:00,29.17867965644036,67.93553390593274,400.0,0.0,1.2977212820398698,22.765786437626907,0,1
2024-04-04 03:00:00,29.8,66.9,400.0,0.0,1.388423394213638,23.18,0,1
2024-04-04 04:00:00,30.52354286469244,65.69409522551261,400.0,0.0,1.499907960435468,23.66236190979496,0,1
2024-04-04 05:00:00,31.3,64.4,400.0,0.0,1.6268824021554158,24.18,0,1
2024-04-04 06:00:00,32.076457135307564,63.10590477448739,400.0,0.0,1.7618247792347155,24.697638090205043,0,1
2024-04-04 07:00:00,34.26180996673904,61.16909501663048,396.3454750831524,73.09049833695185,2.095817581597848,26.49562897006513,0,1
2024-04-04 08:00:00,36.24532034355964,59.45246609406726,392.94,141.19999999999996,2.4415419020060187,28.13581356237309,0,1
2024-04-04 09:00:00,37.89181531149493,58.073003431007,390.01565224964594,199.68695500708105,2.7613547101376086,29.50641599769633,0,1
2024-04-04 10:00:00,39.08908895944172,57.1247151282674,387.7717212985637,244.56557402872545,3.0119780563593066,30.5140319850952,0,1
2024-04-04 11:00:00,39.755549066880654,56.67222546655967,386.36112733279833,272.7774533440329,3.1542891509546513,31.08999416019259,0,1
2024-04-04 12:00:00,39.845777478867205,56.746370868554656,385.88,282.4,3.164091966252274,31.195051652578137,0,1
2024-04-04 13:00:00,35.39807621135331,64.66987298107782,440.0,272.7774533440329,2.030626434394944,28.33205080756888,0,0
2024-04-04 14:00:00,34.92132034355964,65.46446609406726,440.0,244.56557402872548,1.9333945269644266,28.014213562373094,0,0
2024-04-04 15:00:00,34.3,66.5,440.0,199.68695500708105,1.8119338527406528,27.6,0,0
2024-04-04 16:00:00,33.576457135307564,67.7059047744874,440.0,141.19999999999996,1.6777090245304005,27.11763809020504,0,0
2024-04-04 17:00:00,32.8,69.0,440.0,73.09049833695192,1.5419375179398807,26.6,0,0
2024-04-04 18:00:00,32.02354286469244,70.2940952255126,440.0,3.458402560792125e-14,1.4143292356474442,26.08236190979496,0,0
2024-04-04 19:00:00,31.3,71.5,440.0,0.0,1.3024199006019483,25.6,0,0
2024-04-04 20:00:00,30.67867965644036,72.53553390593274,440.0,0.0,1.2114738735443948,25.185786437626906,0,0
2024-04-04 21:00:00,30.201923788646685,73.3301270189222,440.0,0.0,1.1447925503432228,24.867949192431126,0,0
2024-04-04 22:00:00,29.9022225211328,73.82962913144534,440.0,0.0,1.1042134285888157,24.668148347421862,0,0
2024-04-04 23:00:00,29.8,74.0,440.0,0.0,1.0906044788385074,24.6,0,0
2024-04-05 00:00:00,30.602222521132795,70.72962913144534,440.0,0.0,1.2855105691768376,24.74814834742186,0,0
2024-04-05 01:00:00,29.401923788646684,65.6301270189222,400.0,0.0,1.4090488067529612,22.527949192431123,0,1
2024-04-05 02:00:00,29.87867965644036,64.83553390593275,400.0,0.0,1.4816998522720943,22.845786437626906,0,1
2024-04-05 03:00:00,30.5,63.8,400.0,0.0,1.5805931140215315,23.26,0,1
2024-04-05 04:00:00,31.22354286469244,62.5940952255126,400.0,0.0,1.7020002607031337,23.74236190979496,0,1
2024-04-05 05:00:00,32.0,61.3,400.0,0.0,1.8400980783533216,24.26,0,1
2024-04-05 06:00:00,32.77645713530756,60.00590477448739,400.0,0.0,1.9866737234151322,24.77763809020504,0,1
2024-04-05 07:00:00,34.8838887394336,58.057189340555766,396.2859467027788,74.28106594442345,2.3432180191939667,26.597059186999623,0,1
2024-04-05 08:00:00,36.99132034355964,56.32946609406726,392.825,143.49999999999997,2.7389500087061385,28.257213562373096,0,1
2024-04-05 09:00:00,38.6568691353641,54.94047651907241,389.85301768997306,202.9396462005392,3.092754346449006,29.64496443917858,0,1
2024-04-05 10:00:00,39.86876329658988,53.984877959693314,387.5725354556933,248.5492908861339,3.3702312430627526,30.665738888528544,0,1
2024-04-05 11:00:00,40.54441424289925,53.52779287855037,386.1389643927519,277.2207121449626,3.5283181505649743,31.24997281860933,0,1
2024-04-05 12:00:00,40.63777747886721,53.600370868554656,385.65,287.0,3.5403055402788888,31.357851652578137,0,1
2024-04-05 13:00:00,36.09807621135332,61.56987298107781,440.0,277.2207121449626,2.295447511032272,28.41205080756888,0,0
2024-04-05 14:00:00,35.621320343559645,62.36446609406726,440.0,248.54929088613392,2.1898865211817395,28.0942135623731,0,0
2024-04-05 15:00:00,35.0,63.4,440.0,202.9396462005392,2.0579013332895806,27.68,0,0
2024-04-05 16:00:00,34.27645713530757,64.60590477448739,440.0,143.49999999999997,1.911878388382247,27.197638090205043,0,0
2024-04-05 17:00:00,33.5,65.9,440.0,74.28106594442353,1.7639764226132062,26.68,0,0
2024-04-05 18:00:00,32.72354286469243,67.1940952255126,440.0,3.5147363135529044e-14,1.6247677756812218,26.16236190979496,0,0
2024-04-05 19:00:00,32.0,68.4,440.0,0.0,1.5025090252187328,25.68,0,0
2024-04-05 20:00:00,31.37867965644036,69.43553390593273,440.0,0.0,1.4030185263325399,25.265786437626904,0,0
2024-04-05 21:00:00,30.901923788646684,70.23012701892219,440.0,0.0,1.3299894086115978,24.94794919243112,0,0
2024-04-05 22:00:00,30.602222521132795,70.72962913144534,440.0,0.0,1.2855105691768376,24.74814834742186,0,0
2024-04-05 23:00:00,30.502222521132797,70.9,440.0,0.0,1.2707486598865196,24.68,0,0
2024-04-06 00:00:00,30.4022225211328,71.22962913144534,440.0,0.0,1.2491929460145725,24.648148347421863,0,0
2024-04-06 01:00:00,29.201923788646685,66.1301270189222,400.0,0.0,1.3726301085483283,22.42794919243112,0,1
2024-04-06 02:00:00,29.67867965644036,65.33553390593275,400.0,0.0,1.4439442735979207,22.745786437626908,0,1
2024-04-06 03:00:00,30.3,64.3,400.0,0.0,1.541035261684808,23.16,0,1
2024-04-06 04:00:00,31.02354286469244,63.0940952255126,400.0,0.0,1.6602554036589414,23.64236190979496,0,1
2024-04-06 05:00:00,31.8,61.8,400.0,0.0,1.7958969596759524,24.16,0,1
2024-04-06 06:00:00,32.576457135307564,60.50590477448739,400.0,0.0,1.9398989097729924,24.677638090205043,0,1
2024-04-06 07:00:00,34.87672562276455,58.51163718861772,396.05818594308863,78.83628113822782,2.3169111140467566,26.579053060488096,0,1
2024-04-06 08:00:00,36.96732034355964,56.741466094067256,392.385,152.29999999999998,2.7095651332369473,28.31561356237309,0,1
2024-04-06 09:00:00,38.70577072234176,55.31602572558358,389.2307637225289,215.3847255494224,3.0750581976621705,29.76897586745848,0,1
2024-04-06 10:00:00,39.97360423872201,54.332457488627256,386.810433100363,263.79133799274,3.3635259691966053,30.840095736447463,0,1
2024-04-06 11:00:00,40.684420133753,53.85778993312349,389.3047862884143,294.22100668765023,3.5293854086129444,31.4559781203777,0,1
2024-04-06 12:00:00,40.78977747886721,53.924370868554654,384.77,304.6,3.544032117495479,29.88401446397329,0,1
2024-04-06 13:00:00,35.89807621135331,62.06987298107781,440.0,294.22100668765023,2.2408567430495503,28.31205080756888,0,0
2024-04-06 14:00:00,35.42132034355964,62.86446609406726,440.0,263.79133799274007,2.137129209233182,27.99421356237309,0,0
2024-04-06 15:00:00,34.8,63.9,440.0,215.3847255494224,2.0074576234613293,27.58,0,0
2024-04-06 16:00:00,34.076457135307564,65.10590477448739,440.0,152.29999999999998,1.8640238687625226,27.09763809020504,0,0
2024-04-06 17:00:00,33.3,66.4,440.0,78.8362811382279,1.718778867249691,26.58,0,0
2024-04-06 18:00:00,32.52354286469244,67.6940952255126,440.0,3.730274150202838e-14,1.5821058245835364,26.06236190979496,0,0
2024-04-06 19:00:00,31.8,68.9,440.0,0.0,1.4621045928251861,25.58,0,0
2024-04-06 20:00:00,31.17867965644036,69.93553390593273,440.0,0.0,1.3644743644578776,25.165786437626902,0,0
2024-04-06 21:00:00,30.701923788646685,70.73012701892219,440.0,0.0,1.292825071053604,24.847949192431123,0,0
2024-04-06 22:00:00,30.4022225211328,71.22962913144534,440.0,0.0,1.2491929460145725,24.648148347421863,0,0
2024-04-06 23:00:00,30.3,71.4,440.0,0.0,1.2345548595009943,24.58,0,0
2024-04-07 00:00:00,30.2022225211328,67.52962913144535,440.0,0.0,1.393800213170513,23.708148347421865,0,0
2024-04-07 01:00:00,29.001923788646685,62.43012701892219,400.0,0.0,1.505095304059423,21.487949192431124,0,1
2024-04-07 02:00:00,29.47867965644036,61.63553390593274,400.0,0.0,1.57978250882975,21.805786437626907,0,1
2024-04-07 03:00:00,30.1,60.6,400.0,0.0,1.6813804631890579,22.22,0,1
2024-04-07 04:00:00,30.82354286469244,59.39409522551261,400.0,0.0,1.8060112624758422,22.70236190979496,0,1
2024-04-07 05:00:00,31.6,58.1,400.0,0.0,1.9476585157534987,23.22,0,1
2024-04-07 06:00:00,32.37645713530756,56.8059047744874,400.0,0.0,2.097878471234166,23.73763809020504,0,1
2024-04-07 07:00:00,34.64988873943361,54.77126141758173,395.8563070879087,82.87385824182714,2.494268120397284,25.71172944835289,0,1
2024-04-07 08:00:00,36.923320343559645,52.96346609406727,391.995,160.09999999999997,2.9391508421180266,27.516013562373097,0,1
2024-04-07 09:00:00,38.4835622541312,51.505717067718486,388.6792204332034,226.41559133593253,3.2975875585736545,29.027531451615666,0,1
2024-04-07 10:00:00,40.04380416470275,50.497357525636886,386.1349332854112,277.3013342917772,3.6596560161680385,30.143275669830125,0,1
2024-04-07 11:00:00,40.7857889915552,50.0071055042224,384.535527521112,309.2894495777597,3.8445265321604283,30.787210092399675,0,1
2024-04-07 12:00:00,40.9017774788672,50.06837086855466,383.99,320.2,3.863480406178608,30.91545165257813,0,1
2024-04-07 13:00:00,35.69807621135332,58.36987298107781,440.0,309.2894495777597,2.4325669329877,27.37205080756888,0,0
2024-04-07 14:00:00,35.22132034355965,59.16446609406727,440.0,277.30133429177727,2.3242878137902596,27.0542135623731,0,0
2024-04-07 15:00:00,34.6,60.2,440.0,226.41559133593253,2.1888243424750606,26.64,0,0
2024-04-07 16:00:00,33.87645713530756,61.4059047744874,440.0,160.09999999999997,2.0388409377497654,26.15763809020504,0,0
2024-04-07 17:00:00,33.1,62.7,440.0,82.87385824182722,1.88679494783441,25.64,0,0
2024-04-07 18:00:00,32.32354286469244,63.99409522551261,440.0,3.9213190508698246e-14,1.7435501555867623,25.122361909794964,0,0
2024-04-07 19:00:00,31.6,65.11481456572267,440.0,0.0,1.621585405363011,24.64,0,0
2024-04-07 20:00:00,30.97867965644036,66.23553390593274,440.0,0.0,1.5150595630493737,24.22578643762691,0,0
2024-04-07 21:00:00,30.501923788646685,67.0301270189222,440.0,0.0,1.4397150076691878,23.90794919243113,0,0
2024-04-07 22:00:00,30.2022225211328,67.52962913144535,440.0,0.0,1.393800213170513,23.708148347421865,0,0
2024-04-07 23:00:00,30.1,67.7,440.0,0.0,1.378390582766664,23.64,0,0
2024-04-08 00:00:00,30.5022225211328,70.82962913144534,440.0,0.0,1.2738216388181651,24.668148347421862,0,0
2024-04-08 01:00:00,29.301923788646683,65.7301270189222,400.0,0.0,1.3968747437695799,22.447949192431125,0,1
2024-04-08 02:00:00,29.77867965644036,64.93553390593274,400.0,0.0,1.4690251404762409,22.765786437626907,0,1
2024-04-08 03:00:00,30.4,63.9,400.0,0.0,1.5672420201960708,23.18,0,1
2024-04-08 04:00:00,31.123542864692435,62.694095225512605,400.0,0.0,1.687826298869267,23.66236190979496,0,1
2024-04-08 05:00:00,31.9,61.4,400.0,0.0,1.8249973851443684,24.18,0,1
2024-04-08 06:00:00,32.67645713530756,60.10590477448739,400.0,0.0,1.9705993042334715,24.69763809020504,0,1
2024-04-08 07:00:00,35.000536974913985,58.099731512543,395.99865756271504,80.02684874569941,2.3559884572534227,26.620483277422583,0,1
2024-04-08 08:00:00,37.11332034355964,56.31846609406726,392.27,154.59999999999997,2.757898590539342,28.377013562373094,0,1
2024-04-08 09:00:00,38.870824546210926,54.883498813649005,389.068129162856,218.6374167428805,3.1324986364388026,29.847524308940727,0,1
2024-04-08 10:00:00,40.153278575870175,53.89262032005317,386.61124725749255,267.7750548501484,3.4285809911345564,30.931802639880807,0,1
2024-04-08 11:00:00,40.8732853097716,53.4133573451142,385.066786725571,298.66426548858,3.5992259787771754,31.555956778794435,0,1
2024-04-08 12:00:00,40.9817774788672,53.478370868554656,384.54,309.2,3.6149063737627785,31.67745165257813,0,1
2024-04-08 13:00:00,35.998076211353315,61.66987298107781,440.0,298.66426548858,2.2769516131093597,28.33205080756888,0,0
2024-04-08 14:00:00,35.521320343559644,62.46446609406726,440.0,267.7750548501484,2.172079879251794,28.014213562373097,0,0
2024-04-08 15:00:00,34.9,63.5,440.0,218.6374167428805,2.040962713878023,27.6,0,0
2024-04-08 16:00:00,34.17645713530756,64.7059047744874,440.0,154.59999999999997,1.895908749497974,27.11763809020504,0,0
2024-04-08 17:00:00,33.4,66.0,440.0,80.0268487456995,1.7489982573548553,26.6,0,0
2024-04-08 18:00:00,32.62354286469244,67.2940952255126,440.0,3.7866079029636166e-14,1.6107328719940448,26.08236190979496,0,0
2024-04-08 19:00:00,31.9,68.5,440.0,0.0,1.489311337617813,25.6,0,0
2024-04-08 20:00:00,31.27867965644036,69.53553390593274,440.0,0.0,1.3905087572800727,25.185786437626906,0,0
2024-04-08 21:00:00,30.801923788646683,70.3301270189222,440.0,0.0,1.3179886641039755,24.867949192431123,0,0
2024-04-08 22:00:00,30.5022225211328,70.82962913144534,440.0,0.0,1.2738216388181651,24.668148347421862,0,0
2024-04-08 23:00:00,30.4,71.0,440.0,0.0,1.2590032849220516,24.6,0,0
2024-04-09 00:00:00,30.102222521132795,68.72962913144534,440.0,0.0,1.3346215359872435,23.848148347421866,0,0
2024-04-09 01:00:00,28.901923788646684,63.63012701892219,400.0,0.0,1.448623054315932,21.62794919243112,0,1
2024-04-09 02:00:00,29.37867965644036,62.835533905932735,400.0,0.0,1.5215784262848473,21.945786437626907,0,1
2024-04-09 03:00:00,30.0,61.8,400.0,0.0,1.620850852445943,22.36,0,1
2024-04-09 04:00:00,30.72354286469244,60.5940952255126,400.0,0.0,1.7426730115207472,22.84236190979496,0,1
2024-04-09 05:00:00,31.5,59.3,400.0,0.0,1.8811820435313806,23.36,0,1
2024-04-09 06:00:00,32.27645713530756,58.00590477448739,400.0,0.0,2.0281307950609153,23.87763809020504,0,1
2024-04-09 07:00:00,34.54929080398369,56.02535459800815,397.124520408911,77.46454019918446,2.4116215800144727,25.75436172358532,0,1
2024-04-09 08:00:00,36.61432034355965,54.26796609406726,392.5175,144.55079990415908,2.8098643240665955,27.4679135623731,0,1
2024-04-09 09:00:00,38.33081740353599,52.85350238498647,389.4181470195433,211.6370596091337,3.179646503845167,28.901517880533284,0,1
2024-04-09 10:00:00,39.58180554592086,51.87835683502783,387.0399298323659,259.20140335268246,3.47091904924963,29.957476912926424,0,1
2024-04-09 11:00:00,39.98279151239403,51.408984001916814,385.5449200095841,289.10159980831816,3.58059997878498,30.56382879654973,0,1
2024-04-09 12:00:00,40.3837774788672,51.47737086855465,385.035,299.3,3.6526923132482905,30.67925165257813,0,1
2024-04-09 13:00:00,35.59807621135332,59.56987298107781,440.0,289.10159980831816,2.3494877158690923,27.51205080756888,0,0
2024-04-09 14:00:00,35.121320343559645,60.36446609406726,440.0,259.2014033526825,2.24356689010739,27.194213562373097,0,0
2024-04-09 15:00:00,34.5,61.4,440.0,211.6370596091337,2.111090318426775,26.78,0,0
2024-04-09 16:00:00,33.77645713530757,62.60590477448739,440.0,149.64999999999998,1.9644650701508173,26.297638090205044,0,0
2024-04-09 17:00:00,33.0,63.9,440.0,77.46454019918454,1.815883354214073,25.78,0,0
2024-04-09 18:00:00,32.22354286469243,65.1940952255126,440.0,3.6653678698480285e-14,1.6759631629728415,25.262361909794954,0,0
2024-04-09 19:00:00,31.5,66.4,440.0,0.0,1.5530151514165693,24.78,0,0
2024-04-09 20:00:00,30.87867965644036,67.43553390593274,440.0,0.0,1.4529142586499382,24.36578643762691,0,0
2024-04-09 21:00:00,30.401923788646684,68.23012701892219,440.0,0.0,1.3794060366914507,24.047949192431123,0,0
2024-04-09 22:00:00,30.102222521132795,68.72962913144534,440.0,0.0,1.3346215359872435,23.848148347421866,0,0
2024-04-09 23:00:00,30.0,68.9,440.0,0.0,1.319593233274053,23.78,0,0
2024-04-10 00:00:00,29.5022225211328,68.82962913144534,440.0,0.0,1.2852831404794964,23.268148347421864,0,0
2024-04-10 01:00:00,28.301923788646683,63.73012701892219,400.0,0.0,1.3952625804936065,21.04794919243112,0,1
2024-04-10 02:00:00,28.77867965644036,62.935533905932736,400.0,0.0,1.4657993086396504,21.3657864376269,0,1
2024-04-10 03:00:00,29.4,61.9,400.0,0.0,1.5617983067278467,21.78,0,1
2024-04-10 04:00:00,30.123542864692435,60.694095225512605,400.0,0.0,1.6796296750317317,22.262361909794954,0,1
2024-04-10 05:00:00,30.9,59.4,400.0,0.0,1.8136339376930821,22.78,0,1
2024-04-10 06:00:00,31.67645713530756,58.10590477448739,400.0,0.0,1.9558386922099353,23.29763809020504,0,1
2024-04-10 07:00:00,33.955502461066146,56.12224876946692,396.1112438473346,77.77512305330748,2.3281953877265598,25.17995221495953,0,1
2024-04-10 08:00:00,36.02632034355965,54.36196609406726,392.4875,150.24999999999997,2.7152725094789822,26.8987135623731,0,1
2024-04-10 09:00:00,37.74778796628446,52.94501710361223,392.2041477374184,212.4855877465576,3.0750159498088823,28.336791387006908,0,1
2024-04-10 10:00:00,39.00259015561168,51.967964530182414,386.9879683081388,260.2406338372238,3.358611969299194,29.39618306164816,0,1
2024-04-10 11:00:00,39.7052142159973,51.49739289200135,385.48696446000673,290.260710799865,3.5215421187208404,30.00469279439757,0,1
2024-04-10 12:00:00,39.8077774788672,51.56537086855465,384.975,300.5,3.53591551150792,30.12085165257813,0,1
2024-04-10 13:00:00,34.998076211353315,59.66987298107781,440.0,290.260710799865,2.267393380928682,26.93205080756888,0,0
2024-04-10 14:00:00,34.521320343559644,60.46446609406726,440.0,260.2406338372238,2.1648147084632083,26.61421356237309,0,0
2024-04-10 15:00:00,33.9,61.5,440.0,212.4855877465576,2.036540122625553,26.2,0,0
2024-04-10 16:00:00,33.15,62.705904774487394,440.0,150.24999999999997,1.8917896128937395,25.717638090205035,0,0
2024-04-10 17:00:00,32.4,64.0,440.0,77.77512305330757,1.750792031299034,25.2,0,0
2024-04-10 18:00:00,31.65,65.2940952255126,440.0,3.680063631437796e-14,1.6178291756747227,24.68236190979496,0,0
2024-04-10 19:00:00,30.9,66.5,440.0,0.0,1.4964713525300057,24.2,0,0
2024-04-10 20:00:00,30.27867965644036,67.41506350946109,440.0,0.0,1.4048543282281838,23.785786437626903,0,0
2024-04-10 21:00:00,29.801923788646683,68.33012701892218,440.0,0.0,1.3285816316372037,23.46794919243112,0,0
2024-04-10 22:00:00,29.5022225211328,68.82962913144534,440.0,0.0,1.2852831404794964,23.268148347421864,0,0
2024-04-10 23:00:00,29.4,69.0,440.0,0.0,1.2707545277838126,23.2,0,0
2024-04-11 00:00:00,29.602222521132795,72.72962913144534,440.0,0.0,1.1309600602052292,24.148148347421863,0,0
2024-04-11 01:00:00,28.401923788646684,67.6301270189222,400.0,0.0,1.2524861361114414,21.92794919243112,0,1
2024-04-11 02:00:00,28.87867965644036,66.83553390593275,400.0,0.0,1.3191760733941775,22.245786437626908,0,1
2024-04-11 03:00:00,29.5,65.8,400.0,0.0,1.4100268305283643,22.66,0,1
2024-04-11 04:00:00,30.22354286469244,64.5940952255126,400.0,0.0,1.5216655999314332,23.14236190979496,0,1
2024-04-11 05:00:00,31.0,63.3,400.0,0.0,1.64878135616052,23.66,0,1
2024-04-11 06:00:00,31.776457135307563,62.00590477448739,400.0,0.0,1.7838382473979522,24.177638090205043,0,1
2024-04-11 07:00:00,33.864494005780486,60.11775299710976,396.5887649855488,68.22470028902447,2.1054868957282715,25.88804460520244,0,1
2024-04-11 08:00:00,35.75732034355965,58.44646609406726,393.41,131.79999999999998,2.4360126430666753,27.446613562373106,0,1
2024-04-11 09:00:00,37.3259431617688,57.10593950587007,390.6803326239613,186.393347520774,2.7396754561216374,28.747131062942813,0,1
2024-04-11 10:00:00,38.46346340761877,56.18752790417887,388.5857851781211,228.28429643757804,2.976001746710082,29.70096898845454,0,1
2024-04-11 11:00:00,39.09236095619597,55.75381952190201,387.2690976095101,254.61804780979844,3.108828781073087,30.24312486057637,0,1
2024-04-11 12:00:00,39.1697774788672,55.83437086855465,386.82,263.6,3.1160800010045344,30.336651652578134,0,1
2024-04-11 13:00:00,35.09807621135332,63.56987298107781,440.0,254.61804780979844,2.059479616430946,27.81205080756888,0,0
2024-04-11 14:00:00,34.621320343559645,64.36446609406727,440.0,228.2842964375781,1.962114479482625,27.494213562373098,0,0
2024-04-11 15:00:00,34.0,65.4,440.0,186.393347520774,1.8404640326115174,27.08,0,0
2024-04-11 16:00:00,33.27645713530757,66.60590477448739,440.0,131.79999999999998,1.7059964358512973,26.597638090205045,0,0
2024-04-11 17:00:00,32.5,67.9,440.0,68.22470028902454,1.5699400366109268,26.080000000000002,0,0
2024-04-11 18:00:00,31.72354286469244,69.1940952255126,440.0,3.228168962552423e-14,1.4420234452068608,25.56236190979496,0,0
2024-04-11 19:00:00,31.0,70.39999999999999,440.0,0.0,1.3298073063311007,25.08,0,0
2024-04-11 20:00:00,30.37867965644036,71.43553390593273,440.0,0.0,1.2385838900913542,24.665786437626902,0,0
2024-04-11 21:00:00,29.901923788646684,72.23012701892219,440.0,0.0,1.1716815560382596,24.347949192431123,0,0
2024-04-11 22:00:00,29.602222521132795,72.72962913144534,440.0,0.0,1.1309600602052292,24.148148347421863,0,0
2024-04-11 23:00:00,29.5,72.9,440.0,0.0,1.1173019622022997,24.08,0,0
2024-04-12 00:00:00,27.7022225211328,84.72962913144535,440.0,0.0,0.5672767429485833,24.648148347421863,0,0
2024-04-12 01:00:00,26.501923788646685,79.63012701892221,400.0,0.0,0.7053016786601733,22.42794919243113,0,1
2024-04-12 02:00:00,26.97867965644036,78.83553390593275,400.0,0.0,0.7536418869389727,22.74578643762691,0,1
2024-04-12 03:00:00,27.6,77.80000000000001,400.0,0.0,0.819797595184891,23.160000000000004,0,1
2024-04-12 04:00:00,28.32354286469244,76.59409522551262,400.0,0.0,0.9015311650144869,23.642361909794964,0,1
2024-04-12 05:00:00,29.1,75.30000000000001,400.0,0.0,0.9951344525450108,24.160000000000004,0,1
2024-04-12 06:00:00,29.876457135307565,74.0059047744874,400.0,0.0,1.095154775312725,24.677638090205043,0,1
2024-04-12 07:00:00,31.73155686518822,72.2342215674059,397.1711078370295,56.57784325941103,1.300305145010094,26.1784011786694,0,1
2024-04-12 08:00:00,33.40732034355964,70.67146609406727,394.535,109.29999999999998,1.5093105496369257,27.541613562373094,0,1
2024-04-12 09:00:00,34.789547058700904,69.42413755740402,392.271322881631,154.5735423673793,1.6992865181932328,28.67437457018171,0,1
2024-04-12 10:00:00,35.78404054421277,68.57723933588188,390.5343423366361,189.31315326727827,1.8448186534683226,29.499488411389148,0,1
2024-04-12 11:00:00,36.32302771253581,68.1884861437321,389.4424307186605,211.1513856267904,1.9236757581086388,29.960724941282223,0,1
2024-04-12 12:00:00,36.369777478867206,68.28437086855467,389.07,218.6,1.9227907321624134,30.026651652578146,0,1
2024-04-12 13:00:00,33.19807621135332,75.56987298107781,440.0,211.1513856267904,1.2425907877319586,28.31205080756888,0,0
2024-04-12 14:00:00,32.72132034355964,76.36446609406727,440.0,189.3131532672783,1.1704434661314589,27.99421356237309,0,0
2024-04-12 15:00:00,32.1,77.4,440.0,154.5735423673793,1.080666498485088,27.58,0,0
2024-04-12 16:00:00,31.376457135307565,78.6059047744874,440.0,109.29999999999998,0.9819417357161118,27.097638090205045,0,0
2024-04-12 17:00:00,30.6,79.9,440.0,56.57784325941109,0.8826496812900757,26.58,0,0
2024-04-12 18:00:00,29.82354286469244,81.19409522551261,440.0,2.6770779029361145e-14,0.7899060586063534,26.06236190979496,0,0
2024-04-12 19:00:00,29.1,82.4,440.0,0.0,0.7090836584936109,25.58,0,0
2024-04-12 20:00:00,28.47867965644036,83.43553390593274,440.0,0.0,0.6437894938188256,25.16578643762691,0,0
2024-04-12 21:00:00,28.001923788646685,84.2301270189222,440.0,0.0,0.5961569909767838,24.847949192431127,0,0
2024-04-12 22:00:00,27.7022225211328,84.72962913144535,440.0,0.0,0.5672767429485833,24.648148347421863,0,0
2024-04-12 23:00:00,27.6,84.9,440.0,0.0,0.5576100760041376,24.58,0,0
2024-04-13 00:00:00,27.2022225211328,88.12962913144534,440.0,0.0,0.4282661229454135,24.828148347421862,0,0
2024-04-13 01:00:00,26.001923788646685,83.0301270189222,400.0,0.0,0.5704969433228764,22.607949192431125,0,1
2024-04-13 02:00:00,26.47867965644036,82.23553390593274,400.0,0.0,0.6142486788712527,22.925786437626908,0,1
2024-04-13 03:00:00,27.1,81.2,400.0,0.0,0.6742263864739984,23.340000000000003,0,1
2024-04-13 04:00:00,27.82354286469244,79.99409522551261,400.0,0.0,0.7484743615500171,23.82236190979496,0,1
2024-04-13 05:00:00,28.6,78.7,400.0,0.0,0.8336839806188066,24.340000000000003,0,1
2024-04-13 06:00:00,29.376457135307565,77.4059047744874,400.0,0.0,0.9249234205295638,24.857638090205043,0,1
2024-04-13 07:00:00,31.34854307357456,75.57572846321273,396.8786423160636,62.427153678728,1.1192448522640404,26.463688766217107,0,1
2024-04-13 08:00:00,33.133320343559646,73.95846609406726,393.97,120.59999999999998,1.3197553378567342,27.9250135623731,0,1
2024-04-13 09:00:00,34.60915932379722,72.66433142485585,392.2041477374184,170.55415562219525,1.5041045889284042,29.142025608768392,0,1
2024-04-13 10:00:00,35.67548402672334,71.78151759462659,389.55573363035967,208.88532739280657,1.646839004748711,30.03178754564866,0,1
2024-04-13 11:00:00,36.25962618601847,71.37018690699077,388.3509345349538,232.98130930092327,1.7252757014704296,30.533663567416617,0,1
2024-04-13 12:00:00,36.321777478867205,71.45837086855465,387.94,241.2,1.7258242730496967,30.61345165257813,0,1
2024-04-13 13:00:00,32.69807621135332,78.9698729810778,440.0,232.98130930092327,1.040062573040938,28.49205080756888,0,0
2024-04-13 14:00:00,32.22132034355964,79.76446609406726,440.0,208.8853273928066,0.97425300626943,28.12602540378444,0,0
2024-04-13 15:00:00,31.6,80.8,440.0,170.55415562219525,0.8924831384837036,27.76,0,0
2024-04-13 16:00:00,30.876457135307565,82.00590477448739,440.0,120.59999999999998,0.8027328513334542,27.27763809020504,0,0
2024-04-13 17:00:00,30.1,83.3,440.0,62.42715367872807,0.7126663384583064,26.76,0,0
2024-04-13 18:00:00,29.32354286469244,84.55,440.0,2.9538480795434163e-14,0.6305430871816525,26.24236190979496,0,0
2024-04-13 19:00:00,28.6,85.8,440.0,0.0,0.5557893204125378,25.76,0,0
2024-04-13 20:00:00,27.97867965644036,86.83553390593273,440.0,0.0,0.4969902574846098,25.345786437626906,0,0
2024-04-13 21:00:00,27.501923788646685,87.6301270189222,440.0,0.0,0.4541825256216808,25.027949192431123,1,0
2024-04-13 22:00:00,27.2022225211328,88.12962913144534,440.0,0.0,0.4282661229454135,24.828148347421862,1,0
2024-04-13 23:00:00,27.1,88.3,440.0,0.0,0.4195983362630735,24.76,1,0
2024-04-14 00:00:00,27.500961894323343,77.02962913144535,440.0,0.0,0.8433517933715449,24.508148347421866,0,0
2024-04-14 01:00:00,27.901923788646684,71.9301270189222,400.0,0.0,1.0549776557683639,22.287949192431125,0,1
2024-04-14 02:00:00,28.37867965644036,71.13553390593275,400.0,0.0,1.1153454722982852,22.605786437626907,0,1
2024-04-14 03:00:00,29.0,70.10000000000001,400.0,0.0,1.19769760242569,23.020000000000003,0,1
2024-04-14 04:00:00,29.72354286469244,68.89409522551261,400.0,0.0,1.299058797469919,23.50236190979496,0,1
2024-04-14 05:00:00,30.5,67.60000000000001,400.0,0.0,1.4146744998424756,24.020000000000003,0,1
2024-04-14 06:00:00,31.276457135307563,66.3059047744874,400.0,0.0,1.5377265685507078,24.537638090205043,0,1
2024-04-14 07:00:00,33.303412711136296,64.44829364443186,396.74146822215926,65.17063555681473,1.818964098757606,26.193071440022667,0,1
2024-04-14 08:00:00,35.139320343559646,62.80546609406726,393.705,125.9,2.107487874503815,27.7004135623731,0,1
2024-04-14 09:00:00,36.65906596140877,61.48937810605008,392.2041477374184,178.04948750277268,2.371956018476268,28.95694158261879,0,1
2024-04-14 10:00:00,37.75908141232564,60.58971890182544,389.0967401663539,218.06519667292164,2.577015140945604,29.877025192690724,0,1
2024-04-14 11:00:00,38.36440246119175,60.16779876940413,387.8389938470206,243.22012305958745,2.691227530942967,30.39796221507257,0,1
2024-04-14 12:00:00,38.433777478867206,60.25237086855466,388.925,251.8,2.6955772996686775,30.484251652578138,0,1
2024-04-14 13:00:00,34.59807621135332,67.8698729810778,440.0,243.22012305958745,1.7668267499053845,28.17205080756888,0,0
2024-04-14 14:00:00,34.121320343559645,68.66446609406727,440.0,218.06519667292167,1.6781109614025498,27.854213562373097,0,0
2024-04-14 15:00:00,33.5,69.7,440.0,178.04948750277268,1.5674042699466317,27.44,0,0
2024-04-14 16:00:00,32.77645713530757,70.9059047744874,440.0,125.9,1.4452252054996393,26.957638090205045,0,0
2024-04-14 17:00:00,32.0,72.2,440.0,65.1706355568148,1.321827560160784,26.44,0,0
2024-04-14 18:00:00,31.22354286469244,73.49409522551261,440.0,3.0836606402530353e-14,1.2060410544358553,25.92236190979496,0,0
2024-04-14 19:00:00,30.5,74.7,440.0,0.0,1.1046686680868716,25.44,0,0
2024-04-14 20:00:00,29.87867965644036,75.73553390593274,440.0,0.0,1.0224143807804444,25.025786437626905,0,0
2024-04-14 21:00:00,29.401923788646684,76.5301270189222,440.0,0.0,0.9621855901777088,24.707949192431123,0,0
2024-04-14 22:00:00,29.102222521132795,77.02962913144535,440.0,0.0,0.9255684742367655,24.508148347421866,0,0
2024-04-14 23:00:00,29.0,77.2,440.0,0.0,0.9132944928195899,24.44,0,0
2024-04-15 00:00:00,28.7022225211328,79.62962913144534,440.0,0.0,0.8020345254485114,24.628148347421863,0,0
2024-04-15 01:00:00,27.501923788646685,74.5301270189222,400.0,0.0,0.9351730010085677,22.40794919243113,0,0
2024-04-15 02:00:00,27.97867965644036,73.73553390593274,400.0,0.0,0.9915467648679561,22.72578643762691,0,1
2024-04-15 03:00:00,28.6,72.7,400.0,0.0,1.0685245385395974,23.14,0,1
2024-04-15 04:00:00,29.32354286469244,71.49409522551261,400.0,0.0,1.1633787184085098,23.62236190979496,0,1
2024-04-15 05:00:00,30.1,70.2,400.0,0.0,1.271704005153145,24.14,0,1
2024-04-15 06:00:00,30.876457135307565,68.9059047744874,400.0,0.0,1.387135691302791,24.657638090205044,0,1
2024-04-15 07:00:00,32.84647252121374,67.07676373939313,396.8838186969657,62.323626060687,1.6418790681718953,26.26182526909237,0,1
2024-04-15 08:00:00,34.62932034355965,65.46046609406727,394.46624999999995,120.4,1.902611445325801,27.7214135623731,0,1
2024-04-15 09:00:00,36.103502469547735,64.1671598519806,391.486434354514,170.27131290972068,2.140947326251057,28.93693443994385,0,1
2024-04-15 10:00:00,37.168555823493065,63.28498169624172,389.57305413843534,208.53891723129283,2.3250345695371917,29.82555216274141,0,1
2024-04-15 11:00:00,37.75189877940815,62.87405061029592,388.3702530514796,232.59493897040767,2.426699680380862,30.32670890146733,0,1
2024-04-15 12:00:00,37.81377747886721,62.96237086855465,387.96,240.8,2.429053409517722,30.40625165257814,0,1
2024-04-15 13:00:00,34.19807621135332,70.4698729810778,440.0,232.59493897040767,1.5881910463962128,28.29205080756888,0,0
2024-04-15 14:00:00,33.72132034355965,71.26446609406726,440.0,208.53891723129288,1.5049595118766876,27.97421356237309,0,0
2024-04-15 15:00:00,33.1,72.3,440.0,170.27131290972068,1.4011855242630875,27.56,0,0
2024-04-15 16:00:00,32.37645713530756,73.50590477448739,440.0,120.4,1.286782179329031,27.07763809020504,0,0
2024-04-15 17:00:00,31.6,74.8,440.0,62.32362606068706,1.1713841192598606,26.56,0,0
2024-04-15 18:00:00,30.82354286469244,76.0940952255126,440.0,2.9489494923468267e-14,1.0632525860998816,26.04236190979496,0,0
2024-04-15 19:00:00,30.1,77.3,440.0,0.0,0.9687141247307515,25.56,0,0
2024-04-15 20:00:00,29.47867965644036,78.33553390593273,440.0,0.0,0.8921053277432491,25.145786437626903,0,0
2024-04-15 21:00:00,29.001923788646685,79.1301270189222,440.0,0.0,0.8360727712855769,24.827949192431124,0,0
2024-04-15 22:00:00,28.7022225211328,79.62962913144534,440.0,0.0,0.8020345254485114,24.628148347421863,0,0
2024-04-15 23:00:00,28.6,79.8,440.0,0.0,0.7906298783333287,24.028148347421862,0,0
2024-04-16 00:00:00,28.302222521132794,75.62962913144534,440.0,0.0,0.9375179414422088,23.42814834742186,0,0
2024-04-16 01:00:00,27.101923788646683,70.5301270189222,400.0,0.0,1.057000367448389,21.207949192431123,0,1
2024-04-16 02:00:00,27.57867965644036,69.73553390593274,400.0,0.0,1.1162099220759578,21.525786437626905,0,1
2024-04-16 03:00:00,28.2,68.7,400.0,0.0,1.1969658416509177,21.94,0,1
2024-04-16 04:00:00,28.92354286469244,67.49409522551261,400.0,0.0,1.2963396647073535,22.42236190979496,0,1
2024-04-16 05:00:00,29.7,66.2,400.0,0.0,1.4096618524675655,22.94,0,1
2024-04-16 06:00:00,30.47645713530756,64.9059047744874,400.0,0.0,1.5302459728634288,23.45763809020504,0,1
2024-04-16 07:00:00,32.625575300424686,62.98721234978765,396.4360617489383,71.27876502123421,1.8230509153683594,25.223017770382217,0,1
2024-04-16 08:00:00,34.57532034355964,61.287466094067256,393.115,137.69999999999996,2.126107571482656,26.83281356237309,0,1
2024-04-16 09:00:00,36.19282036212882,59.92250090569005,390.2631396230613,194.7372075387752,2.4063088109835045,28.17732054326683,0,1
2024-04-16 10:00:00,37.36784540291189,58.98533690653231,388.0748301898883,238.5033962022344,2.6256074886637464,29.16491278421835,0,1
2024-04-16 11:00:00,38.020319451200194,58.5398402743999,386.6992013719996,266.0159725600094,2.749654327927424,29.72828750608017,0,1
2024-04-16 12:00:00,38.1057774788672,58.616370868554654,386.23,275.4,2.757284842016867,29.829051652578134,0,1
2024-04-16 13:00:00,33.79807621135332,66.4698729810778,440.0,266.0159725600094,1.76359992792963,27.09205080756888,0,0
2024-04-16 14:00:00,33.32132034355964,67.26446609406726,440.0,238.5033962022344,1.6765570422386813,26.77421356237309,0,0
2024-04-16 15:00:00,32.7,68.3,440.0,194.7372075387752,1.5679196518087601,26.360000000000003,0,0
2024-04-16 16:00:00,31.97645713530756,69.50590477448739,440.0,137.69999999999996,1.4479978947248926,25.87763809020504,0,0
2024-04-16 17:00:00,31.2,70.8,440.0,71.27876502123428,1.3268478793004586,25.36,0,0
2024-04-16 18:00:00,30.42354286469244,72.0940952255126,440.0,3.3726772848518107e-14,1.2131363809243816,24.84236190979496,0,0
2024-04-16 19:00:00,29.7,73.3,440.0,0.0,1.1135494515054438,24.36,0,0
2024-04-16 20:00:00,29.07867965644036,74.33553390593273,440.0,0.0,1.0327193452246766,23.945786437626904,0,0
2024-04-16 21:00:00,28.601923788646683,75.1301270189222,440.0,0.0,0.9735176904051104,23.627949192431124,0,0
2024-04-16 22:00:00,28.302222521132794,75.62962913144534,440.0,0.0,0.9375179414422088,23.42814834742186,0,0
2024-04-16 23:00:00,28.2,75.8,440.0,0.0,0.9254496283690802,23.36,0,0
2024-04-17 00:00:00,29.0022225211328,71.02962913144535,440.0,0.0,1.1606087120258635,23.20814834742186,0,0
2024-04-17 01:00:00,27.801923788646683,65.9301270189222,400.0,0.0,1.2730392333365137,20.987949192431124,0,1
2024-04-17 02:00:00,28.27867965644036,65.13553390593275,400.0,0.0,1.3393881049792127,21.305786437626907,0,1
2024-04-17 03:00:00,28.9,64.10000000000001,400.0,0.0,1.4297487924723975,21.72,0,1
2024-04-17 04:00:00,29.623542864692435,62.89409522551261,400.0,0.0,1.5407489638278935,22.20236190979496,0,1
2024-04-17 05:00:00,30.4,61.6,400.0,0.0,1.6670940048623026,22.72,0,1
2024-04-17 06:00:00,31.17645713530756,60.3059047744874,400.0,0.0,1.8012869943810728,23.23763809020504,0,1
2024-04-17 07:00:00,33.461196480058405,58.3194017599708,396.097008799854,78.05982400292027,2.151445893780328,25.125076832052564,0,1
2024-04-17 08:00:00,35.53732034355964,56.55646609406726,392.46,150.79999999999998,2.516175398364754,26.848613562373096,0,1
2024-04-17 09:00:00,37.26334431547057,55.13723892901918,389.3368297397069,213.2634052058628,2.8556853838411884,28.290792101274405,0,1
2024-04-17 10:00:00,38.52164271449494,54.1584382507408,386.9403369109307,261.1932617813867,3.123605675763911,29.353330364643096,0,1
2024-04-17 11:00:00,39.22646458417566,53.686767707912175,385.4338385395608,291.323229208783,3.2775472954256673,29.96381812575809,0,1
2024-04-17 12:00:00,39.32977747886721,53.75437086855466,384.92,301.6,3.290927684463674,30.08065165257814,0,1
2024-04-17 13:00:00,34.498076211353315,61.86987298107781,440.0,291.323229208783,2.085169735380794,26.87205080756888,0,0
2024-04-17 14:00:00,34.021320343559644,62.66446609406727,440.0,261.19326178138675,1.9883329493434596,26.554213562373096,0,0
2024-04-17 15:00:00,33.4,63.7,440.0,213.2634052058628,1.8673128453523897,26.14,0,0
2024-04-17 16:00:00,32.67645713530756,64.9059047744874,440.0,145.66161460439156,1.7334996380585224,25.65763809020504,0,0
2024-04-17 17:00:00,31.9,66.2,440.0,78.05982400292035,1.5980547051264156,25.14,0,0
2024-04-17 18:00:00,31.123542864692435,67.49409522551261,440.0,3.6935347462284175e-14,1.4706605101410184,24.62236190979496,0,0
2024-04-17 19:00:00,30.4,68.7,440.0,0.0,1.3588552695882827,24.14,0,0
2024-04-17 20:00:00,29.77867965644036,69.73553390593274,440.0,0.0,1.2679292317186566,23.725786437626905,0,0
2024-04-17 21:00:00,29.301923788646683,70.5301270189222,440.0,0.0,1.2012218805740795,23.40794919243112,0,0
2024-04-17 22:00:00,29.0022225211328,71.02962913144535,440.0,0.0,1.1606087120258635,23.20814834742186,0,0
2024-04-17 23:00:00,28.9,71.2,440.0,0.0,1.1469851037104473,23.14,0,0
2024-04-18 00:00:00,29.4022225211328,70.82962913144534,440.0,0.0,1.1959073497459451,23.568148347421864,0,0
2024-04-18 01:00:00,28.201923788646685,65.7301270189222,400.0,0.0,1.3106854781330677,21.347949192431123,0,1
2024-04-18 02:00:00,28.67867965644036,64.93553390593274,400.0,0.0,1.3786978972510737,21.665786437626902,0,1
2024-04-18 03:00:00,29.3,63.9,400.0,0.0,1.471309363279715,22.08,0,1
2024-04-18 04:00:00,30.02354286469244,62.694095225512605,400.0,0.0,1.5850525785438785,22.56236190979496,0,1
2024-04-18 05:00:00,30.8,61.4,400.0,0.0,1.7144927642297467,23.08,0,1
2024-04-18 06:00:00,31.576457135307564,60.10590477448739,400.0,0.0,1.8519440512644996,23.59763809020504,0,1
2024-04-18 07:00:00,33.73851625267981,58.1807418736601,396.4037093683005,71.9258126339905,2.192292578061424,25.37466462741183,0,1
2024-04-18 08:00:00,35.70032034355964,56.47496609406726,393.0525,138.94999999999996,2.5436056033134546,26.99531356237309,0,1
2024-04-18 09:00:00,37.328175701188144,55.10482323616039,390.1747512754129,196.5049744917416,2.8678361172637117,28.34914034842022,0,1
2024-04-18 10:00:00,38.51114667310112,54.1636862714377,387.9665770144152,240.66845971169548,3.121482614816846,29.343883927388656,0,1
2024-04-18 11:00:00,39.16861574251464,53.71569212874268,386.5784606437134,268.4307871257321,3.2653587351551905,29.911754168263176,0,1
2024-04-18 12:00:00,39.25577747886721,57.692782554910245,386.105,277.9,2.998751931388316,30.01405165257814,0,1
2024-04-18 13:00:00,34.89807621135331,61.66987298107781,440.0,268.4307871257321,2.143069484134871,27.232050807568875,0,0
2024-04-18 14:00:00,34.42132034355964,62.46446609406726,440.0,240.6684597116955,2.043929897863991,26.914213562373096,0,0
2024-04-18 15:00:00,33.8,63.5,440.0,189.80922985584772,1.9200136949423072,26.5,0,0
2024-04-18 16:00:00,33.076457135307564,64.7059047744874,440.0,138.94999999999996,1.782973093621867,26.017638090205043,0,0
2024-04-18 17:00:00,32.3,66.0,440.0,71.92581263399059,1.6442323587538914,25.5,0,0
2024-04-18 18:00:00,31.52354286469244,67.2940952255126,440.0,3.4032934548304944e-14,1.5137092401040912,24.98236190979496,0,0
2024-04-18 19:00:00,30.8,68.5,440.0,0.0,1.39913269619785,24.5,0,0
2024-04-18 20:00:00,30.17867965644036,69.53553390593274,440.0,0.0,1.305933994867896,24.085786437626908,0,0
2024-04-18 21:00:00,29.701923788646685,70.3301270189222,440.0,0.0,1.2375477455024957,23.767949192431125,0,0
2024-04-18 22:00:00,29.4022225211328,70.82962913144534,440.0,0.0,1.1959073497459451,23.568148347421864,0,0
2024-04-18 23:00:00,29.3,71.0,440.0,0.0,1.1819382696706855,23.5,0,0
2024-04-19 00:00:00,29.9022225211328,75.62962913144534,440.0,0.0,1.0282655491551282,25.028148347421865,0,0
2024-04-19 01:00:00,28.701923788646685,70.5301270189222,400.0,0.0,1.1602855340272071,22.807949192431124,0,1
2024-04-19 02:00:00,29.17867965644036,69.73553390593274,400.0,0.0,1.2248712211400887,23.125786437626907,0,1
2024-04-19 03:00:00,29.8,68.7,400.0,0.0,1.3129200072171259,23.54,0,1
2024-04-19 04:00:00,30.52354286469244,67.49409522551261,400.0,0.0,1.4212091374039402,24.02236190979496,0,1
2024-04-19 05:00:00,31.3,66.2,400.0,0.0,1.5446243031700295,24.54,0,1
2024-04-19 06:00:00,32.076457135307564,64.9059047744874,400.0,0.0,1.6758683522444817,25.05763809020504,0,1
2024-04-19 07:00:00,34.26388051909986,62.96805974045007,396.3402987022504,73.19402595499287,1.9989521828865209,26.85749246718987,0,1
2024-04-19 08:00:00,36.249320343559646,61.25046609406726,392.93,141.39999999999998,2.33378777656885,28.499413562373096,0,1
2024-04-19 09:00:00,37.897472165744425,59.870175003882245,390.0015101140222,199.9697977195557,2.6438003433684902,29.871507166520875,0,1
2024-04-19 10:00:00,39.096017162672,58.92125102665226,387.754400790488,244.91198419023925,2.886844613523454,30.88026736800245,0,1
2024-04-19 11:00:00,39.76327647349097,58.468361763254514,386.3418088162726,273.1638236745485,3.02477692090253,31.456948826141872,0,1
2024-04-19 12:00:00,39.85377747886721,58.54237086855465,388.925,282.8,3.03400558746419,31.562251652578137,0,1
2024-04-19 13:00:00,35.39807621135331,66.4698729810778,440.0,273.1638236745485,1.927170039235276,28.692050807568872,0,0
2024-04-19 14:00:00,34.92132034355964,67.26446609406726,440.0,244.91198419023928,1.8326255578784119,28.374213562373093,0,0
2024-04-19 15:00:00,34.3,68.3,440.0,199.9697977195557,1.7145762128919018,27.96,0,0
2024-04-19 16:00:00,33.576457135307564,69.50590477448739,440.0,141.39999999999998,1.584197309058372,27.47763809020504,0,0
2024-04-19 17:00:00,32.8,70.8,440.0,73.19402595499295,1.4524056620595003,26.96,0,0
2024-04-19 18:00:00,32.02354286469244,72.0940952255126,440.0,3.4633011479887155e-14,1.328629350608029,26.44236190979496,0,0
2024-04-19 19:00:00,31.3,73.3,440.0,0.0,1.220161801616562,25.96,0,0
2024-04-19 20:00:00,30.67867965644036,74.33553390593273,440.0,0.0,1.1320748069500886,25.545786437626905,0,0
2024-04-19 21:00:00,30.201923788646685,75.1301270189222,440.0,0.0,1.0675283431953368,25.22794919243113,0,0
2024-04-19 22:00:00,29.9022225211328,75.62962913144534,440.0,0.0,1.0282655491551282,25.028148347421865,0,0
2024-04-19 23:00:00,29.8,75.8,440.0,0.0,1.0151010918419952,24.96,0,0
2024-04-20 00:00:00,31.602222521132795,70.82962913144534,440.0,0.0,1.3561116530033475,25.768148347421864,0,0
2024-04-20 01:00:00,30.401923788646684,65.7301270189222,400.0,0.0,1.487952743622969,23.54794919243113,0,1
2024-04-20 02:00:00,30.87867965644036,64.93553390593274,400.0,0.0,1.564455643548817,23.86578643762691,0,1
2024-04-20 03:00:00,31.5,63.9,400.0,0.0,1.668566873992207,24.28,0,1
2024-04-20 04:00:00,32.22354286469244,62.694095225512605,400.0,0.0,1.796342389847682,24.76236190979496,0,1
2024-04-20 05:00:00,33.0,61.4,400.0,0.0,1.9416370491042445,25.28,0,1
2024-04-20 06:00:00,33.77645713530756,60.10590477448739,400.0,0.0,2.095800315615624,25.79763809020504,0,1
2024-04-20 07:00:00,36.01616196621057,58.14191901689472,396.2095950844736,75.80809831052832,2.4889936549303098,27.64454576958952,0,1
2024-04-20 08:00:00,38.05032034355965,56.39996609406726,392.6775,146.44999999999996,2.896265026220586,29.3303135623731,0,1
2024-04-20 09:00:00,39.740307735544114,54.99875721898241,392.2041477374184,207.11157620953972,3.273453756794815,30.7400591793406,0,1
2024-04-20 10:00:00,40.97095429423645,54.03378246087004,387.3170579615769,253.65884076846208,3.569703531936198,31.777710786410456,0,1
2024-04-20 11:00:00,41.658393490401366,53.57080325479932,385.8540162739966,282.9196745200681,3.7389201451878455,32.37255414136123,0,1
2024-04-20 12:00:00,41.7557774788672,53.64137086855465,385.355,292.9,3.752426113670477,32.48405165257813,0,1
2024-04-20 13:00:00,37.09807621135332,61.66987298107781,440.0,282.9196745200681,2.418022561523278,29.43205080756888,0,0
2024-04-20 14:00:00,36.621320343559645,62.46446609406726,440.0,253.65884076846208,2.3071375009772956,29.1142135623731,0,0
2024-04-20 15:00:00,36.0,63.5,440.0,207.11157620953972,2.1684641610939828,28.7,0,0
2024-04-20 16:00:00,35.27645713530757,64.7059047744874,440.0,146.44999999999996,2.0149988094568188,28.21763809020505,0,0
2024-04-20 17:00:00,34.5,66.0,440.0,75.8080983105284,1.8595096069044128,27.7,0,0
2024-04-20 18:00:00,33.72354286469244,67.2940952255126,440.0,3.586990474702597e-14,1.713111247204975,27.182361909794963,0,0
2024-04-20 19:00:00,33.0,68.5,440.0,0.0,1.5844965556161579,26.7,0,0
2024-04-20 20:00:00,32.378679656440355,69.53553390593274,440.0,0.0,1.4798030139580693,26.285786437626903,0,0
2024-04-20 21:00:00,31.901923788646684,70.3301270189222,440.0,0.0,1.4029360543947842,25.967949192431124,0,0
2024-04-20 22:00:00,31.602222521132795,70.82962913144534,440.0,0.0,1.3561116530033475,25.768148347421864,0,0
2024-04-20 23:00:00,31.5,71.0,440.0,0.0,1.3403999818773966,25.7,0,0
2024-04-21 00:00:00,31.3022225211328,72.72962913144534,440.0,0.0,1.24638449004603,25.848148347421866,0,0
2024-04-21 01:00:00,30.101923788646687,67.6301270189222,400.0,0.0,1.3815247062034703,23.627949192431124,0,1
2024-04-21 02:00:00,30.57867965644036,66.83553390593275,400.0,0.0,1.4545764852552907,23.94578643762691,0,1
2024-04-21 03:00:00,31.200000000000003,65.8,400.0,0.0,1.5540478586327298,24.360000000000003,0,1
2024-04-21 04:00:00,31.92354286469244,64.5940952255126,400.0,0.0,1.676211421621395,24.84236190979496,0,1
2024-04-21 05:00:00,32.7,63.3,400.0,0.0,1.8152255905798576,25.360000000000003,0,1
2024-04-21 06:00:00,33.47645713530756,62.00590477448739,400.0,0.0,1.962831682089763,25.87763809020504,0,1
2024-04-21 07:00:00,35.68562131888847,60.057189340555766,396.2859467027788,74.28106594442345,2.332374227373225,27.697059186999624,0,1
2024-04-21 08:00:00,37.691320343559646,58.32946609406726,392.825,138.6103560724813,2.7148263585854706,29.357213562373097,0,1
2024-04-21 09:00:00,39.3568691353641,56.94047651907241,389.85301768997306,202.9396462005392,3.068646830983258,30.74496443917858,0,1
2024-04-21 10:00:00,40.568763296589886,55.984877959693314,387.5725354556933,248.5492908861339,3.3460904466065102,31.76573888852855,0,1
2024-04-21 11:00:00,41.24441424289925,55.52779287855037,386.1389643927519,267.77464544306696,3.5039773144687385,32.34997281860933,0,1
2024-04-21 12:00:00,41.33777747886721,55.600370868554656,388.925,287.0,3.515547258966096,32.45785165257814,0,1
2024-04-21 13:00:00,36.79807621135332,63.56987298107781,440.0,277.2207121449626,2.260901225193633,29.51205080756888,0,0
2024-04-21 14:00:00,36.32132034355965,64.36446609406727,440.0,248.54929088613392,2.154716895132078,29.1942135623731,0,0
2024-04-21 15:00:00,35.64888873943361,65.4,440.0,202.9396462005392,2.0163146085899197,28.780000000000005,0,0
2024-04-21 16:00:00,34.97645713530757,66.60590477448739,440.0,143.49999999999997,1.875201658680796,28.297638090205048,0,0
2024-04-21 17:00:00,34.2,67.9,440.0,74.28106594442353,1.7265887693721573,27.780000000000005,0,0
2024-04-21 18:00:00,33.42354286469244,69.1940952255126,440.0,3.5147363135529044e-14,1.5867780921867218,27.262361909794954,0,0
2024-04-21 19:00:00,32.7,70.39999999999999,440.0,0.0,1.464051157524899,26.78,0,0
2024-04-21 20:00:00,32.07867965644036,71.43553390593273,440.0,0.0,1.364226473884396,26.3657864376269,0,0
2024-04-21 21:00:00,31.601923788646687,72.23012701892219,440.0,0.0,1.2909815552030584,26.04794919243113,0,0
2024-04-21 22:00:00,31.3022225211328,72.72962913144534,440.0,0.0,1.24638449004603,25.848148347421866,0,0
2024-04-21 23:00:00,31.200000000000003,72.9,440.0,0.0,1.231423887980905,25.780000000000005,0,0
2024-04-22 00:00:00,31.402222521132792,67.92962913144535,440.0,0.0,1.474113680166463,24.988148347421863,0,0
2024-04-22 01:00:00,30.20192378864668,64.98258151868905,400.0,0.0,1.50310726406901,22.76794919243112,0,1
2024-04-22 02:00:00,30.678679656440355,62.03553390593274,400.0,0.0,1.6746350953445142,23.0857864376269,0,1
2024-04-22 03:00:00,31.3,61.0,400.0,0.0,1.7822588113500344,23.5,0,1
2024-04-22 04:00:00,32.02354286469244,59.794095225512606,400.0,0.0,1.9142452317107022,23.98236190979496,0,1
2024-04-22 05:00:00,32.8,58.5,400.0,0.0,2.064206677242098,24.5,0,1
2024-04-22 06:00:00,33.57645713530756,57.205904774487394,400.0,0.0,2.2231940314505643,25.01763809020504,0,1
2024-04-22 07:00:00,35.798562271143595,55.2507188644282,396.253594322141,74.92811355717976,2.6293110437016436,26.848706044029235,0,1
2024-04-22 08:00:00,37.81632034355964,53.516966094067264,392.7625,144.74999999999997,3.048934870370565,28.51971356237309,0,1
2024-04-22 09:00:00,39.49222447442342,52.122798849542754,389.7646293423247,204.7074131535055,3.4367853802958717,29.91678424433197,0,1
2024-04-22 10:00:00,40.71206456677911,51.16322732459871,387.4642822802202,250.71435439559497,3.740970608721195,30.944710031698847,0,1
2024-04-22 11:00:00,41.392710534213705,50.703644732893146,386.0182236644657,279.63552671068527,3.9146005928766376,31.53343948079233,0,1
2024-04-22 12:00:00,41.4877774788672,50.77537086855465,385.525,289.5,3.928554950666541,31.64285165257813,0,1
2024-04-22 13:00:00,36.89807621135331,58.76987298107781,440.0,279.63552671068527,2.5727862027394894,28.65205080756888,0,0
2024-04-22 14:00:00,36.42132034355964,59.6849364905389,440.0,242.1714699320954,2.451041558505761,28.33421356237309,0,0
2024-04-22 15:00:00,35.8,60.6,440.0,204.7074131535055,2.315188910036737,27.92,0,0
2024-04-22 16:00:00,35.076457135307564,61.85,440.0,144.74999999999997,2.154134162515851,27.43763809020504,0,0
2024-04-22 17:00:00,34.3,63.1,440.0,72.375,1.9958316168994057,26.92,0,0
2024-04-22 18:00:00,33.52354286469244,64.39409522551261,440.0,3.545352483531588e-14,1.8443008580373015,26.40236190979496,0,0
2024-04-22 19:00:00,32.8,65.6,440.0,0.0,1.7110532457139322,25.919999999999995,0,0
2024-04-22 20:00:00,32.17867965644035,66.63553390593273,440.0,0.0,1.6024937758926456,25.5057864376269,0,0
2024-04-22 21:00:00,31.70192378864668,67.43012701892219,440.0,0.0,1.5227293500706909,25.18794919243112,0,0
2024-04-22 22:00:00,31.402222521132792,67.92962913144535,440.0,0.0,1.474113680166463,24.988148347421863,0,0
2024-04-22 23:00:00,31.3,68.1,440.0,0.0,1.4577963097965667,24.919999999999995,0,0
2024-04-23 00:00:00,30.902222521132792,71.12962913144534,440.0,0.0,1.2898254894362922,25.12814834742186,0,0
2024-04-23 01:00:00,29.70192378864668,66.0301270189222,400.0,0.0,1.4169032590584352,22.90794919243112,0,1
2024-04-23 02:00:00,30.178679656440355,65.23553390593274,400.0,0.0,1.4902640323808636,23.2257864376269,0,1
2024-04-23 03:00:00,30.8,64.2,400.0,0.0,1.5901254134566045,23.64,0,1
2024-04-23 04:00:00,31.52354286469244,62.9940952255126,400.0,0.0,1.7127237537623399,24.12236190979496,0,1
2024-04-23 05:00:00,32.3,61.7,400.0,0.0,1.8521793923610015,24.64,0,1
2024-04-23 06:00:00,33.07645713530756,60.05568918478631,400.0,0.0,2.01789083901245,25.15763809020504,0,1
2024-04-23 07:00:00,35.37724326085476,58.41137836957262,396.0568918478631,78.86216304273806,2.387595300062627,27.059518934769287,0,1
2024-04-23 08:00:00,37.46832034355964,56.64096609406726,392.3825,152.34999999999997,2.7908709561767004,28.796513562373093,0,1
2024-04-23 09:00:00,39.20718493590414,55.21531861880239,389.227228188623,215.45543622754104,3.1660997030477267,30.250248659664617,0,1
2024-04-23 10:00:00,40.47533628952957,54.23159146322347,386.8061029733441,263.8779405331184,3.4621608503808434,31.321654582174265,0,1
2024-04-23 11:00:00,41.18635198540558,53.756824007297205,389.3047862884143,294.3175992702791,3.632353057317866,31.93771678686502,0,1
2024-04-23 12:00:00,41.2917774788672,53.823370868554655,384.765,304.7,3.6473810437600114,32.05645165257813,0,1
2024-04-23 13:00:00,36.39807621135331,61.969872981077806,440.0,294.3175992702791,2.3091858557722422,28.79205080756888,0,0
2024-04-23 14:00:00,35.92132034355964,62.76446609406726,440.0,263.8779405331185,2.2026303471794804,28.47421356237309,0,0
2024-04-23 15:00:00,35.3,63.8,440.0,215.45543622754104,2.069403760290763,28.059999999999995,0,0
2024-04-23 16:00:00,34.576457135307564,65.00590477448739,440.0,152.34999999999997,1.9220105938259908,27.57763809020504,0,0
2024-04-23 17:00:00,33.8,66.3,440.0,78.86216304273815,1.7727249731385142,27.059999999999995,0,0
2024-04-23 18:00:00,33.02354286469243,67.5940952255126,440.0,3.731498797001985e-14,1.6322187331890732,26.542361909794952,0,0
2024-04-23 19:00:00,32.3,68.8,440.0,0.0,1.5088249880329831,26.059999999999995,0,0
2024-04-23 20:00:00,31.678679656440355,69.83553390593273,440.0,0.0,1.4084146558893516,25.645786437626903,0,0
2024-04-23 21:00:00,31.20192378864668,70.6301270189222,440.0,0.0,1.3347128621484663,25.32794919243112,0,0
2024-04-23 22:00:00,30.902222521132792,71.12962913144534,440.0,0.0,1.2898254894362922,25.12814834742186,0,0
2024-04-23 23:00:00,30.8,71.3,440.0,0.0,1.2747653454247083,25.059999999999995,0,0
2024-04-24 00:00:00,30.4022225211328,72.02962913144535,440.0,0.0,1.2144574064076104,24.808148347421863,0,0
2024-04-24 01:00:00,29.201923788646685,66.9301270189222,400.0,0.0,1.3402088447469507,22.587949192431125,0,1
2024-04-24 02:00:00,29.67867965644036,66.13553390593275,400.0,0.0,1.4106203673319586,22.905786437626908,0,1
2024-04-24 03:00:00,30.3,65.10000000000001,400.0,0.0,1.5065022586218426,23.32,0,1
2024-04-24 04:00:00,31.02354286469244,63.89409522551261,400.0,0.0,1.6242664655461079,23.80236190979496,0,1
2024-04-24 05:00:00,31.8,62.6,400.0,0.0,1.7582865521434716,24.32,0,1
2024-04-24 06:00:00,32.576457135307564,61.3059047744874,400.0,0.0,1.9006039438051203,24.837638090205044,0,1
2024-04-24 07:00:00,34.85705537533676,59.32147231233162,396.1073615616581,77.85276876683824,2.2692151773283267,26.72134983780309,0,1
2024-04-24 08:00:00,36.929320343559645,57.56046609406727,392.48,150.39999999999998,2.652767424408251,28.4414135623731,0,1
2024-04-24 09:00:00,38.65203060697159,56.14289578326868,389.3651140109543,212.6977197809136,3.009440055293913,29.880609763625323,0,1
2024-04-24 10:00:00,39.90778630803439,55.16536645397107,386.974977927082,260.50044145835915,3.2906121637124954,30.9408595988286,0,1
2024-04-24 11:00:00,40.61100977095504,54.69449511452248,385.4724755726125,290.55048854775174,3.451917655574914,31.549908793859533,0,1
2024-04-24 12:00:00,40.71377747886721,54.762370868554655,384.96,300.8,3.4655855128854722,31.66625165257814,0,1
2024-04-24 13:00:00,35.89807621135331,62.86987298107781,440.0,290.55048854775174,2.193593906477837,28.47205080756888,0,0
2024-04-24 14:00:00,35.349038105676655,63.66446609406727,440.0,260.50044145835915,2.0827757245207414,28.15421356237309,0,0
2024-04-24 15:00:00,34.8,64.7,440.0,212.6977197809136,1.96297102792756,27.74,0,0
2024-04-24 16:00:00,34.076457135307564,65.9059047744874,440.0,150.39999999999998,1.8212882974467275,27.25763809020504,0,0
2024-04-24 17:00:00,33.3,67.2,440.0,77.85276876683832,1.6778555608866033,26.74,0,0
2024-04-24 18:00:00,32.52354286469244,68.49409522551261,440.0,3.68373757183524e-14,1.5429277031688289,26.22236190979496,0,0
2024-04-24 19:00:00,31.8,69.7,440.0,1.84186878591762e-14,1.4244941852927053,25.74,0,0
2024-04-24 20:00:00,31.17867965644036,70.73553390593274,440.0,0.0,1.3281664024887234,25.325786437626903,0,0
2024-04-24 21:00:00,30.701923788646685,71.5301270189222,440.0,0.0,1.2574897603226174,25.007949192431127,0,0
2024-04-24 22:00:00,30.4022225211328,72.02962913144535,440.0,0.0,1.2144574064076104,24.808148347421863,0,0
2024-04-24 23:00:00,30.3,72.2,440.0,0.0,1.20002185643803,24.74,0,0
2024-04-25 00:00:00,30.602222521132795,68.1650635094611,440.0,0.0,1.39814242571235,24.448148347421863,0,0
2024-04-25 01:00:00,29.401923788646684,64.1301270189222,400.0,0.0,1.4705437448137753,22.22794919243112,0,1
2024-04-25 02:00:00,29.87867965644036,63.335533905932735,400.0,0.0,1.5449042749544322,22.545786437626905,0,1
2024-04-25 03:00:00,30.5,62.3,400.0,0.0,1.6460873038290535,22.96,0,1
2024-04-25 04:00:00,31.22354286469244,61.0940952255126,400.0,0.0,1.7702515276206492,23.44236190979496,0,1
2024-04-25 05:00:00,32.0,59.8,400.0,0.0,1.911419709297249,23.96,0,1
2024-04-25 06:00:00,33.51273972591713,58.50590477448739,400.0,0.0,2.14799803689547,24.47763809020504,0,1
2024-04-25 07:00:00,35.02547945183426,56.53726027408287,396.1863013704144,76.27397259171286,2.447214895729328,26.33293150665083,0,1
2024-04-25 08:00:00,37.06832034355965,54.79096609406726,392.6325,147.34999999999997,2.8473566504526193,28.0265135623731,0,1
2024-04-25 09:00:00,38.765763579666825,53.38602929692105,389.58078157921625,208.3843684156756,3.2182441192377635,29.44296943905104,0,1
2024-04-25 10:00:00,40.00213120877269,52.41819400360191,387.2391156752363,255.21768649527405,3.509848787096735,30.48577000949307,0,1
2024-04-25 11:00:00,40.693166820147766,51.953416589926114,385.7670829496306,284.6583410073884,3.6767546680908296,31.083850138132988,0,1
2024-04-25 12:00:00,40.7917774788672,52.02337086855465,385.265,294.7,3.6906438284260235,31.196451652578133,0,1
2024-04-25 13:00:00,36.09807621135332,60.06987298107781,440.0,284.6583410073884,2.3850431364865687,28.11205080756888,0,0
2024-04-25 14:00:00,35.621320343559645,60.86446609406726,440.0,255.21768649527408,2.277166531344019,27.7942135623731,0,0
2024-04-25 15:00:00,35.0,61.9,440.0,208.3843684156756,2.142241551867022,27.38,0,0
2024-04-25 16:00:00,34.27645713530757,63.10590477448739,440.0,147.34999999999997,1.9929036996467713,26.89763809020505,0,0
2024-04-25 17:00:00,33.5,64.4,440.0,76.27397259171295,1.8415706934026435,26.380000000000003,0,0
2024-04-25 18:00:00,32.72354286469243,65.6940952255126,440.0,3.60903411708725e-14,1.6990578060972452,25.862361909794952,0,0
2024-04-25 19:00:00,32.0,66.9,440.0,0.0,1.57383065616266,25.380000000000003,0,0
2024-04-25 20:00:00,31.37867965644036,67.93553390593274,440.0,0.0,1.4718739018205904,24.965786437626907,0,0
2024-04-25 21:00:00,30.901923788646684,68.73012701892219,440.0,0.0,1.3970029331296714,24.64794919243112,0,0
2024-04-25 22:00:00,30.602222521132795,69.22962913144534,440.0,0.0,1.3513883082196594,24.448148347421863,0,0
2024-04-25 23:00:00,30.5,69.4,440.0,0.0,1.336081472073449,24.380000000000003,0,0
2024-04-26 00:00:00,30.4022225211328,70.02962913144535,440.0,0.0,1.3012962554250147,24.408148347421864,0,0
2024-04-26 01:00:00,29.201923788646685,64.9301270189222,400.0,0.0,1.4212620042503936,22.187949192431127,0,1
2024-04-26 02:00:00,29.67867965644036,64.13553390593275,400.0,0.0,1.4939301329968646,22.50578643762691,0,1
2024-04-26 03:00:00,30.3,63.1,400.0,0.0,1.5928347662792555,22.92,0,1
2024-04-26 04:00:00,31.02354286469244,61.89409522551261,400.0,0.0,1.7142388108281912,23.40236190979496,0,1
2024-04-26 05:00:00,31.8,60.6,400.0,0.0,1.8523125709746735,23.92,0,1
2024-04-26 06:00:00,32.576457135307564,59.3059047744874,400.0,0.0,1.9988413587247993,24.43763809020504,0,1
2024-04-26 07:00:00,34.91554847952993,57.29222576023504,395.9611288011752,80.77742397649673,2.390136033520978,26.373993631576937,0,1
2024-04-26 08:00:00,37.042320343559645,55.50396609406727,392.1975,156.04999999999998,2.7984861576547586,28.1431135623731,0,1
2024-04-26 09:00:00,38.81183673951974,54.06299271699459,388.96559867958393,220.68802640832152,3.1793721598952174,29.62443528291866,0,1
2024-04-26 10:00:00,40.10350804928967,53.06750558334343,386.4856735739438,270.28652852112333,3.4807007705003876,30.71700916595836,0,1
2024-04-26 11:00:00,40.82930900769637,52.58534549615182,384.9267274807591,301.46545038481827,3.654673972388313,31.34637810692673,0,1
2024-04-26 12:00:00,40.939777478867214,52.649370868554655,384.395,312.1,3.6711528327794745,31.469651652578143,0,1
2024-04-26 13:00:00,35.89807621135331,60.86987298107781,440.0,301.46545038481827,2.31175099790712,28.072050807568875,0,0
2024-04-26 14:00:00,35.42132034355964,61.66446609406727,440.0,270.28652852112333,2.2061885381653044,27.754213562373096,0,0
2024-04-26 15:00:00,34.8,62.7,440.0,220.68802640832152,2.0741875167619828,27.34,0,0
2024-04-26 16:00:00,34.076457135307564,63.9059047744874,440.0,156.04999999999998,1.9281272257362139,26.857638090205043,0,0
2024-04-26 17:00:00,33.3,65.2,440.0,80.77742397649682,1.780163826794323,26.34,0,0
2024-04-26 18:00:00,32.52354286469244,66.49409522551261,440.0,3.8221226601388894e-14,1.6408730067055963,25.82236190979496,0,0
2024-04-26 19:00:00,31.8,67.7,440.0,0.0,1.5185202041239072,25.340000000000003,0,0
2024-04-26 20:00:00,31.17867965644036,68.73553390593274,440.0,0.0,1.4189363074116075,24.925786437626908,0,0
2024-04-26 21:00:00,30.701923788646685,69.5301270189222,440.0,0.0,1.3458280371500826,24.607949192431125,0,0
2024-04-26 22:00:00,30.4022225211328,70.02962913144535,440.0,0.0,1.3012962554250147,24.408148347421864,0,0
2024-04-26 23:00:00,30.3,70.2,440.0,0.0,1.2863543640954418,24.340000000000003,0,0
2024-04-27 00:00:00,30.4022225211328,69.72962913144534,440.0,0.0,1.3143220827776259,24.348148347421866,0,0
2024-04-27 01:00:00,29.201923788646685,64.6301270189222,400.0,0.0,1.4334199781759107,22.127949192431124,0,1
2024-04-27 02:00:00,29.67867965644036,63.835533905932735,400.0,0.0,1.5064265978466012,22.445786437626907,0,1
2024-04-27 03:00:00,30.3,62.8,400.0,0.0,1.6057846424278672,22.86,0,1
2024-04-27 04:00:00,31.02354286469244,61.5940952255126,400.0,0.0,1.7277346626205043,23.34236190979496,0,1
2024-04-27 05:00:00,31.8,60.3,400.0,0.0,1.8664164737993538,23.86,0,1
2024-04-27 06:00:00,32.576457135307564,59.00590477448739,400.0,0.0,2.0135769709627516,24.377638090205043,0,1
2024-04-27 07:00:00,34.89950169873357,57.00024915063321,396.0012457531661,79.97508493667891,2.404341626855278,26.299551528860214,0,1
2024-04-27 08:00:00,37.01132034355964,55.21946609406726,392.275,154.49999999999997,2.811628692039008,28.05521356237309,0,1
2024-04-27 09:00:00,38.76799611908618,53.784913027211374,389.0752002306679,218.4959953866432,3.1910881189146356,29.52497872452845,0,1
2024-04-27 10:00:00,40.04981447425504,52.794352370860736,386.6199075115304,267.60184976939155,3.4909603128941753,30.60868494842719,0,1
2024-04-27 11:00:00,40.76942160646644,52.31528919676678,385.0764459838339,298.4710803233221,3.6638443097194844,31.23247944581979,0,1
2024-04-27 12:00:00,40.87777747886721,52.38037086855466,384.55,309.0,3.6799086012666353,31.35385165257814,0,1
2024-04-27 13:00:00,35.89807621135331,60.56987298107781,440.0,298.4710803233221,2.3294745616215127,28.01205080756888,0,0
2024-04-27 14:00:00,35.42132034355964,61.36446609406726,440.0,267.60184976939155,2.223453370398336,27.694213562373093,0,0
2024-04-27 15:00:00,34.8,62.4,440.0,218.4959953866432,2.090869990087146,27.28,0,0
2024-04-27 16:00:00,34.076457135307564,63.60590477448739,440.0,154.49999999999997,1.9441530649796375,26.79763809020504,0,0
2024-04-27 17:00:00,33.3,64.9,440.0,79.975084936679,1.795510066680481,26.28,0,0
2024-04-27 18:00:00,32.52354286469244,66.1940952255126,440.0,3.784158609365321e-14,1.655564802236112,25.76236190979496,0,0
2024-04-27 19:00:00,31.8,67.4,440.0,0.0,1.5326241069485875,25.28,0,0
2024-04-27 20:00:00,31.250961894323343,68.43553390593274,440.0,0.0,1.4384495646366644,24.86578643762691,0,0
2024-04-27 21:00:00,30.701923788646685,69.23012701892219,440.0,0.0,1.359078778674203,24.547949192431123,0,0
2024-04-27 22:00:00,30.4022225211328,69.72962913144534,440.0,0.0,1.3143220827776259,24.348148347421866,0,0
2024-04-27 23:00:00,30.3,69.9,440.0,0.0,1.2993042402440536,24.28,0,0
2024-04-28 00:00:00,30.902222521132792,67.82962913144534,440.0,0.0,1.4372577525866006,24.46814834742186,0,0
2024-04-28 01:00:00,29.70192378864668,62.73012701892219,400.0,0.0,1.5545481880664829,22.24794919243112,0,1
2024-04-28 02:00:00,30.178679656440355,61.935533905932736,400.0,0.0,1.6317266193094202,22.565786437626905,0,1
2024-04-28 03:00:00,30.8,60.9,400.0,0.0,1.7367012197249507,22.98,0,1
2024-04-28 04:00:00,31.52354286469244,59.694095225512605,400.0,0.0,1.8654558223837863,23.46236190979496,0,1
2024-04-28 05:00:00,32.3,58.4,400.0,0.0,2.011766650710644,23.98,0,1
2024-04-28 06:00:00,33.07645713530756,57.10590477448739,400.0,0.0,2.1669068770194655,24.49763809020504,0,1
2024-04-28 07:00:00,35.304773928226055,55.14761303588697,396.2380651794349,75.23869641130278,2.5646999411882048,26.33429653540345,0,1
2024-04-28 08:00:00,37.32832034355964,53.41096609406726,392.7325,145.34999999999997,2.976060544700231,28.01051356237309,0,1
2024-04-28 09:00:00,39.0091950371719,52.01431356816851,389.7222029354536,205.55594129092933,3.356560890339625,29.4120577508056,0,1
2024-04-28 10:00:00,40.23284917646993,51.05283501975329,387.4123207559932,251.7535848801363,3.655196150640596,30.443416180420584,0,1
2024-04-28 11:00:00,40.91589275404464,50.59205362297768,385.9602681148884,280.79463770223214,3.825818483415907,31.034303478640176,0,1
2024-04-28 12:00:00,41.0117774788672,50.66337086855466,385.465,290.7,3.839732988211197,31.14445165257813,0,1
2024-04-28 13:00:00,36.39807621135331,58.66987298107781,440.0,280.79463770223214,2.509561555812814,28.13205080756888,0,0
2024-04-28 14:00:00,35.92132034355964,59.46446609406726,440.0,251.75358488013632,2.397838509470237,27.81421356237309,0,0
2024-04-28 15:00:00,35.3,60.5,440.0,205.55594129092933,2.258051064405667,27.4,0,0
2024-04-28 16:00:00,34.576457135307564,61.705904774487394,440.0,145.34999999999997,2.103259313610054,26.91763809020504,0,0
2024-04-28 17:00:00,33.8,63.0,440.0,75.23869641130285,1.9463152524072702,26.4,0,0
2024-04-28 18:00:00,33.02354286469243,64.2940952255126,440.0,3.5600482451213566e-14,1.7984329418960154,25.88236190979495,0,0
2024-04-28 19:00:00,32.3,65.5,440.0,0.0,1.6684122463826252,25.4,0,0
2024-04-28 20:00:00,31.678679656440355,66.53553390593274,440.0,0.0,1.5624955651930625,24.985786437626903,0,0
2024-04-28 21:00:00,31.20192378864668,67.33012701892218,440.0,0.0,1.4846812480494775,24.66794919243112,0,0
2024-04-28 22:00:00,30.902222521132792,67.82962913144534,440.0,0.0,1.4372577525866006,24.46814834742186,0,0
2024-04-28 23:00:00,30.8,68.0,440.0,0.0,1.421341151693054,24.4,0,0
2024-04-29 00:00:00,31.102222521132795,73.02962913144535,440.0,0.0,1.2187381119346423,25.708148347421865,0,0
2024-04-29 01:00:00,29.901923788646684,67.9301270189222,400.0,0.0,1.353109490346692,23.487949192431124,0,1
2024-04-29 02:00:00,30.37867965644036,67.13553390593275,400.0,0.0,1.4250362015000022,23.805786437626907,0,1
2024-04-29 03:00:00,31.0,66.10000000000001,400.0,0.0,1.5229887731291996,24.22,0,1
2024-04-29 04:00:00,31.72354286469244,64.89409522551261,400.0,0.0,1.6433063115852806,24.70236190979496,0,1
2024-04-29 05:00:00,32.5,63.6,400.0,0.0,1.7802435306117677,25.22,0,1
2024-04-29 06:00:00,33.27645713530756,62.3059047744874,400.0,0.0,1.9256695434657272,25.73763809020504,0,1
2024-04-29 07:00:00,35.51512669003016,60.34243665498492,396.2121832749246,75.75633450150782,2.2940935026364198,27.58361402102714,0,1
2024-04-29 08:00:00,37.548320343559645,58.60096609406727,392.6825,146.34999999999997,2.6763060168765302,29.26851356237309,0,1
2024-04-29 09:00:00,39.23747930841937,57.20017143254479,389.6514922573349,206.9701548533025,3.030695252368188,30.677513594928325,0,1
2024-04-29 10:00:00,40.467490192621305,56.23551451167761,387.3257182156148,253.4856356877052,3.309194299620357,31.714593094956825,0,1
2024-04-29 11:00:00,41.15452978709621,55.7727351064519,385.8636755322595,282.72648935481027,3.4681678443902824,32.30907680838659,0,1
2024-04-29 12:00:00,41.2517774788672,55.84337086855466,385.365,292.7,3.4804661925563902,32.42045165257814,0,1
2024-04-29 13:00:00,40.752605998449525,56.442608087529706,385.8636755322595,282.72648935481027,3.3437410718430716,32.04112761595547,0,1
2024-04-29 14:00:00,36.121320343559645,64.66446609406727,440.0,253.4856356877052,2.113297458039888,29.0542135623731,0,0
2024-04-29 15:00:00,35.5,65.7,440.0,206.9701548533025,1.9825194687954242,28.64,0,0
2024-04-29 16:00:00,34.77645713530757,66.9059047744874,440.0,146.34999999999997,1.837907709523096,28.157638090205047,0,0
2024-04-29 17:00:00,34.0,68.2,440.0,75.7563345015079,1.6915247467354406,27.64,0,0
2024-04-29 18:00:00,33.22354286469243,69.49409522551261,440.0,3.584541181104304e-14,1.553837946075371,27.12236190979496,0,0
2024-04-29 19:00:00,32.5,70.7,440.0,0.0,1.4329982265638677,26.64,0,0
2024-04-29 20:00:00,31.87867965644036,71.73553390593274,440.0,0.0,1.3347258261287163,26.273974596215567,0,0
2024-04-29 21:00:00,31.401923788646684,72.5301270189222,440.0,0.0,1.2626305165906933,25.90794919243113,0,0
2024-04-29 22:00:00,31.102222521132795,73.02962913144535,440.0,0.0,1.2187381119346423,25.708148347421865,0,0
2024-04-29 23:00:00,31.0,73.2,440.0,0.0,1.2040147232997802,25.64,0,0
2024-04-30 00:00:00,31.8022225211328,70.22962913144534,440.0,0.0,1.3997707753708508,25.848148347421866,0,0
2024-04-30 01:00:00,30.601923788646687,65.1301270189222,400.0,0.0,1.5314061393187535,23.627949192431124,0,1
2024-04-30 02:00:00,31.07867965644036,64.33553390593273,400.0,0.0,1.60945004073341,23.945786437626907,0,1
2024-04-30 03:00:00,31.700000000000003,63.3,400.0,0.0,1.7156369862426368,24.360000000000003,0,1
2024-04-30 04:00:00,32.42354286469244,62.0940952255126,400.0,0.0,1.8459287881032476,24.842361909794963,0,1
2024-04-30 05:00:00,33.2,60.8,400.0,0.0,1.9940464314180257,25.360000000000003,0,1
2024-04-30 06:00:00,33.97645713530756,59.50590477448739,400.0,0.0,2.1511643676375356,25.87763809020504,0,1
2024-04-30 07:00:00,36.1783743856256,57.5608128071872,396.304064035936,73.91871928127993,2.5460917416050357,27.69053694706304,0,1
2024-04-30 08:00:00,38.17732034355965,55.83646609406726,392.86,142.79999999999998,2.953896164686219,29.3446135623731,0,1
2024-04-30 09:00:00,39.83707014549088,54.450376014009024,389.9025151646561,201.949696706878,3.3305010280370477,30.72714534829268,0,1
2024-04-30 10:00:00,41.04451458528392,53.49700231534629,387.63315723395823,247.3368553208357,3.6254727384819265,31.74391504835318,0,1
2024-04-30 11:00:00,41.71736831976316,53.041315840118415,386.2065792005921,275.86841598815795,3.7933201580817526,32.32563148778684,0,1
2024-04-30 12:00:00,41.80977747886721,53.11437086855465,385.72,285.6,3.8058816177683084,32.432651652578144,0,1
2024-04-30 13:00:00,41.31544453111648,53.711188821196224,386.2065792005921,275.86841598815795,3.6608136221354535,32.05768229535572,0,1
2024-04-30 14:00:00,36.82132034355965,61.86446609406726,440.0,247.33685532083567,2.3697434860289297,29.1942135623731,0,0
2024-04-30 15:00:00,36.2,62.9,440.0,201.949696706878,2.22841201642985,28.78,0,0
2024-04-30 16:00:00,35.47645713530757,64.10590477448739,440.0,142.79999999999998,2.0719690100420225,28.297638090205048,0,0
2024-04-30 17:00:00,34.7,65.4,440.0,73.91871928128,1.913420816216032,27.780000000000005,0,0
2024-04-30 18:00:00,33.92354286469244,66.6940952255126,440.0,3.497591258364841e-14,1.7640997498743298,27.26236190979496,0,0
2024-04-30 19:00:00,33.2,67.9,440.0,0.0,1.6328798583805768,26.814074173710935,0,0
2024-04-30 20:00:00,32.57867965644036,68.93553390593274,440.0,0.0,1.5260372497142956,26.365786437626905,0,0
2024-04-30 21:00:00,32.10192378864669,69.73012701892219,440.0,0.0,1.4475748361549436,26.04794919243113,0,0
2024-04-30 22:00:00,31.8022225211328,70.22962913144534,440.0,0.0,1.3997707753708508,25.848148347421866,0,0
2024-04-30 23:00:00,31.700000000000003,70.4,440.0,0.0,1.3837290134273035,25.780000000000005,0,0
2024-05-01 00:00:00,31.902222521132792,70.32962913144534,440.0,0.0,1.4029832978237615,25.96814834742186,0,0
2024-05-01 01:00:00,30.70192378864668,65.2301270189222,400.0,0.0,1.5357553323291337,23.74794919243112,0,1
2024-05-01 02:00:00,31.178679656440355,64.43553390593274,400.0,0.0,1.6140916029958081,24.065786437626905,0,1
2024-05-01 03:00:00,31.8,63.4,400.0,0.0,1.720676144610991,24.48,0,1
2024-05-01 04:00:00,32.52354286469244,62.194095225512605,400.0,0.0,1.8514554093096467,24.96236190979496,0,1
2024-05-01 05:00:00,33.3,60.9,400.0,0.0,2.0001265984959207,25.48,0,1
2024-05-01 06:00:00,34.07645713530756,59.60590477448739,400.0,0.0,2.1578309215586087,25.99763809020504,0,1
2024-05-01 07:00:00,36.35187899443471,57.62406050278264,396.1203025139132,77.59394972173573,2.566567323584902,27.87669109499124,0,1
2024-05-01 08:00:00,38.41932034355964,55.86546609406726,392.505,149.89999999999998,2.990753723116609,29.592413562373093,0,1
2024-05-01 09:00:00,40.13788847134785,54.66974640103808,389.4004693500136,211.99061299972692,3.368032514991886,31.02788184156396,0,1
2024-05-01 10:00:00,41.3904657999587,53.47402670800891,390.4174289071252,259.6344160545748,3.694168279451187,32.08527114156048,0,1
2024-05-01 11:00:00,42.09169125442925,53.00415437278537,385.5207718639269,289.5845627214627,3.871767843213788,32.692522128986326,0,1
2024-05-01 12:00:00,42.1937774788672,53.07237086855466,385.01,299.8,3.8869167271438316,32.808251652578136,0,1
2024-05-01 13:00:00,41.689767465782566,53.67402735386318,385.5207718639269,289.5845627214627,3.7367759278374244,32.4245729365552,0,1
2024-05-01 14:00:00,36.92132034355964,61.96446609406726,440.0,259.6344160545748,2.376450343650514,29.31421356237309,0,0
2024-05-01 15:00:00,36.3,63.0,440.0,211.99061299972692,2.234610289124922,28.9,0,0
2024-05-01 16:00:00,35.576457135307564,64.2059047744874,440.0,149.89999999999998,2.0776039117914236,28.41763809020504,0,0
2024-05-01 17:00:00,34.8,65.5,440.0,77.59394972173581,1.918484432393791,27.9,0,0
2024-05-01 18:00:00,34.02354286469244,66.7940952255126,440.0,3.671491103843765e-14,1.768625145407277,27.38236190979496,0,0
2024-05-01 19:00:00,33.3,68.0,440.0,0.0,1.6369322545235152,26.9,0,0
2024-05-01 20:00:00,32.67867965644035,69.03553390593274,440.0,0.0,1.5297045971226988,26.4857864376269,0,0
2024-05-01 21:00:00,32.20192378864668,69.8301270189222,440.0,0.0,1.4509595150498045,26.16794919243112,0,0
2024-05-01 22:00:00,32.00096189432334,70.32962913144534,440.0,0.0,1.4108361786037218,25.96814834742186,0,0
2024-05-01 23:00:00,31.8,70.5,440.0,0.0,1.3868837777602252,25.9,0,0
2024-05-02 00:00:00,32.40222252113279,69.12962913144534,440.0,0.0,1.501510209284291,26.22814834742186,0,0
2024-05-02 01:00:00,31.20192378864668,64.03012701892219,400.0,0.0,1.6346496339504877,24.00794919243112,0,1
2024-05-02 02:00:00,31.678679656440355,63.23553390593273,400.0,0.0,1.7165764744967749,24.325786437626903,0,1
2024-05-02 03:00:00,32.3,62.2,400.0,0.0,1.8279995047322677,24.739999999999995,0,1
2024-05-02 04:00:00,33.02354286469244,60.9940952255126,400.0,0.0,1.9646471506029584,25.22236190979496,0,1
2024-05-02 05:00:00,33.8,59.7,400.0,0.0,2.119905531676027,25.739999999999995,0,1
2024-05-02 06:00:00,34.57645713530756,58.40590477448739,400.0,0.0,2.2845080333941166,26.257638090205035,0,1
2024-05-02 07:00:00,36.866890499050655,56.41655475047467,396.0827737523733,78.34452495253302,2.7150151236399593,28.150201449145587,0,1
2024-05-02 08:00:00,38.94832034355965,54.65096609406726,392.4325,151.34999999999997,3.161778344073574,29.878513562373094,0,1
2024-05-02 09:00:00,40.67890066465667,53.22946075442613,389.2979388667416,214.041222665168,3.576398825278182,31.324792815541898,0,1
2024-05-02 10:00:00,41.9406952733782,52.24891197129916,386.89270551372255,262.1458897255496,3.9029091482414597,32.390477667638024,0,1
2024-05-02 11:00:00,42.647714952354015,51.77614252382298,385.38071261911495,292.385747617701,4.0903861961751105,33.00294345711861,0,1
2024-05-02 12:00:00,42.7517774788672,51.84337086855465,384.865,302.7,4.106963535422296,33.12045165257813,0,1
2024-05-02 13:00:00,42.24579116370733,52.44601550490079,385.38071261911495,292.385747617701,3.9495570779946063,32.73499426468749,0,1
2024-05-02 14:00:00,37.42132034355964,60.76446609406726,440.0,262.1458897255496,2.519019552116607,29.574213562373096,0,0
2024-05-02 15:00:00,36.8,61.8,440.0,214.041222665168,2.3709906458849987,29.16,0,0
2024-05-02 16:00:00,36.07645713530757,63.00590477448739,440.0,151.34999999999997,2.2070549046063115,28.677638090205043,0,0
2024-05-02 17:00:00,35.3,64.3,440.0,78.3445249525331,2.0408208354248685,28.16,0,0
2024-05-02 18:00:00,34.52354286469244,65.5940952255126,440.0,3.707005861019038e-14,1.8841680770638447,27.64236190979496,0,0
2024-05-02 19:00:00,33.8,66.8,440.0,0.0,1.746423415673551,27.16,0,0
2024-05-02 20:00:00,33.17867965644035,67.83553390593273,440.0,0.0,1.6342063878518345,26.745786437626897,0,0
2024-05-02 21:00:00,32.79045108878657,68.6301270189222,440.0,0.0,1.5594981900403007,26.42794919243112,0,0
2024-05-02 22:00:00,32.40222252113279,69.12962913144534,440.0,0.0,1.501510209284291,26.22814834742186,0,0
2024-05-02 23:00:00,32.3,69.3,440.0,0.0,1.4846451004042494,26.16,0,0
2024-05-03 00:00:00,31.2022225211328,75.32962913144534,440.0,0.0,1.1211631900556103,26.268148347421864,0,0
2024-05-03 01:00:00,30.001923788646685,70.2301270189222,400.0,0.0,1.2632944670223896,24.04794919243113,0,1
2024-05-03 02:00:00,30.47867965644036,69.43553390593274,400.0,0.0,1.3329049321060997,24.36578643762691,0,1
2024-05-03 03:00:00,31.1,68.4,400.0,0.0,1.4277614331555695,24.78,0,1
2024-05-03 04:00:00,31.82354286469244,67.19409522551261,400.0,0.0,1.544360406062864,25.26236190979496,0,1
2024-05-03 05:00:00,32.6,65.9,400.0,0.0,1.677168013812105,25.78,0,1
2024-05-03 06:00:00,33.37645713530756,64.6059047744874,400.0,0.0,1.8183161991527523,26.29763809020504,0,1
2024-05-03 07:00:00,35.62030307093221,62.6398484645339,396.1992423226695,76.01515354661034,2.173741269746979,28.14827276383899,0,1
2024-05-03 08:00:00,37.658320343559645,60.89596609406726,392.6575,146.84999999999997,2.5430667820815644,29.837513562373097,0,1
2024-05-03 09:00:00,39.3516214440431,59.49310036473292,389.6161369182756,207.677261634489,2.885922490442563,31.25024151698968,0,1
2024-05-03 10:00:00,40.584810700697,58.52685425763976,387.2824169454255,254.3516610914896,3.1555323385798855,32.29018155222495,0,1
2024-05-03 11:00:00,41.27384830362199,58.06307584818901,385.81537924094505,283.69241518109936,3.3093622600865418,32.886463473259795,0,1
2024-05-03 12:00:00,41.37177747886721,58.13337086855466,385.315,293.7,3.3209391754883213,32.99845165257814,0,1
2024-05-03 13:00:00,40.871924514975305,58.73294882926681,385.81537924094505,283.69241518109936,3.1880111993281433,32.61851428082866,0,1
2024-05-03 14:00:00,36.22132034355965,66.96446609406726,440.0,254.35166109148963,1.9865987589080498,29.6142135623731,0,0
2024-05-03 15:00:00,35.6,68.0,440.0,207.677261634489,1.859790508249504,29.200000000000003,0,0
2024-05-03 16:00:00,34.87645713530756,69.2059047744874,440.0,146.84999999999997,1.7196658757435792,28.71763809020504,0,0
2024-05-03 17:00:00,34.1,70.5,440.0,76.01515354661042,1.5779399215498309,28.200000000000003,0,0
2024-05-03 18:00:00,33.32354286469244,71.7940952255126,440.0,3.5967876490957765e-14,1.44475083238333,27.682361909794963,0,0
2024-05-03 19:00:00,32.6,73.0,440.0,0.0,1.3279629434875906,27.200000000000003,0,0
2024-05-03 20:00:00,31.97867965644036,74.03553390593274,440.0,0.0,1.2330654469277542,26.785786437626907,0,0
2024-05-03 21:00:00,31.501923788646685,74.8301270189222,440.0,0.0,1.1634958203012014,26.526967392524384,0,0
2024-05-03 22:00:00,31.2022225211328,75.32962913144534,440.0,0.0,1.1211631900556103,26.268148347421864,0,0
2024-05-03 23:00:00,31.1,75.5,440.0,0.0,1.106966933933907,26.200000000000003,0,0
2024-05-04 00:00:00,32.00222252113279,70.02962913144535,440.0,0.0,1.4252028021123861,26.008148347421866,0,0
2024-05-04 01:00:00,30.801923788646683,64.9301270189222,400.0,0.0,1.5578662931959661,23.787949192431125,0,1
2024-05-04 02:00:00,31.27867965644036,64.13553390593275,400.0,0.0,1.636984348420488,24.105786437626904,0,1
2024-05-04 03:00:00,31.9,63.1,400.0,0.0,1.74462185263801,24.52,0,1
2024-05-04 04:00:00,32.62354286469244,61.89409522551261,400.0,0.0,1.8766774336486356,25.00236190979496,0,1
2024-05-04 05:00:00,33.4,60.6,400.0,0.0,2.0267803335229795,25.52,0,1
2024-05-04 06:00:00,34.17645713530756,59.3059047744874,400.0,0.0,2.1859829724486866,26.03763809020504,0,1
2024-05-04 07:00:00,36.33178695750714,57.38410652124643,396.42053260623214,71.58934787535725,2.578263812796496,27.808608261756422,0,1
2024-05-04 08:00:00,38.28732034355964,55.68146609406726,393.085,138.29999999999998,2.9819174604735585,29.42361356237309,0,1
2024-05-04 09:00:00,39.9097909248773,54.31401562431582,390.22071321619006,195.58573567619908,3.3534550583490534,30.772594049740466,0,1
2024-05-04 10:00:00,41.08863001260272,53.3749446016869,388.0228686656613,239.5426266867757,3.6434795661689034,31.7636189329401,0,1
2024-05-04 11:00:00,41.743501671031126,52.92824916448444,386.6412458224222,267.1750835515563,3.8076878108070265,32.32915150392802,0,1
2024-05-04 12:00:00,41.82977747886721,53.00437086855466,386.17,276.6,3.818826234938457,32.430651652578135,0,1
2024-05-04 13:00:00,41.34157788238444,53.59812214556225,386.6412458224222,267.1750835515563,3.674821719764499,32.06120231149689,0,1
2024-05-04 14:00:00,37.02132034355965,61.66446609406727,440.0,239.54262668677572,2.408278659029581,29.354213562373097,0,0
2024-05-04 15:00:00,36.4,62.7,440.0,195.58573567619908,2.2650909861869675,28.94,0,0
2024-05-04 16:00:00,35.67645713530756,63.9059047744874,440.0,138.29999999999998,2.10657484273628,28.45763809020504,0,0
2024-05-04 17:00:00,34.9,65.2,440.0,71.58934787535732,1.9459041765193203,27.94,0,0
2024-05-04 18:00:00,34.12354286469244,66.49409522551261,440.0,3.387373046441579e-14,1.7945626297723878,27.42236190979496,0,0
2024-05-04 19:00:00,33.4511112605664,67.7,440.0,0.0,1.6663036878501494,26.94,0,0
2024-05-04 20:00:00,32.77867965644036,68.73553390593274,440.0,0.0,1.5532305300726192,26.52578643762691,0,0
2024-05-04 21:00:00,32.30192378864668,69.5301270189222,440.0,0.0,1.473676048590169,26.207949192431123,0,0
2024-05-04 22:00:00,32.00222252113279,70.02962913144535,440.0,0.0,1.4252028021123861,26.008148347421866,0,0
2024-05-04 23:00:00,31.9,70.2,440.0,0.0,1.4089358051114549,25.94,0,0
2024-05-05 00:00:00,31.200961894323342,69.42962913144534,440.0,0.0,1.3891934847154694,25.588148347421864,0,0
2024-05-05 01:00:00,30.501923788646685,64.3301270189222,400.0,0.0,1.557617509839511,23.367949192431126,0,1
2024-05-05 02:00:00,30.97867965644036,63.53553390593274,400.0,0.0,1.6362123989578934,23.68578643762691,0,1
2024-05-05 03:00:00,31.6,62.5,400.0,0.0,1.7431311298509833,24.1,0,1
2024-05-05 04:00:00,32.32354286469244,61.294095225512606,400.0,0.0,1.874294972293046,24.58236190979496,0,1
2024-05-05 05:00:00,33.1,60.0,400.0,0.0,2.0233725982138444,25.1,0,1
2024-05-05 06:00:00,33.87645713530756,58.705904774487394,400.0,0.0,2.181475983337915,25.61763809020504,0,1
2024-05-05 07:00:00,35.95103541543516,56.82448229228242,396.6224114614121,67.55177077175792,2.558173411307493,27.315931873891643,0,1
2024-05-05 08:00:00,37.831320343559646,55.15946609406726,393.475,130.49999999999997,2.943588916965055,28.863213562373097,0,1
2024-05-05 09:00:00,39.38917360914709,53.82432428218092,392.2041477374184,184.5548698896889,3.2964163417935617,30.15403846558328,0,1
2024-05-05 10:00:00,40.26565321118802,52.91004456467727,388.69836848061306,226.0326303877385,3.5226487530365715,31.10043899955743,0,1
2024-05-05 11:00:00,41.14213281322894,52.478933593385534,387.39466796692767,252.1066406614468,3.724016744488826,31.637919531906046,0,1
2024-05-05 12:00:00,41.217777478867205,52.56037086855466,386.95,261.0,3.7325255791623824,31.729851652578137,0,1
2024-05-05 13:00:00,40.740209024582256,53.14880657446334,387.39466796692767,252.1066406614468,3.594231360292608,31.369970339474925,0,1
2024-05-05 14:00:00,36.72132034355965,61.064466094067264,440.0,226.0326303877385,2.406291258285357,28.9342135623731,0,0
2024-05-05 15:00:00,36.1,62.1,440.0,184.5548698896889,2.264021590392563,28.520000000000003,0,0
2024-05-05 16:00:00,35.37645713530756,63.3059047744874,440.0,130.49999999999997,2.1065101416470404,28.03763809020504,0,0
2024-05-05 17:00:00,34.6,64.6,440.0,67.55177077175799,1.9468437618999288,27.52,0,0
2024-05-05 18:00:00,33.82354286469244,65.89409522551261,440.0,3.1963281457745924e-14,1.796433389950164,27.002361909794963,0,0
2024-05-05 19:00:00,33.1,67.1,440.0,0.0,1.6642239620308874,26.52,0,0
2024-05-05 20:00:00,32.47867965644036,68.13553390593273,440.0,0.0,1.5565509507404525,26.10578643762691,0,0
2024-05-05 21:00:00,32.001923788646685,68.93012701892219,440.0,0.0,1.4774632832446712,25.787949192431125,0,0
2024-05-05 22:00:00,31.7022225211328,69.42962913144534,440.0,0.0,1.4292714177825245,25.588148347421864,0,0
2024-05-05 23:00:00,31.6,69.6,440.0,0.0,1.4130983025991972,25.52,0,0
2024-05-06 00:00:00,32.40222252113279,65.52962913144535,440.0,0.0,1.676611337043321,25.508148347421866,0,0
2024-05-06 01:00:00,31.20192378864668,60.43012701892219,400.0,0.0,1.7982515094788625,23.28794919243112,0,1
2024-05-06 02:00:00,31.678679656440355,59.63553390593274,400.0,0.0,1.8846647391917324,23.605786437626904,0,1
2024-05-06 03:00:00,32.3,58.6,400.0,0.0,2.0020946956591508,24.02,0,1
2024-05-06 04:00:00,33.02354286469244,57.39409522551261,400.0,0.0,2.1459717419196225,24.50236190979496,0,1
2024-05-06 05:00:00,33.8,56.1,400.0,0.0,2.309276745423761,25.02,0,1
2024-05-06 06:00:00,34.57645713530756,54.8059047744874,400.0,0.0,2.482233909522185,25.53763809020504,0,1
2024-05-06 07:00:00,36.591507035061575,52.95424648246921,396.7712324123461,64.57535175307892,2.8869818125312636,27.18235633155541,0,1
2024-05-06 08:00:00,38.41632034355964,51.31696609406726,393.7625,124.75,3.2984469686392894,28.67971356237309,0,1
2024-05-06 09:00:00,39.92653904947419,50.005641562017374,391.1788429046978,176.4231419060436,3.6729784730524018,29.92766736187766,0,1
2024-05-06 10:00:00,41.01924424375155,49.10963748611248,390.4174289071252,216.07333824421744,3.9622206979228602,30.841171740974048,0,1
2024-05-06 11:00:00,41.61996987318245,48.69001506340877,387.9500753170439,240.9984936591225,4.123613740804783,31.357972885864204,0,1
2024-05-06 12:00:00,41.6877774788672,48.77537086855466,387.525,249.5,4.131481655812841,31.44285165257813,0,1
2024-05-06 13:00:00,41.21804608453576,49.35988804448659,387.9500753170439,240.9984936591225,3.984394459187554,31.09002369343308,0,1
2024-05-06 14:00:00,37.42132034355964,57.16446609406727,440.0,216.07333824421747,2.750148569230569,28.854213562373097,0,0
2024-05-06 15:00:00,36.8,58.2,440.0,176.4231419060436,2.594434790523375,28.44,0,0
2024-05-06 16:00:00,36.07645713530757,59.4059047744874,440.0,124.75,2.421829657391811,27.957638090205045,0,0
2024-05-06 17:00:00,35.3,60.7,440.0,64.57535175307899,2.2466178944593094,27.44,0,0
2024-05-06 18:00:00,34.52354286469244,61.99409522551261,440.0,3.0554937638726464e-14,2.0813146169350922,26.92236190979496,0,0
2024-05-06 19:00:00,33.8,63.2,440.0,0.0,1.935794629421285,26.44,0,0
2024-05-06 20:00:00,33.17867965644035,64.23553390593274,440.0,0.0,1.8171145380776434,26.0257864376269,0,0
2024-05-06 21:00:00,32.70192378864668,65.0301270189222,440.0,0.0,1.7298385209945224,25.707949192431123,0,0
2024-05-06 22:00:00,32.40222252113279,65.52962913144535,440.0,0.0,1.676611337043321,25.508148347421866,0,0
2024-05-06 23:00:00,32.3,65.7,440.0,0.0,1.6587402913311318,25.44,0,0
2024-05-07 00:00:00,32.2022225211328,64.82962913144534,440.0,0.0,1.6914769399727654,25.168148347421862,0,0
2024-05-07 01:00:00,31.001923788646685,59.73012701892219,400.0,0.0,1.809359347619965,22.947949192431125,0,1
2024-05-07 02:00:00,31.550961894323343,58.935533905932736,400.0,0.0,1.9035211133104626,23.265786437626907,0,1
2024-05-07 03:00:00,32.1,57.9,400.0,0.0,2.0130999816912483,23.68,0,1
2024-05-07 04:00:00,32.82354286469244,56.694095225512605,400.0,0.0,2.1568826094660203,24.162361909794964,0,1
2024-05-07 05:00:00,33.6,55.4,400.0,0.0,2.32006098338889,24.68,0,1
2024-05-07 06:00:00,34.37645713530756,54.10590477448739,400.0,0.0,2.4928638260640907,25.19763809020504,0,1
2024-05-07 07:00:00,36.50849324344792,52.19575337827604,396.4787668913802,70.4246621723959,2.920249430425468,26.94764391910313,0,1
2024-05-07 08:00:00,38.44232034355964,50.50396609406726,393.1975,136.04999999999998,3.358233897432741,28.54311356237309,0,1
2024-05-07 09:00:00,40.04615131457051,49.14583542946921,390.379812241957,192.4037551608596,3.7600421860620425,29.87531840046435,0,1
2024-05-07 10:00:00,41.21068772626212,48.2139157448572,388.2177243815127,235.64551236974577,4.072976551680564,30.85347087523356,0,1
2024-05-07 11:00:00,41.85656834666512,47.771715826667446,386.8585791333372,262.8284173332555,4.250011699901091,31.4109115119986,0,1
2024-05-07 12:00:00,41.93977747886721,47.84937086855465,386.395,272.1,4.262297636784859,31.50965165257813,0,1
2024-05-07 13:00:00,41.45464455801843,48.441588807745255,386.8585791333372,262.8284173332555,4.107627815938213,31.14296231956748,0,1
2024-05-07 14:00:00,37.22132034355965,56.46446609406726,440.0,235.6455123697458,2.7648776151955334,28.5142135623731,0,0
2024-05-07 15:00:00,36.6,57.5,440.0,192.4037551608596,2.609240095201664,28.1,0,0
2024-05-07 16:00:00,35.87645713530756,58.705904774487394,440.0,136.04999999999998,2.4367006409399985,27.61763809020504,0,0
2024-05-07 17:00:00,35.1,60.0,440.0,70.42466217239597,2.261533099131814,27.1,0,0
2024-05-07 18:00:00,34.32354286469244,61.294095225512606,440.0,3.332263940479948e-14,2.096248382017013,26.6,0,0
2024-05-07 19:00:00,33.6,62.5,440.0,0.0,1.9507239210108378,26.1,0,0
2024-05-07 20:00:00,32.97867965644036,63.53553390593274,440.0,0.0,1.8320241496670666,25.68578643762691,0,0
2024-05-07 21:00:00,32.501923788646685,64.33012701892218,440.0,0.0,1.7447235894564332,25.367949192431123,0,0
2024-05-07 22:00:00,32.2022225211328,64.82962913144534,440.0,0.0,1.6914769399727654,25.168148347421862,0,0
2024-05-07 23:00:00,32.1,65.0,440.0,0.0,1.6735985596007998,25.1,0,0
2024-05-08 00:00:00,31.0022225211328,67.82962913144534,440.0,0.0,1.4454664710564313,24.56814834742186,0,0
2024-05-08 01:00:00,29.801923788646683,62.73012701892219,400.0,0.0,1.5635070177167005,22.34794919243112,0,1
2024-05-08 02:00:00,30.27867965644036,61.935533905932736,400.0,0.0,1.6410966447478548,22.665786437626902,0,1
2024-05-08 03:00:00,30.9,60.9,400.0,0.0,1.7466277577290519,23.08,0,1
2024-05-08 04:00:00,31.623542864692435,59.694095225512605,400.0,0.0,1.876060817517669,23.56236190979496,0,1
2024-05-08 05:00:00,32.4,58.4,400.0,0.0,2.023137458389995,24.08,0,1
2024-05-08 06:00:00,33.17645713530756,57.10590477448739,400.0,0.0,2.179084132705878,24.59763809020504,0,1
2024-05-08 07:00:00,35.194612863602806,55.2526935681986,396.763467840993,64.73064318014043,2.5431879872704504,26.245151577242524,0,1
2024-05-08 08:00:00,37.02232034355964,53.61396609406726,393.7475,125.04999999999998,2.9141782558765406,27.74511356237309,0,1
2024-05-08 09:00:00,38.53502433084842,52.301398921330254,391.15762970126224,176.84740597475553,3.252486362920673,28.639544003178102,0,1
2024-05-08 10:00:00,39.62963654859696,51.404441333689775,389.1703523256756,216.59295348648808,3.5140736855774835,29.533974443983116,0,1
2024-05-08 11:00:00,40.23156098309792,50.98421950845104,387.9210975422552,241.578049154896,3.660069237421988,30.42840488478813,0,1
2024-05-08 12:00:00,40.299777478867206,51.06937086855466,387.495,250.1,3.66699309018958,30.513651652578137,0,1
2024-05-08 13:00:00,39.82963719445124,51.65409248952885,387.9210975422552,241.578049154896,3.5335581540657475,30.160455692357008,0,1
2024-05-08 14:00:00,36.021320343559644,59.46446609406726,440.0,216.5929534864881,2.411033653240449,27.914213562373096,0,0
2024-05-08 15:00:00,35.4,60.5,440.0,176.84740597475553,2.270533821039006,27.5,0,0
2024-05-08 16:00:00,34.67645713530756,61.705904774487394,440.0,125.04999999999998,2.1149484930475477,27.01763809020504,0,0
2024-05-08 17:00:00,33.9,63.0,440.0,64.7306431801405,1.9571944035622197,26.5,0,0
2024-05-08 18:00:00,33.12354286469244,64.2940952255126,440.0,3.06284164466753e-14,1.8085434708231924,25.98236190979496,0,0
2024-05-08 19:00:00,32.4,65.5,440.0,0.0,1.6778423633282409,25.5,0,0
2024-05-08 20:00:00,31.77867965644036,66.53553390593274,440.0,0.0,1.5713679803875884,25.085786437626904,0,0
2024-05-08 21:00:00,31.301923788646683,67.33012701892218,440.0,0.0,1.493141850432025,24.76794919243112,0,0
2024-05-08 22:00:00,31.0022225211328,67.82962913144534,440.0,0.0,1.4454664710564313,24.56814834742186,0,0
2024-05-08 23:00:00,30.9,68.0,440.0,0.0,1.4294651725659757,24.5,0,0
2024-05-09 00:00:00,30.102222521132795,73.02962913144535,440.0,0.0,1.1510972462092752,24.708148347421865,0,0
2024-05-09 01:00:00,28.901923788646684,67.9301270189222,400.0,0.0,1.277352752195291,22.487949192431124,0,1
2024-05-09 02:00:00,29.37867965644036,67.13553390593275,400.0,0.0,1.3455288843254833,22.805786437626907,0,1
2024-05-09 03:00:00,30.0,66.10000000000001,400.0,0.0,1.4383990549193053,23.22,0,1
2024-05-09 04:00:00,30.72354286469244,64.89409522551261,400.0,0.0,1.5525113087905826,23.70236190979496,0,1
2024-05-09 05:00:00,31.5,63.6,400.0,0.0,1.6824330807012837,24.22,0,1
2024-05-09 06:00:00,32.27645713530756,62.3059047744874,400.0,0.0,1.8204596362484806,24.73763809020504,0,1
2024-05-09 07:00:00,34.27908372089666,60.46045813955168,396.8022906977584,63.95418604483287,2.136114192956756,26.371175348807,0,1
2024-05-09 08:00:00,36.09232034355964,58.82896609406726,393.8225,123.54999999999998,2.458387064806917,27.85811356237309,0,1
2024-05-09 09:00:00,37.59259792397724,57.52261212476585,391.2636957184402,174.7260856311959,2.752620937652846,29.097120348930407,0,1
2024-05-09 10:00:00,38.677675024369904,56.63042209580331,389.30025613624326,213.9948772751348,2.9800960435529436,30.00375944353057,0,1
2024-05-09 11:00:00,39.27360543352057,56.21319728323972,388.06598641619854,238.6802716760288,3.1065915330472285,30.516244890168515,0,1
2024-05-09 12:00:00,39.339777478867205,56.299370868554654,387.645,247.1,3.1114864225541337,30.59965165257813,0,1
2024-05-09 13:00:00,38.87168164487389,56.88307026431752,388.06598641619854,238.6802716760288,2.993803605597815,30.2482956977374,0,1
2024-05-09 14:00:00,35.121320343559645,64.66446609406727,440.0,213.9948772751348,2.000165662048803,28.0542135623731,0,0
2024-05-09 15:00:00,34.5,65.78518543427734,440.0,174.7260856311959,1.871258128923951,27.64,0,0
2024-05-09 16:00:00,33.77645713530757,66.9059047744874,440.0,123.54999999999998,1.7385684479513501,27.157638090205047,0,0
2024-05-09 17:00:00,33.0,68.2,440.0,63.954186044832944,1.5995869990029783,26.64,0,0
2024-05-09 18:00:00,32.22354286469243,69.49409522551261,440.0,3.0261022406931097e-14,1.4689108927481156,26.12236190979496,0,0
2024-05-09 19:00:00,31.5,70.7,440.0,0.0,1.3542661885864726,25.64,0,0
2024-05-09 20:00:00,30.87867965644036,71.73553390593274,440.0,0.0,1.2610630766238669,25.22578643762691,0,0
2024-05-09 21:00:00,30.401923788646684,72.5301270189222,440.0,0.0,1.1927057007692383,24.90794919243113,0,0
2024-05-09 22:00:00,30.200961894323342,73.02962913144535,440.0,0.0,1.15762751546031,24.708148347421865,0,0
2024-05-09 23:00:00,30.0,73.2,440.0,0.0,1.1371414357474157,24.64,0,0
2024-05-10 00:00:00,27.7022225211328,83.82962913144534,440.0,0.0,0.6007107094873442,24.468148347421867,0,0
2024-05-10 01:00:00,26.501923788646685,78.7301270189222,400.0,0.0,0.7364639500883665,22.247949192431125,0,0
2024-05-10 02:00:00,26.97867965644036,77.93553390593274,400.0,0.0,0.7856898344388256,22.565786437626908,0,1
2024-05-10 03:00:00,27.6,76.9,400.0,0.0,0.8530326328275223,22.980000000000004,0,1
2024-05-10 04:00:00,28.32354286469244,75.69409522551261,400.0,0.0,0.936196693065231,23.46236190979496,0,1
2024-05-10 05:00:00,29.1,74.4,400.0,0.0,1.031394412354343,23.980000000000004,0,1
2024-05-10 06:00:00,29.876457135307565,73.1059047744874,400.0,0.0,1.13307259046384,24.497638090205044,0,1
2024-05-10 07:00:00,31.690145817971818,71.35492709101409,397.2746354550704,54.50729089859087,1.3383413080909283,25.96113123617464,0,1
2024-05-10 08:00:00,33.32732034355964,69.81146609406727,394.735,105.29999999999998,1.5466311022823969,27.28961356237309,0,1
2024-05-10 09:00:00,34.67640997371105,68.58070609989893,392.55416559410565,148.9166881178869,1.73525485510361,28.39255119369084,0,1
2024-05-10 10:00:00,35.64547647960726,67.74652136818463,390.8807524981499,182.3849500370028,1.8792183313539002,29.19478075324419,0,1
2024-05-10 11:00:00,36.16847958032956,67.36576020983523,389.8288010491761,203.42397901647777,1.956793569160937,29.641631622296607,0,1
2024-05-10 12:00:00,36.20977747886721,67.70069670037412,388.925,210.6,1.94109758635452,29.702651652578144,0,1
2024-05-10 13:00:00,35.76655579168288,68.03563319091303,389.8288010491761,203.42397901647777,1.8748137483708895,29.37368242986548,0,1
2024-05-10 14:00:00,32.72132034355964,75.46446609406726,440.0,182.3849500370028,1.2150119164872133,27.81421356237309,0,0
2024-05-10 15:00:00,32.1,76.5,440.0,148.9166881178869,1.1237018900176798,27.4,0,0
2024-05-10 16:00:00,31.376457135307565,77.7059047744874,440.0,105.29999999999998,1.0232497486434655,26.917638090205045,0,0
2024-05-10 17:00:00,30.6,79.0,440.0,54.50729089859093,0.9221713088105269,26.4,0,0
2024-05-10 18:00:00,29.82354286469244,80.2940952255126,440.0,2.579106159004325e-14,0.8277088371097396,25.88236190979496,0,0
2024-05-10 19:00:00,29.1,81.5,440.0,0.0,0.7453436183029438,25.4,0,0
2024-05-10 20:00:00,28.47867965644036,82.53553390593274,440.0,0.0,0.6787686196866055,24.985786437626903,0,0
2024-05-10 21:00:00,28.001923788646685,83.3301270189222,440.0,0.0,0.6301801750901185,24.667949192431124,0,0
2024-05-10 22:00:00,27.7022225211328,83.82962913144534,440.0,0.0,0.6007107094873442,24.468148347421867,0,0
2024-05-10 23:00:00,27.6,84.0,440.0,0.0,0.5908451136467688,24.4,0,0
2024-05-11 00:00:00,27.5022225211328,87.52962913144535,440.0,0.0,0.4578804837468937,25.008148347421866,0,0
2024-05-11 01:00:00,26.301923788646683,82.4301270189222,400.0,0.0,0.6012239938524728,22.787949192431125,0,1
2024-05-11 02:00:00,26.77867965644036,81.63553390593275,400.0,0.0,0.6463020937364303,23.105786437626907,0,1
2024-05-11 03:00:00,27.4,80.60000000000001,400.0,0.0,0.7080743260367403,23.52,0,1
2024-05-11 04:00:00,28.123542864692435,79.39409522551261,400.0,0.0,0.7845092713523347,24.00236190979496,0,1
2024-05-11 05:00:00,28.9,78.10000000000001,400.0,0.0,0.8721865892798188,24.52,0,1
2024-05-11 06:00:00,29.67645713530756,76.8059047744874,400.0,0.0,0.9660238659139964,25.037638090205043,0,1
2024-05-11 07:00:00,31.4885929037012,75.05570354814941,397.278517740747,54.42964518506012,1.152196821088547,26.49973361333108,0,1
2024-05-11 08:00:00,33.12432034355964,73.51296609406727,394.7425,105.15,1.341655945028061,27.826913562373093,0,1
2024-05-11 09:00:00,34.47216733302393,72.2828274202425,392.5647721958235,148.70455608353095,1.5135536439342805,28.92873281707244,0,1
2024-05-11 10:00:00,35.44028032718455,71.44911944439599,390.8937428792066,182.12514241586743,1.644804513464082,29.73010421606375,0,1
2024-05-11 11:00:00,35.96268402537182,71.0686579873141,389.8432899365704,203.13420126859108,1.7152943686728284,30.17641562283464,0,1
2024-05-11 12:00:00,36.00377747886721,71.16737086855467,389.485,210.3,1.7133008889003176,30.23725165257814,0,1
2024-05-11 13:00:00,35.56076023672514,71.7385309683919,389.8432899365704,203.13420126859108,1.638969539228211,29.90846643040352,0,1
2024-05-11 14:00:00,32.52132034355964,79.16446609406727,440.0,182.12514241586743,1.0202436992815327,28.35421356237309,0,0
2024-05-11 15:00:00,31.9,80.2,440.0,148.70455608353095,0.936138555074054,27.94,0,0
2024-05-11 16:00:00,31.17645713530756,81.4059047744874,440.0,105.15,0.8437854978609489,27.45763809020504,0,0
2024-05-11 17:00:00,30.4,82.7,440.0,54.429645185060174,0.7510605803155683,26.94,0,0
2024-05-11 18:00:00,29.623542864692435,83.99409522551261,440.0,2.5754322186068838e-14,0.6646133909494479,26.42236190979496,0,0
2024-05-11 19:00:00,28.9,85.2,440.0,0.0,0.5894229005178689,25.94,0,0
2024-05-11 20:00:00,28.27867965644036,86.23553390593274,440.0,0.0,0.5287894588157925,25.525786437626905,0,0
2024-05-11 21:00:00,27.801923788646683,87.0301270189222,440.0,0.0,0.4846263197245685,25.207949192431123,1,0
2024-05-11 22:00:00,27.5022225211328,87.52962913144535,440.0,0.0,0.4578804837468937,25.008148347421866,1,0
2024-05-11 23:00:00,27.4,87.7,440.0,0.0,0.44893372217793337,24.94,1,0
2024-05-12 00:00:00,29.5022225211328,79.62962913144534,440.0,0.0,0.8399545309574945,25.42814834742186,0,0
2024-05-12 01:00:00,28.301923788646683,74.5301270189222,400.0,0.0,0.9797983223972945,23.207949192431123,0,1
2024-05-12 02:00:00,28.77867965644036,73.73553390593274,400.0,0.0,1.0386885418709864,23.525786437626905,0,1
2024-05-12 03:00:00,29.4,72.7,400.0,0.0,1.119083826080583,23.94,0,1
2024-05-12 04:00:00,30.15,71.49409522551261,400.0,0.0,1.2199694315591467,24.42236190979496,0,1
2024-05-12 05:00:00,30.9,70.2,400.0,0.0,1.3311894419520647,24.94,0,1
2024-05-12 06:00:00,31.67645713530756,68.9059047744874,400.0,0.0,1.4516373778680562,25.45763809020504,0,1
2024-05-12 07:00:00,33.54553309362375,67.12723345318813,397.1361672659406,57.27665468118784,1.7048240898393463,26.970979784261377,0,1
2024-05-12 08:00:00,35.234320343559645,65.55796609406727,394.4675,110.65,1.96178759600879,28.3459135623731,0,1
2024-05-12 09:00:00,36.62773082488498,64.30504567431197,392.1758634661708,156.48273067658295,2.1947738001089454,29.48873995974737,0,1
2024-05-12 10:00:00,37.63080591601713,63.45385664997969,390.4174289071252,191.65142185749627,2.373176025038453,30.32157724601307,0,1
2024-05-12 11:00:00,38.175187707155416,63.06240614642229,389.31203073211145,213.75938535777084,2.470301666044812,30.787668936439875,0,1
2024-05-12 12:00:00,38.223777478867206,63.15737086855465,388.925,221.3,2.4704234877450943,30.855251652578136,0,1
2024-05-12 13:00:00,37.77326391850873,63.73227912750009,389.31203073211145,213.75938535777084,2.3733474548175852,30.51971974400875,0,1
2024-05-12 14:00:00,34.521320343559644,71.26446609406726,440.0,191.6514218574963,1.5734479924595521,28.77421356237309,0,0
2024-05-12 15:00:00,33.9,72.3,440.0,156.48273067658295,1.4652509453695537,28.36,0,0
2024-05-12 16:00:00,33.17645713530756,73.50590477448739,440.0,110.65,1.3459396267198718,27.87763809020504,0,0
2024-05-12 17:00:00,32.4,74.8,440.0,57.27665468118791,1.2255544219093237,27.36,0,0
2024-05-12 18:00:00,31.623542864692435,76.0940952255126,440.0,2.7101433665130928e-14,1.1127136707550749,26.84236190979496,0,0
2024-05-12 19:00:00,30.9,77.3,440.0,0.0,1.014026856788989,26.36,0,0
2024-05-12 20:00:00,30.27867965644036,78.33553390593273,440.0,0.0,0.93403339821884,25.945786437626904,0,0
2024-05-12 21:00:00,29.801923788646683,79.1301270189222,440.0,0.0,0.875511244198173,25.62794919243112,0,0
2024-05-12 22:00:00,29.5022225211328,79.62962913144534,440.0,0.0,0.8399545309574945,25.42814834742186,0,0
2024-05-12 23:00:00,29.4,79.8,440.0,0.0,0.8280400471365489,25.36,0,0
2024-05-13 00:00:00,27.602222521132795,85.42962913144534,440.0,0.0,0.5381218696578604,24.688148347421865,0,0
2024-05-13 01:00:00,26.401923788646684,80.3301270189222,400.0,0.0,0.6770639109571518,22.467949192431124,0,1
2024-05-13 02:00:00,26.87867965644036,79.53553390593274,400.0,0.0,0.7244507520133949,22.785786437626903,0,1
2024-05-13 03:00:00,27.5,78.5,400.0,0.0,0.7893230949977158,23.2,0,1
2024-05-13 04:00:00,28.22354286469244,77.2940952255126,400.0,0.0,0.8695020578697402,23.68236190979496,0,1
2024-05-13 05:00:00,29.0,76.0,400.0,0.0,0.961362624020621,24.2,0,1
2024-05-13 06:00:00,29.776457135307563,74.7059047744874,400.0,24.316049287381823,1.059560333436699,24.717638090205043,0,1
2024-05-13 07:00:00,31.47264197149527,73.01367901425236,397.5683950712618,48.632098574763646,1.2453921400106498,26.075377774345743,0,1
2024-05-13 08:00:00,33.00032034355964,71.52496609406727,395.3025,93.95,1.4323620275807991,27.305313562373097,0,1
2024-05-13 09:00:00,34.076310644924384,70.34121933922827,393.3567317907524,132.86536418495228,1.5843432547361465,28.32362736289802,0,1
2024-05-13 10:00:00,35.152300946289124,69.54310913484369,391.8636913314452,162.72617337109602,1.7269619965188245,29.06092277325786,0,1
2024-05-13 11:00:00,35.62994925519432,69.18502537240283,390.9251268620142,181.497462759716,1.793872289740832,29.466954329674884,0,1
2024-05-13 12:00:00,35.65577747886721,69.29137086855465,390.605,187.9,1.790223251694155,29.51405165257814,0,1
2024-05-13 13:00:00,35.228025466547635,73.17791848131095,440.0,181.497462759716,1.5272313415595142,29.199005137243766,0,1
2024-05-13 14:00:00,32.621320343559645,77.06446609406726,440.0,162.72617337109602,1.1294107456925417,28.034213562373097,0,0
2024-05-13 15:00:00,32.0,78.1,440.0,132.86536418495228,1.0412958117813376,27.62,0,0
2024-05-13 16:00:00,31.276457135307563,79.30590477448739,440.0,93.95,0.9444343238008693,27.13763809020504,0,0
2024-05-13 17:00:00,30.5,80.6,440.0,48.6320985747637,0.8470581881772852,26.62,0,0
2024-05-13 18:00:00,29.72354286469244,81.8940952255126,440.0,2.3011113355978768e-14,0.7561469455388341,26.10236190979496,0,0
2024-05-13 19:00:00,29.0,83.1,440.0,0.0,0.6769595144145207,25.62,0,0
2024-05-13 20:00:00,28.37867965644036,84.13553390593273,440.0,0.0,0.6130153376398134,25.205786437626905,0,0
2024-05-13 21:00:00,27.901923788646684,84.93012701892219,440.0,0.0,0.5663858643400964,24.88794919243112,0,0
2024-05-13 22:00:00,27.602222521132795,85.42962913144534,440.0,0.0,0.5381218696578604,24.688148347421865,0,0
2024-05-13 23:00:00,27.5,85.6,440.0,0.0,0.5286629101380051,24.62,0,0
2024-05-14 00:00:00,27.302222521132794,87.32962913144534,440.0,0.0,0.4598135779873022,24.768148347421864,1,0
2024-05-14 01:00:00,26.101923788646683,82.2301270189222,400.0,0.0,0.600931982116681,22.547949192431123,0,1
2024-05-14 02:00:00,26.57867965644036,81.43553390593274,400.0,0.0,0.6457011104745185,22.865786437626905,0,1
2024-05-14 03:00:00,27.2,80.4,400.0,0.0,0.7070481072950004,23.28,0,1
2024-05-14 04:00:00,27.92354286469244,79.19409522551261,400.0,0.0,0.7829543929129563,23.76236190979496,0,1
2024-05-14 05:00:00,28.7,77.9,400.0,0.0,0.8700225241518889,24.28,0,1
2024-05-14 06:00:00,29.47645713530756,76.6059047744874,400.0,0.0,0.9632051930432926,24.79763809020504,0,1
2024-05-14 07:00:00,31.368826807682986,74.81558659615851,397.0779329807925,58.44134038414919,1.1554083426884443,26.331944126914685,0,1
2024-05-14 08:00:00,33.079320343559644,73.23546609406726,394.355,112.9,1.3522971395263164,27.726413562373097,0,1
2024-05-14 09:00:00,34.49137043519176,71.97322586915858,392.0167644404039,159.66471119192244,1.5320915298291553,28.88601560902348,0,1
2024-05-14 10:00:00,35.50874820235773,71.1148855068094,390.2225731912737,195.54853617452625,1.6703467948206123,29.73172530371961,0,1
2024-05-14 11:00:00,36.06212103152143,70.71893948423929,389.0946974211964,218.10605157607165,1.7455250902121366,30.205908928369286,0,1
2024-05-14 12:00:00,36.113777478867206,70.81237086855467,388.71,225.8,1.7448906370442305,30.27625165257814,0,1
2024-05-14 13:00:00,35.660197242874744,71.38881246531709,389.0946974211964,218.10605157607165,1.6683540812197928,29.93795973593816,0,1
2024-05-14 14:00:00,32.32132034355964,78.96446609406726,440.0,195.54853617452628,1.0184972062983186,28.11421356237309,0,0
2024-05-14 15:00:00,31.7,80.0,440.0,159.66471119192244,0.9349520360995288,27.7,0,0
2024-05-14 16:00:00,30.97645713530756,81.2059047744874,440.0,112.9,0.8432110373057843,27.217638090205043,0,0
2024-05-14 17:00:00,30.2,82.5,440.0,58.44134038414925,0.7510970324346544,26.7,0,0
2024-05-14 18:00:00,29.42354286469244,83.7940952255126,440.0,2.7652524724747243e-14,0.6652154092543275,26.18236190979496,0,0
2024-05-14 19:00:00,28.7,85.0,440.0,0.0,0.5905130254424587,25.7,0,0
2024-05-14 20:00:00,28.07867965644036,86.03553390593274,440.0,0.0,0.5302700876394514,25.285786437626903,0,0
2024-05-14 21:00:00,27.601923788646683,86.8301270189222,440.0,0.0,0.48638933732774564,24.967949192431124,0,0
2024-05-14 22:00:00,27.302222521132794,87.32962913144534,440.0,0.0,0.4598135779873022,24.768148347421864,1,0
2024-05-14 23:00:00,27.2,87.5,440.0,0.0,0.45092353781568917,24.7,1,0
2024-05-15 00:00:00,26.25096189432334,88.82962913144534,440.0,0.0,0.38109187093642755,24.268148347421864,1,0
2024-05-15 01:00:00,25.301923788646683,83.7301270189222,400.0,0.0,0.5247353416844682,22.047949192431123,0,1
2024-05-15 02:00:00,25.77867965644036,82.93553390593274,400.0,0.0,0.5661498034604068,22.365786437626905,0,1
2024-05-15 03:00:00,26.4,81.9,400.0,0.0,0.622956104649637,22.78,0,1
2024-05-15 04:00:00,27.123542864692435,80.69409522551261,400.0,0.0,0.6933258518478459,23.26236190979496,0,1
2024-05-15 05:00:00,27.9,79.4,400.0,0.0,0.7741432848400465,23.78,0,1
2024-05-15 06:00:00,28.67645713530756,78.1059047744874,400.0,0.0,0.8607419507663086,24.29763809020504,0,1
2024-05-15 07:00:00,30.427511609057007,76.3862441954715,397.4312209773575,51.375580452850365,1.0267793715942195,25.70476044815131,0,1
2024-05-15 08:00:00,32.00632034355964,74.87196609406726,395.0375,99.25,1.195208363428471,26.980713562373097,0,1
2024-05-15 09:00:00,33.121109337725535,73.66626602042251,392.98196519672354,140.36069606552968,1.3336507881276953,28.038543336748408,0,1
2024-05-15 10:00:00,34.23589833189143,72.85131044204255,391.4046978674394,171.90604265121107,1.463185593256229,28.806160420299936,0,1
2024-05-15 11:00:00,34.7347255303676,72.48263723481621,390.413186174081,191.73627651838007,1.5246721970473047,29.23125297733084,0,1
2024-05-15 12:00:00,34.7677774788672,72.58537086855466,390.075,198.5,1.5217624688198208,29.284851652578133,0,1
2024-05-15 13:00:00,34.332801741720914,73.15251021589401,390.413186174081,191.73627651838007,1.4547640186406126,28.963303784899715,0,1
2024-05-15 14:00:00,31.52132034355964,80.46446609406726,440.0,171.9060426512111,0.9040383229945591,27.61421356237309,0,0
2024-05-15 15:00:00,30.9,81.5,440.0,140.36069606552968,0.8264095528897051,27.2,0,0
2024-05-15 16:00:00,30.17645713530756,82.7059047744874,440.0,95.86813825919005,0.7412593970178841,26.71763809020504,0,0
2024-05-15 17:00:00,29.4,84.0,440.0,51.37558045285042,0.655873304662613,26.2,0,0
2024-05-15 18:00:00,28.623542864692435,85.2940952255126,440.0,2.4309238963074962e-14,0.5763764109153474,25.68236190979496,0,0
2024-05-15 19:00:00,27.9,86.5,440.0,0.0,0.5073269099679917,25.2,0,0
2024-05-15 20:00:00,27.27867965644036,87.53553390593274,440.0,0.0,0.45171822796175776,24.785786437626903,1,0
2024-05-15 21:00:00,26.801923788646683,88.3301270189222,440.0,0.0,0.4112600842610893,24.46794919243112,1,0
2024-05-15 22:00:00,26.5022225211328,88.82962913144534,440.0,0.0,0.38677805855334135,24.268148347421864,1,0
2024-05-15 23:00:00,26.4,89.0,440.0,0.0,0.3785921077981221,24.2,1,0
2024-05-16 00:00:00,26.4022225211328,93.02962913144536,440.0,0.0,0.2399339158396081,25.008148347421866,1,0
2024-05-16 01:00:00,25.201923788646685,90.08258151868905,400.0,0.0,0.3179602760040794,22.787949192431125,1,1
2024-05-16 02:00:00,25.67867965644036,87.13553390593275,400.0,0.0,0.4242851648174604,23.105786437626907,1,1
2024-05-16 03:00:00,26.3,86.10000000000001,400.0,0.0,0.4755905388322921,23.520000000000003,1,1
2024-05-16 04:00:00,27.02354286469244,84.89409522551261,400.0,0.0,0.539321219265551,24.00236190979496,0,1
2024-05-16 05:00:00,27.8,83.60000000000001,400.0,0.0,0.6127261302841814,24.520000000000003,0,1
2024-05-16 06:00:00,28.576457135307564,82.1846146301795,400.0,0.0,0.6963448587964037,25.037638090205043,0,1
2024-05-16 07:00:00,29.961541479282044,80.76922926035898,398.3461463017949,33.07707396410215,0.8141758863458675,26.11538733135384,0,1
2024-05-16 08:00:00,31.19932034355964,79.42546609406727,396.805,63.89999999999999,0.9348706152914007,27.084413562373097,0,1
2024-05-16 09:00:00,32.205441144066135,78.3661905147214,395.481587668218,90.36824663564076,1.0406411730632703,27.87867924701041,0,1
2024-05-16 10:00:00,32.91133841094023,77.66359040251815,394.46609766981743,110.67804660365124,1.1179788322355935,28.444056491443863,0,1
2024-05-16 11:00:00,33.26890641199486,77.36554679400258,393.8277339700128,123.44532059974291,1.1558324377496847,28.74201577079538,0,1
2024-05-16 12:00:00,33.25377747886721,77.49237086855466,393.61,127.8,1.1483830880021908,28.75225165257814,0,1
2024-05-16 13:00:00,32.86698262334818,78.03541977508038,393.8277339700128,123.44532059974291,1.0966340269276498,28.47406657836425,0,1
2024-05-16 14:00:00,31.421320343559643,84.66446609406727,440.0,110.67804660365128,0.7056618500209539,28.354213562373097,0,0
2024-05-16 15:00:00,30.8,85.7,440.0,90.36824663564076,0.6351618271628338,27.94,0,0
2024-05-16 16:00:00,30.076457135307564,86.9059047744874,440.0,63.89999999999999,0.5580321239308236,27.457638090205045,0,0
2024-05-16 17:00:00,29.3,88.2,440.0,33.07707396410218,0.48092660627979605,26.94,1,0
2024-05-16 18:00:00,28.52354286469244,89.49409522551261,440.0,1.5650986093103173e-14,0.40938327122701573,26.42236190979496,1,0
2024-05-16 19:00:00,27.8,90.7,440.0,0.0,0.34746054949042005,25.94,1,0
2024-05-16 20:00:00,27.17867965644036,91.73553390593274,440.0,0.0,0.297759244789174,25.525786437626905,1,0
2024-05-16 21:00:00,26.701923788646685,92.5301270189222,440.0,0.0,0.2617043683778759,25.207949192431126,1,0
2024-05-16 22:00:00,26.4022225211328,92.8650635094611,440.0,0.0,0.24559858918911256,25.008148347421866,1,0
2024-05-16 23:00:00,26.3,93.2,440.0,0.0,0.2326629974143587,24.918148347421862,1,0
2024-05-17 00:00:00,26.2022225211328,93.12962913144534,440.0,0.0,0.23371853217795216,24.828148347421862,1,0
2024-05-17 01:00:00,25.001923788646685,88.0301270189222,400.0,0.0,0.37922242181088495,22.607949192431125,1,1
2024-05-17 02:00:00,25.47867965644036,87.23553390593274,400.0,0.0,0.4160233516915271,22.925786437626908,1,1
2024-05-17 03:00:00,26.1,86.2,400.0,0.0,0.4666279300347616,23.340000000000003,1,1
2024-05-17 04:00:00,26.82354286469244,84.99409522551261,400.0,0.0,0.5294978830781577,23.82236190979496,0,1
2024-05-17 05:00:00,27.6,83.7,400.0,0.0,0.6019234595276454,24.340000000000003,0,1
2024-05-17 06:00:00,28.376457135307565,82.4059047744874,400.0,0.0,0.6797618331795336,24.857638090205043,0,1
2024-05-17 07:00:00,29.84022246899321,80.8298887655034,398.14944382751696,37.01112344966047,0.805975536080978,26.00620022209389,0,1
2024-05-17 08:00:00,31.151320343559643,79.44946609406726,396.425,71.49999999999999,0.9312351741813758,27.04121356237309,0,1
2024-05-17 09:00:00,32.22040160554684,78.35871028398104,394.94418651451616,101.1162697096763,1.0418800345733055,27.89214366234305,0,1
2024-05-17 10:00:00,32.9746101336907,77.63195454114292,393.8079183629413,123.84163274117472,1.1235443495944306,28.501001041919288,0,1
2024-05-17 11:00:00,33.362547863186734,77.31872606840663,393.0936303420332,138.12739315933678,1.1643086589356693,28.826293076868065,0,1
2024-05-17 12:00:00,33.357777478867206,77.44037086855465,392.85,143.0,1.1577552005450942,28.845851652578137,0,1
2024-05-17 13:00:00,32.96062407454005,77.98859904948443,440.0,138.12739315933678,1.1047629017765448,28.558343884436937,0,1
2024-05-17 14:00:00,31.221320343559643,84.76446609406726,440.0,123.84163274117472,0.6931420970421904,28.17421356237309,0,0
2024-05-17 15:00:00,30.6,85.8,440.0,101.1162697096763,0.623563456433785,27.76,0,0
2024-05-17 16:00:00,29.876457135307565,87.00590477448739,440.0,71.49999999999999,0.5474530009077397,27.27763809020504,0,0
2024-05-17 17:00:00,29.1,88.3,440.0,37.0111234496605,0.47137947752132103,26.76,1,0
2024-05-17 18:00:00,28.32354286469244,89.5940952255126,440.0,1.751244922780715e-14,0.40080687094818335,26.24236190979496,1,0
2024-05-17 19:00:00,27.6,90.8,440.0,0.0,0.3397359403468923,25.76,1,0
2024-05-17 20:00:00,26.97867965644036,91.83553390593272,440.0,0.0,0.2907270897188822,25.345786437626906,1,0
2024-05-17 21:00:00,26.501923788646685,92.6301270189222,440.0,0.0,0.2551799802529453,25.027949192431123,1,0
2024-05-17 22:00:00,26.2022225211328,93.12962913144534,440.0,0.0,0.23371853217795216,24.828148347421862,1,0
2024-05-17 23:00:00,26.1,93.3,440.0,0.0,0.2265512413936888,24.76,1,0
2024-05-18 00:00:00,27.2022225211328,89.72962913144535,440.0,0.0,0.3705403952238077,25.148148347421863,1,0
2024-05-18 01:00:00,26.001923788646685,84.63012701892221,400.0,0.0,0.5167077894303037,22.92794919243113,0,1
2024-05-18 02:00:00,26.47867965644036,83.83553390593275,400.0,0.0,0.5589248722907539,23.245786437626908,0,1
2024-05-18 03:00:00,27.1,82.80000000000001,400.0,0.0,0.6168454174123814,23.660000000000004,0,1
2024-05-18 04:00:00,27.82354286469244,81.59409522551262,400.0,0.0,0.6886140856974984,24.14236190979496,0,1
2024-05-18 05:00:00,28.6,80.30000000000001,400.0,0.0,0.7710598318399285,24.660000000000004,0,1
2024-05-18 06:00:00,29.376457135307565,79.0059047744874,400.0,0.0,0.8594250034397629,25.177638090205043,0,1
2024-05-18 07:00:00,30.708224755990926,77.49588762200455,398.4794381100226,30.411237799546186,0.9943446673462124,26.20740228039184,0,1
2024-05-18 08:00:00,31.896320343559644,76.17696609406727,397.0625,58.74999999999999,1.1261121337114144,27.131713562373097,0,1
2024-05-18 09:00:00,32.859777147141706,75.13902251318362,395.845747660529,83.08504678941934,1.2407414892409332,27.88758164977843,0,1
2024-05-18 10:00:00,33.53293717776064,74.45279101910795,394.9121007527664,101.75798494467152,1.323979190460514,28.423495381582228,0,1
2024-05-18 11:00:00,33.869925691779315,74.16503715411035,394.3251857705517,113.49628458896552,1.364307409047964,28.702933122601387,0,1
2024-05-18 12:00:00,33.84777747886721,74.29537086855467,394.125,117.5,1.3557500034601564,28.70685165257814,0,1
2024-05-18 13:00:00,33.46800190313263,74.83491013518815,394.3251857705517,109.62899247233578,1.2994518268858295,28.43498393017026,0,1
2024-05-18 14:00:00,32.22132034355964,81.36446609406727,440.0,101.75798494467156,0.8972199604759566,28.49421356237309,0,0
2024-05-18 15:00:00,31.6,82.4,440.0,83.08504678941934,0.8181095436100612,28.08,0,0
2024-05-18 16:00:00,30.876457135307565,83.6059047744874,440.0,58.74999999999999,0.731355405230329,27.597638090205045,0,0
2024-05-18 17:00:00,30.1,84.9,440.0,30.41123779954622,0.6443869287856537,27.08,0,0
2024-05-18 18:00:00,29.32354286469244,86.19409522551261,440.0,1.4389599889981402e-14,0.5634445189541223,26.56236190979496,0,0
2024-05-18 19:00:00,28.6,87.4,440.0,0.0,0.49316517163365986,26.08,0,0
2024-05-18 20:00:00,27.97867965644036,88.43553390593274,440.0,0.0,0.4365864092545827,25.66578643762691,1,0
2024-05-18 21:00:00,27.501923788646685,89.2301270189222,440.0,0.0,0.3954355973301526,25.347949192431127,1,0
2024-05-18 22:00:00,27.2022225211328,89.72962913144535,440.0,0.0,0.3705403952238077,25.148148347421863,1,0
2024-05-18 23:00:00,27.1,89.9,440.0,0.0,0.3622173672014566,25.08,1,0
2024-05-19 00:00:00,26.5022225211328,92.42962913144534,440.0,0.0,0.2621267799900013,24.988148347421863,1,0
2024-05-19 01:00:00,25.301923788646683,87.3301270189222,400.0,0.0,0.40862827482161784,22.76794919243112,1,1
2024-05-19 02:00:00,25.77867965644036,86.53553390593274,400.0,0.0,0.44671217902948174,23.085786437626904,1,1
2024-05-19 03:00:00,26.4,85.5,400.0,0.0,0.4990532330066156,23.5,1,1
2024-05-19 04:00:00,27.123542864692435,84.2940952255126,400.0,0.0,0.5640403769733061,23.98236190979496,0,1
2024-05-19 05:00:00,27.9,83.0,400.0,0.0,0.6388561088485822,24.5,0,1
2024-05-19 06:00:00,28.67645713530756,81.7059047744874,400.0,0.0,0.7192119633043053,25.01763809020504,0,1
2024-05-19 07:00:00,29.999942546547643,80.20002872672617,398.5001436336309,29.99712732738216,0.8401228941934972,26.03994829189288,0,1
2024-05-19 08:00:00,31.18032034355964,78.88496609406727,397.1025,57.95,0.9583942059232506,26.95731356237309,0,1
2024-05-19 09:00:00,32.13714973014373,77.8503362216826,395.90231620302393,81.95367593952086,1.0613565300151961,27.707216974480254,0,1
2024-05-19 10:00:00,32.80522436483953,77.16664742556848,394.9813827850692,100.37234429861644,1.1360624819663707,28.238553849953227,0,1
2024-05-19 11:00:00,33.13901606533806,76.88049196733097,394.4024598366548,111.95080326690302,1.172044398688617,28.515114458804256,0,1
2024-05-19 12:00:00,33.1157774788672,77.01137086855465,394.205,115.9,1.163892806613598,28.51805165257813,0,1
2024-05-19 13:00:00,32.73709227669138,77.55036494840877,394.4024598366548,111.95080326690302,1.112703078405979,28.24716526637313,0,1
2024-05-19 14:00:00,31.52132034355964,84.06446609406726,440.0,100.37234429861644,0.7374425197545956,28.33421356237309,0,0
2024-05-19 15:00:00,30.9,85.1,440.0,81.95367593952086,0.6655947209760326,27.92,0,0
2024-05-19 16:00:00,30.17645713530756,86.30590477448739,440.0,57.95,0.5869562204442001,27.43763809020504,0,0
2024-05-19 17:00:00,29.4,87.6,440.0,29.997127327382188,0.5083018111135253,26.92,1,0
2024-05-19 18:00:00,28.623542864692435,88.8940952255126,440.0,1.4193656402117824e-14,0.435279680648537,26.402361909794955,1,0
2024-05-19 19:00:00,27.9511112605664,90.1,440.0,0.0,0.3731491949082019,25.92,1,0
2024-05-19 20:00:00,27.27867965644036,91.13553390593272,440.0,0.0,0.3212525017613922,25.505786437626902,1,0
2024-05-19 21:00:00,26.801923788646683,91.9301270189222,440.0,0.0,0.2843918393589769,25.18794919243112,1,0
2024-05-19 22:00:00,26.5022225211328,92.42962913144534,440.0,0.0,0.2621267799900013,24.988148347421863,1,0
2024-05-19 23:00:00,26.4,92.6,440.0,0.0,0.25468923615510053,24.92,1,0
2024-05-20 00:00:00,25.5022225211328,96.92962913144534,440.0,0.0,0.10021036592882172,24.88814834742186,1,0
2024-05-20 01:00:00,24.301923788646683,91.8301270189222,400.0,0.0,0.24823519632710503,22.667949192431124,1,1
2024-05-20 02:00:00,24.77867965644036,91.03553390593274,400.0,0.0,0.28025216859730123,22.985786437626903,1,1
2024-05-20 03:00:00,25.4,90.0,400.0,0.0,0.32440422381586764,23.4,1,1
2024-05-20 04:00:00,26.123542864692435,88.7940952255126,400.0,0.0,0.3794394383486561,23.882361909794955,1,1
2024-05-20 05:00:00,26.9,87.5,400.0,0.0,0.4430595838511293,24.4,1,1
2024-05-20 06:00:00,27.67645713530756,86.2059047744874,400.0,0.0,0.5116648133931541,24.91763809020504,1,1
2024-05-20 07:00:00,28.823945595877927,84.78802720206103,398.9401360103052,21.19727979389645,0.6031704645758715,25.78155103629013,0,1
2024-05-20 08:00:00,29.84032034355964,83.55496609406727,397.9525,40.95,0.6914080650402905,26.55131356237309,0,1
2024-05-20 09:00:00,30.65631711893688,82.59075252728601,397.1043977310411,57.91204537917825,0.7669527484059063,27.174467624394083,0,1
2024-05-20 10:00:00,31.21632709026612,81.9610960628552,396.45362597150273,70.92748056994553,0.8204488065532664,27.608546302837155,0,1
2024-05-20 11:00:00,31.48218650346149,81.70890674826926,396.04453374134624,79.1093251730747,0.8445731134809401,27.82396785311534,0,1
2024-05-20 12:00:00,31.435777478867205,81.85137086855465,395.905,81.9,0.835791355819611,27.806051652578137,0,1
2024-05-20 13:00:00,31.080262714814808,82.37877972934706,396.04453374134624,79.1093251730747,0.7952741588516304,27.55601866068422,0,1
2024-05-20 14:00:00,30.52132034355964,88.56446609406726,440.0,70.92748056994553,0.49991599294599004,28.234213562373093,0,0
2024-05-20 15:00:00,29.9,89.6,440.0,57.91204537917825,0.43875399323915615,27.82,0,0
2024-05-20 16:00:00,29.17645713530756,90.8059047744874,440.0,40.95,0.3720580503646019,27.33763809020504,1,0
2024-05-20 17:00:00,28.4,92.1,440.0,21.19727979389648,0.30564023360577297,26.82,1,0
2024-05-20 18:00:00,27.623542864692435,93.3940952255126,440.0,1.0029857285016824e-14,0.24427726714083178,26.30236190979496,1,0
2024-05-20 19:00:00,26.9,94.6,440.0,0.0,0.19140174022368803,25.82,1,0
2024-05-20 20:00:00,26.27867965644036,95.63553390593272,440.0,0.0,0.14914317316602835,25.405786437626904,1,0
2024-05-20 21:00:00,25.801923788646683,96.4301270189222,440.0,0.0,0.11860120806738657,25.08794919243112,1,0
2024-05-20 22:00:00,25.5022225211328,96.92962913144534,440.0,0.0,0.10021036592882172,24.88814834742186,1,0
2024-05-20 23:00:00,25.4,97.1,440.0,0.0,0.09407722490660173,24.82,1,0
2024-05-21 00:00:00,26.7022225211328,90.52962913144536,440.0,0.0,0.3317969352150657,24.808148347421863,1,0
2024-05-21 01:00:00,25.501923788646685,85.4301270189222,400.0,0.0,0.47552119420313244,22.587949192431125,1,1
2024-05-21 02:00:00,25.97867965644036,84.63553390593275,400.0,0.0,0.5158167234682653,22.905786437626908,0,1
2024-05-21 03:00:00,26.6,83.60000000000001,400.0,0.0,0.5711337541987838,23.320000000000004,0,1
2024-05-21 04:00:00,27.32354286469244,82.39409522551261,400.0,0.0,0.6397241519778278,23.80236190979496,0,1
2024-05-21 05:00:00,28.1,81.10000000000001,400.0,0.0,0.7185770879658551,24.320000000000004,0,1
2024-05-21 06:00:00,28.876457135307565,79.8059047744874,400.0,0.0,0.8031530707610078,24.837638090205047,0,1
2024-05-21 07:00:00,30.459796867830576,78.17010156608472,397.8505078304236,42.98984339152869,0.9509667888896853,26.09381718104752,0,1
2024-05-21 08:00:00,31.88232034355964,76.73396609406727,395.8475,83.04999999999998,1.098912369105437,27.229113562373094,0,1
2024-05-21 09:00:00,33.04708493845503,75.59536861752696,394.12747818224574,117.45043635508554,1.2308348956395503,28.16615866196042,0,1
2024-05-21 10:00:00,33.87471387023911,74.83190267286871,392.8076590215703,143.84681956859524,1.3294459128603753,28.841094404812853,0,1
2024-05-21 11:00:00,34.30880559493229,74.49559720253387,391.9779860126693,160.44027974661424,1.3801463527893527,29.20792503543906,0,1
2024-05-21 12:00:00,34.31977747886721,74.60937086855466,391.695,166.1,1.3748272868572464,29.241651652578145,0,1
2024-05-21 13:00:00,33.906881806285604,75.16547018361167,391.9779860126693,160.44027974661424,1.3141795684701754,28.93997584300794,0,1
2024-05-21 14:00:00,31.721320343559643,82.16446609406727,440.0,143.8468195685953,0.8347757233702364,28.15421356237309,0,0
2024-05-21 15:00:00,31.1,83.2,440.0,117.45043635508554,0.7590630404118216,27.74,0,0
2024-05-21 16:00:00,30.376457135307565,84.4059047744874,440.0,83.04999999999998,0.6760896548368729,27.257638090205045,0,0
2024-05-21 17:00:00,29.6,85.7,440.0,42.98984339152874,0.5929754759671679,26.74,0,0
2024-05-21 18:00:00,28.82354286469244,86.99409522551261,440.0,2.0341383333837537e-14,0.5156855664603279,26.22236190979496,0,0
2024-05-21 19:00:00,28.1,88.11481456572267,440.0,0.0,0.4518741766823919,25.74,1,0
2024-05-21 20:00:00,27.47867965644036,89.23553390593274,440.0,0.0,0.39470045963659495,25.325786437626903,1,0
2024-05-21 21:00:00,27.001923788646685,90.0301270189222,440.0,0.0,0.35550000725300385,25.007949192431127,1,0
2024-05-21 22:00:00,26.7022225211328,90.52962913144536,440.0,0.0,0.3317969352150657,24.808148347421863,1,0
2024-05-21 23:00:00,26.6,90.7,440.0,0.0,0.3238746289054079,24.74,1,0
2024-05-22 00:00:00,27.2022225211328,92.12962913144534,440.0,0.0,0.2839518036414001,25.628148347421863,1,0
2024-05-22 01:00:00,26.001923788646685,87.0301270189222,400.0,0.0,0.4360240585914452,23.40794919243113,1,1
2024-05-22 02:00:00,26.47867965644036,86.23553390593274,400.0,0.0,0.4759391624200061,23.72578643762691,1,1
2024-05-22 03:00:00,27.1,85.2,400.0,0.0,0.5307739638199563,24.14,1,1
2024-05-22 04:00:00,27.82354286469244,83.99409522551261,400.0,0.0,0.5988236719187213,24.62236190979496,0,1
2024-05-22 05:00:00,28.6,82.7,400.0,0.0,0.6771236086716127,25.14,0,1
2024-05-22 06:00:00,29.376457135307565,81.4059047744874,400.0,0.0,0.761177377805062,25.657638090205044,0,1
2024-05-22 07:00:00,30.755329822199585,79.87233508890021,398.361675444501,32.76649110997912,0.8917342569932275,26.729796839979628,0,1
2024-05-22 08:00:00,31.98732034355964,78.53146609406727,396.835,63.29999999999999,1.0200493917889633,27.69361356237309,0,1
2024-05-22 09:00:00,32.98847058131766,77.47467579609564,395.5240140750892,89.51971849821692,1.1323245522444438,28.483405740536785,0,1
2024-05-22 10:00:00,33.69055380124941,76.77398270736356,394.5180591940445,109.63881611910992,1.21432436320643,29.04535034272212,0,1
2024-05-22 11:00:00,34.045724192163924,76.47713790391805,393.8856895195902,122.28620960819605,1.2544312662627273,29.341151772947534,0,1
2024-05-22 12:00:00,34.0297774788672,76.60437086855465,393.67,126.6,1.2465391853225802,29.350651652578133,0,1
2024-05-22 13:00:00,33.64380040351724,77.14701088499585,393.8856895195902,122.28620960819605,1.1917074431742285,29.07320258051641,0,1
2024-05-22 14:00:00,32.22132034355964,83.76446609406726,440.0,109.63881611910992,0.7816703917857479,28.97421356237309,0,0
2024-05-22 15:00:00,31.6,84.8,440.0,89.51971849821692,0.7065491512995986,28.56,0,0
2024-05-22 16:00:00,30.876457135307565,86.00590477448739,440.0,63.29999999999999,0.6242892360756414,28.07763809020504,0,0
2024-05-22 17:00:00,30.1,87.3,440.0,32.76649110997916,0.541967814276676,27.56,0,0
2024-05-22 18:00:00,29.32354286469244,88.5940952255126,440.0,1.5504028477205492e-14,0.4654960782268757,27.04236190979496,1,0
2024-05-22 19:00:00,28.6,89.8,440.0,7.752014238602746e-15,0.39922894846534396,26.56,1,0
2024-05-22 20:00:00,27.97867965644036,90.83553390593272,440.0,0.0,0.3459806369095429,26.145786437626903,1,0
2024-05-22 21:00:00,27.501923788646685,91.6301270189222,440.0,0.0,0.3073152048928607,25.827949192431124,1,0
2024-05-22 22:00:00,27.2022225211328,92.12962913144534,440.0,0.0,0.2839518036414001,25.628148347421863,1,0
2024-05-22 23:00:00,27.1,92.3,440.0,0.0,0.27614591360903157,25.56,1,0
2024-05-23 00:00:00,27.5022225211328,87.82962913144534,440.0,0.0,0.446865242374206,25.06814834742186,1,0
2024-05-23 01:00:00,26.301923788646683,82.7301270189222,400.0,0.0,0.5909582851390409,22.847949192431123,0,1
2024-05-23 02:00:00,26.77867965644036,81.93553390593274,400.0,0.0,0.6357441702374419,23.165786437626902,0,1
2024-05-23 03:00:00,27.4,80.9,400.0,0.0,0.6971247230567906,23.58,0,1
2024-05-23 04:00:00,28.123542864692435,79.69409522551261,400.0,0.0,0.7730876529385154,24.06236190979496,0,1
2024-05-23 05:00:00,28.9,78.4,400.0,0.0,0.8602388277828354,24.58,0,1
2024-05-23 06:00:00,29.67645713530756,77.1059047744874,400.0,0.0,0.9535289978470833,25.09763809020504,0,1
2024-05-23 07:00:00,30.956460946970417,75.6217695265148,398.60884763257394,27.82304734852098,1.0925026838856133,26.080814852273377,0,1
2024-05-23 08:00:00,32.09632034355964,74.32696609406727,397.3125,53.74999999999999,1.2273550244210212,26.96171356237309,0,1
2024-05-23 09:00:00,33.018355790904394,73.30973319130227,396.1993010511223,76.01397897755386,1.343942793181908,27.680302429164847,0,1
2024-05-23 10:00:00,33.65973209700375,72.6393935594864,395.3451134546586,93.09773090682717,1.428034152112945,28.187610808901027,0,1
2024-05-23 11:00:00,33.976740526521496,72.36162973673926,394.8081486836962,103.83702632607483,1.4682539579604224,28.449066473869348,0,1
2024-05-23 12:00:00,33.9477774788672,72.49537086855466,394.625,107.5,1.4587940783419224,28.446851652578133,0,1
2024-05-23 13:00:00,33.57481673787481,73.03150271781706,394.8081486836962,103.83702632607483,1.4009107758875328,28.181117281438222,0,1
2024-05-23 14:00:00,32.52132034355964,79.46446609406726,440.0,93.09773090682717,1.005553741675152,28.41421356237309,0,0
2024-05-23 15:00:00,31.9,80.5,440.0,76.01397897755386,0.921954637572932,28.0,0,0
2024-05-23 16:00:00,31.17645713530756,81.7059047744874,440.0,53.74999999999999,0.8301717325075822,27.51763809020504,0,0
2024-05-23 17:00:00,30.4,83.0,440.0,27.82304734852101,0.738036408402582,27.0,0,0
2024-05-23 18:00:00,29.623542864692435,84.2940952255126,440.0,1.3164953090834047e-14,0.6521564870696596,26.48236190979496,0,0
2024-05-23 19:00:00,28.9,85.5,440.0,0.0,0.5774751390208851,26.0,0,0
2024-05-23 20:00:00,28.27867965644036,86.53553390593274,440.0,0.0,0.5172643595812416,25.585786437626904,0,0
2024-05-23 21:00:00,27.801923788646683,87.3301270189222,440.0,0.0,0.47341665744572564,25.26794919243112,1,0
2024-05-23 22:00:00,27.5022225211328,87.82962913144534,440.0,0.0,0.446865242374206,25.06814834742186,1,0
2024-05-23 23:00:00,27.4,88.0,440.0,0.0,0.4379841191979838,25.0,1,0
2024-05-24 00:00:00,27.5022225211328,87.72962913144535,440.0,0.0,0.45053698949843496,25.048148347421865,1,0
2024-05-24 01:00:00,26.301923788646683,82.63012701892221,400.0,0.0,0.5943801880435182,22.827949192431124,0,1
2024-05-24 02:00:00,26.77867965644036,81.83553390593275,400.0,0.0,0.639263478070438,23.145786437626903,0,1
2024-05-24 03:00:00,27.4,80.80000000000001,400.0,0.0,0.7007745907167735,23.56,0,1
2024-05-24 04:00:00,28.123542864692435,79.59409522551262,400.0,0.0,0.776894859076455,24.04236190979496,0,1
2024-05-24 05:00:00,28.9,78.30000000000001,400.0,0.0,0.8642214149484964,24.56,0,1
2024-05-24 06:00:00,29.67645713530756,77.0059047744874,400.0,0.0,0.9576939538693872,25.07763809020504,0,1
2024-05-24 07:00:00,30.902626585589093,75.54868670720546,398.7434335360273,25.13132927945476,1.092422861729078,26.012363927030187,0,1
2024-05-24 08:00:00,31.99232034355964,74.27896609406727,397.5725,48.54999999999999,1.2224467570095245,26.848113562373094,0,1
2024-05-24 09:00:00,32.87127758041759,73.28327229654568,396.5669965773393,68.66006845321377,1.3342180185858283,27.527932039726725,0,1
2024-05-24 10:00:00,33.47959881301659,72.62946020147997,395.7954466646265,84.09106670746898,1.414251269367954,28.00549085331258,0,1
2024-05-24 11:00:00,33.775827954653366,72.36208602267332,395.3104301133666,93.79139773266851,1.4518819391695146,28.24824515918803,0,1
2024-05-24 12:00:00,33.739777478867204,72.49937086855466,395.145,97.1,1.4417679768808305,28.239651652578136,0,1
2024-05-24 13:00:00,33.37390416600668,73.03195900375113,395.3104301133666,93.79139773266851,1.3852430304579677,27.980295966756906,0,1
2024-05-24 14:00:00,32.52132034355964,79.36446609406727,440.0,84.091066707469,1.0104503942106122,28.39421356237309,0,0
2024-05-24 15:00:00,31.9,80.4,440.0,68.66006845321377,0.9266826100733059,27.98,0,0
2024-05-24 16:00:00,31.17645713530756,81.6059047744874,440.0,46.89569886633428,0.8347096542920374,27.49763809020504,0,0
2024-05-24 17:00:00,30.4,82.9,440.0,25.13132927945479,0.7423777990402438,26.98,0,0
2024-05-24 18:00:00,29.623542864692435,84.19409522551261,440.0,1.18913204197208e-14,0.6563087883629224,26.46236190979496,0,0
2024-05-24 19:00:00,28.9,85.4,440.0,0.0,0.5814577261865459,25.98,0,0
2024-05-24 20:00:00,28.27867965644036,86.43553390593274,440.0,0.0,0.5211060593260914,25.565786437626905,0,0
2024-05-24 21:00:00,27.801923788646683,87.2301270189222,440.0,0.0,0.4771532115386733,25.24794919243112,1,0
2024-05-24 22:00:00,27.5022225211328,87.72962913144535,440.0,0.0,0.45053698949843496,25.048148347421865,1,0
2024-05-24 23:00:00,27.4,87.9,440.0,0.0,0.44163398685796695,24.98,1,0
2024-05-25 00:00:00,28.4022225211328,80.22962913144535,440.0,0.0,0.7649873956903419,24.448148347421867,0,0
2024-05-25 01:00:00,27.201923788646685,75.13012701892221,400.0,0.0,0.897253996384208,22.22794919243113,0,1
2024-05-25 02:00:00,27.67867965644036,74.33553390593275,400.0,0.0,0.9520963589682103,22.54578643762691,0,1
2024-05-25 03:00:00,28.3,73.30000000000001,400.0,0.0,1.027005186427742,22.96,0,1
2024-05-25 04:00:00,29.02354286469244,72.09409522551262,400.0,0.0,1.119342301732091,23.44236190979496,0,1
2024-05-25 05:00:00,29.8,70.80000000000001,400.0,0.0,1.2248327223878617,23.96,0,1
2024-05-25 06:00:00,30.576457135307564,69.5059047744874,400.0,0.0,1.3372856355458695,24.477638090205044,0,1
2024-05-25 07:00:00,31.84507290898591,68.02746354550706,398.6373177275352,27.25364544929544,1.506963596014376,25.45056561808732,0,1
2024-05-25 08:00:00,32.97432034355964,66.73796609406727,397.3675,52.64999999999999,1.670720973177795,26.32191356237309,0,1
2024-05-25 09:00:00,33.88724309253218,65.72528954048838,396.2770827970528,74.45834405894345,1.8117460314492564,27.032301000629857,0,1
2024-05-25 10:00:00,34.52162697923724,65.05844611836966,395.4403762490749,91.19247501850138,1.9132984637480661,27.533316202911173,0,1
2024-05-25 11:00:00,34.83423979016477,64.78288010491762,394.9144005245881,101.71198950823889,1.9620768276084801,27.7908158111483,0,1
2024-05-25 12:00:00,34.80377747886721,64.91737086855467,394.735,105.3,1.951291364402713,27.787251652578146,0,1
2024-05-25 13:00:00,34.43231600151809,65.45275308599543,394.9144005245881,101.71198950823889,1.8823565710343,27.52286661871717,0,1
2024-05-25 14:00:00,33.42132034355964,71.86446609406727,440.0,91.1924750185014,1.4490501479940285,27.79421356237309,0,0
2024-05-25 15:00:00,32.8,72.9,440.0,74.45834405894345,1.3479518301990563,27.38,0,0
2024-05-25 16:00:00,32.076457135307564,74.1059047744874,440.0,52.64999999999999,1.2365355031832896,26.89763809020504,0,0
2024-05-25 17:00:00,31.3,75.4,440.0,27.253645449295465,1.1241940194669446,26.380000000000003,0,0
2024-05-25 18:00:00,30.52354286469244,76.69409522551261,440.0,1.2895530795021627e-14,1.0189707085761288,25.86236190979496,0,0
2024-05-25 19:00:00,29.8,77.9,440.0,0.0,0.9270138070127311,25.380000000000003,0,0
2024-05-25 20:00:00,29.17867965644036,78.93553390593274,440.0,0.0,0.8525264654300966,24.965786437626907,0,0
2024-05-25 21:00:00,28.701923788646685,79.7301270189222,440.0,0.0,0.7980638536044806,24.647949192431128,0,0
2024-05-25 22:00:00,28.4022225211328,80.22962913144535,440.0,0.0,0.7649873956903419,24.448148347421867,0,0
2024-05-25 23:00:00,28.3,80.4,440.0,0.0,0.7539064289881553,24.380000000000003,0,0
2024-05-26 00:00:00,29.802222521132794,69.82962913144534,440.0,0.0,1.2656977950200623,23.768148347421864,0,0
2024-05-26 01:00:00,28.601923788646683,64.7301270189222,400.0,0.0,1.3806200502730686,21.54794919243113,0,1
2024-05-26 02:00:00,29.07867965644036,63.935533905932736,400.0,0.0,1.451207738903726,21.865786437626905,0,1
2024-05-26 03:00:00,29.7,62.9,400.0,0.0,1.5472915599570025,22.28,0,1
2024-05-26 04:00:00,30.42354286469244,61.694095225512605,400.0,0.0,1.665249238886548,22.76236190979496,0,1
2024-05-26 05:00:00,31.2,60.4,400.0,0.0,1.7994238363115806,23.28,0,1
2024-05-26 06:00:00,31.97645713530756,59.10590477448739,400.0,0.0,1.9418370460022767,23.79763809020504,0,1
2024-05-26 07:00:00,33.74355838985336,57.37822080507332,397.3911040253666,52.17791949266818,2.234991734881402,25.219202550868022,0,1
2024-05-26 08:00:00,35.33732034355964,55.85646609406726,394.96,100.79999999999998,2.5287010924968696,26.508613562373093,0,1
2024-05-26 09:00:00,36.64913075309748,54.64434571020573,392.8723636456396,142.55272708720798,2.7920418602709223,27.577999895138625,0,1
2024-05-26 10:00:00,37.58959190692606,53.824463654525225,391.2704639298528,174.59072140294282,2.991780682019332,28.354484637831103,0,1
2024-05-26 11:00:00,38.09461293159752,53.45269353420124,390.2634676710062,194.73064657987612,3.0994570560724104,28.78515163843777,0,1
2024-05-26 12:00:00,38.1297774788672,53.554370868554656,389.92,201.6,3.0985679960743937,28.840651652578128,0,1
2024-05-26 13:00:00,37.69268914295084,54.12256651527905,390.2634676710062,194.73064657987612,2.9891266917530475,28.51720244600665,0,1
2024-05-26 14:00:00,34.82132034355964,61.46446609406726,440.0,174.59072140294285,2.1454235598873193,27.11421356237309,0,0
2024-05-26 15:00:00,34.2,62.5,440.0,142.55272708720798,2.017042954874016,26.7,0,0
2024-05-26 16:00:00,33.47645713530756,63.705904774487394,440.0,100.79999999999998,1.8750071440991336,26.217638090205043,0,0
2024-05-26 17:00:00,32.7,65.0,440.0,52.17791949266824,1.7311415713976843,25.700000000000003,0,0
2024-05-26 18:00:00,31.92354286469244,66.2940952255126,440.0,2.468887947081064e-14,1.5957288175217057,25.18236190979496,0,0
2024-05-26 19:00:00,31.2,67.5,440.0,0.0,1.4767998656597565,24.7,0,0
2024-05-26 20:00:00,30.57867965644036,68.53553390593274,440.0,0.0,1.380015356548433,24.285786437626903,0,0
2024-05-26 21:00:00,30.101923788646683,69.3301270189222,440.0,0.0,1.3089698339023403,23.96794919243112,0,0
2024-05-26 22:00:00,29.802222521132794,69.82962913144534,440.0,0.0,1.2656977950200623,23.768148347421864,0,0
2024-05-26 23:00:00,29.7,70.0,440.0,0.0,1.2511791589948809,23.7,0,0
2024-05-27 00:00:00,30.0022225211328,71.42962913144534,440.0,0.0,1.2124139694558491,24.28814834742186,0,0
2024-05-27 01:00:00,28.801923788646683,66.3301270189222,400.0,0.0,1.3333449904167856,22.06794919243112,0,1
2024-05-27 02:00:00,29.27867965644036,65.53553390593274,400.0,0.0,1.402924900216644,22.385786437626905,0,1
2024-05-27 03:00:00,29.9,64.5,400.0,0.0,1.497669880768272,22.8,0,1
2024-05-27 04:00:00,30.623542864692435,63.294095225512606,400.0,0.0,1.614031573530817,23.28236190979496,0,1
2024-05-27 05:00:00,31.4,62.0,400.0,0.0,1.7464485803260668,23.8,0,1
2024-05-27 06:00:00,32.17645713530756,60.705904774487394,400.0,0.0,1.8870568884871866,24.31763809020504,0,1
2024-05-27 07:00:00,34.17390733999461,58.863046330002696,396.8152316500135,63.69536699973035,2.2094589043873114,25.946516605995143,0,1
2024-05-27 08:00:00,35.98232034355964,57.23396609406726,393.8475,123.04999999999998,2.538265546689999,27.429113562373097,0,1
2024-05-27 09:00:00,37.4784557883535,55.92968319257771,391.2990510574995,174.01897885000935,2.8382147981277845,28.664392426869043,0,1
2024-05-27 10:00:00,38.56035451629421,55.03908234984115,389.34355740643247,213.12885187135032,3.0699937357373583,29.56817098626244,0,1
2024-05-27 11:00:00,39.15428691699479,54.6228565415026,388.114282707513,237.7143458497397,3.1988996071283284,30.07885822529532,0,1
2024-05-27 12:00:00,39.2197774788672,54.70937086855466,387.695,246.1,3.2040300332253393,30.161651652578133,0,1
2024-05-27 13:00:00,37.12054891121342,55.29272952258041,440.0,237.7143458497397,2.8237706115588277,29.81090903286419,0,1
2024-05-27 14:00:00,35.021320343559644,63.064466094067264,440.0,213.12885187135035,2.0792158274544383,27.6342135623731,0,0
2024-05-27 15:00:00,34.4,64.1,440.0,174.01897885000935,1.9525576105148157,27.22,0,0
2024-05-27 16:00:00,33.67645713530756,65.3059047744874,440.0,123.04999999999998,1.812482662359989,26.73763809020504,0,0
2024-05-27 17:00:00,32.9,66.6,440.0,63.69536699973042,1.6706684946912245,26.22,0,0
2024-05-27 18:00:00,32.12354286469244,67.89409522551261,440.0,3.013855772701636e-14,1.5372533954634233,25.702361909794963,0,0
2024-05-27 19:00:00,31.4,69.1,440.0,0.0,1.4201384508440913,25.22,0,0
2024-05-27 20:00:00,30.77867965644036,70.13553390593273,440.0,0.0,1.3248757060238572,24.805786437626903,0,0
2024-05-27 21:00:00,30.301923788646683,70.93012701892219,440.0,0.0,1.2549756762416238,24.48794919243112,0,0
2024-05-27 22:00:00,30.0022225211328,71.42962913144534,440.0,0.0,1.2124139694558491,24.28814834742186,0,0
2024-05-27 23:00:00,29.9,71.6,440.0,0.0,1.1981359046146178,24.22,0,0
2024-05-28 00:00:00,29.802222521132794,70.92962913144534,440.0,0.0,1.2195509451656856,23.988148347421863,0,0
2024-05-28 01:00:00,28.601923788646683,65.8301270189222,400.0,0.0,1.337561146825496,21.767949192431125,0,1
2024-05-28 02:00:00,29.07867965644036,65.03553390593274,400.0,0.0,1.4069445434184418,22.085786437626904,0,1
2024-05-28 03:00:00,29.7,64.0,400.0,0.0,1.5014149907938568,22.5,0,1
2024-05-28 04:00:00,30.42354286469244,62.794095225512606,400.0,0.0,1.617429609679011,22.98236190979496,0,1
2024-05-28 05:00:00,31.2,61.5,400.0,0.0,1.7494398408584813,23.5,0,1
2024-05-28 06:00:00,31.97645713530756,60.205904774487394,400.0,0.0,1.889604058847938,24.01763809020504,0,1
2024-05-28 07:00:00,34.01169492057957,58.344152539710215,396.7207626985511,65.58474602897876,2.217226156033436,25.680525428521616,0,1
2024-05-28 08:00:00,35.85532034355964,56.69746609406726,393.665,126.7,2.552250997014559,27.19481356237309,0,1
2024-05-28 09:00:00,37.38169337840674,55.3780643975511,391.0409570823665,179.18085835267115,2.858681291517596,28.457306257916965,0,1
2024-05-28 10:00:00,38.48679422524673,54.475862495364886,389.0274581340512,219.4508373189768,3.096158259241649,29.38196672431971,0,1
2024-05-28 11:00:00,39.095312087633005,54.0523439561835,387.7617197809175,244.76560438164992,3.2288891385179705,29.905780878869702,0,1
2024-05-28 12:00:00,39.1657774788672,54.13637086855466,387.33,253.4,3.235187476614423,29.99305165257813,0,1
2024-05-28 13:00:00,38.69338829898632,54.72221693726131,387.7617197809175,244.76560438164992,3.113847870208778,29.63783168643858,0,1
2024-05-28 14:00:00,34.82132034355964,62.564466094067264,440.0,219.4508373189768,2.0841822670681553,27.33421356237309,0,0
2024-05-28 15:00:00,34.2,63.6,440.0,179.18085835267115,1.9578763615310446,26.919999999999995,0,0
2024-05-28 16:00:00,33.47645713530756,64.8059047744874,440.0,126.7,1.8181795018699032,26.43763809020504,0,0
2024-05-28 17:00:00,32.7,66.1,440.0,65.58474602897883,1.6767342648680432,25.92,0,0
2024-05-28 18:00:00,31.92354286469244,67.39409522551261,440.0,3.1032549890393933e-14,1.5436518383983766,25.40236190979496,0,0
2024-05-28 19:00:00,31.2,68.6,440.0,0.0,1.4268158702066576,24.92,0,0
2024-05-28 20:00:00,30.57867965644036,69.63553390593273,440.0,0.0,1.331769920326348,24.505786437626902,0,0
2024-05-28 21:00:00,30.101923788646683,70.43012701892219,440.0,0.0,1.2620225635898443,24.18794919243112,0,0
2024-05-28 22:00:00,29.802222521132794,70.92962913144534,440.0,0.0,1.2195509451656856,23.988148347421863,0,0
2024-05-28 23:00:00,29.7,71.1,440.0,0.0,1.205302589831735,23.92,0,0
2024-05-29 00:00:00,30.5022225211328,69.92962913144534,440.0,0.0,1.3131231437631095,24.488148347421863,0,0
2024-05-29 01:00:00,29.301923788646683,64.8301270189222,400.0,0.0,1.4335596556187362,22.26794919243112,0,1
2024-05-29 02:00:00,29.77867965644036,64.03553390593274,400.0,0.0,1.506730623368288,22.585786437626904,0,1
2024-05-29 03:00:00,30.4,63.0,400.0,0.0,1.606314535935031,23.03407417371093,0,1
2024-05-29 04:00:00,31.123542864692435,61.794095225512606,400.0,0.0,1.7285448842558133,23.48236190979496,0,1
2024-05-29 05:00:00,31.9,60.5,400.0,0.0,1.8675491376477344,24.0,0,1
2024-05-29 06:00:00,32.67645713530756,59.205904774487394,400.0,0.0,2.015055491641274,24.51763809020504,0,1
2024-05-29 07:00:00,34.70600090158732,57.34699954920634,396.7349977460317,65.30004507936599,2.3595454202087804,26.175400811428585,0,1
2024-05-29 08:00:00,36.54432034355965,55.702966094067264,393.6925,126.15,2.711306034064051,27.6849135623731,0,1
2024-05-29 09:00:00,38.06613702922064,54.38584257214415,391.0798479553317,178.40304089336595,3.032650784932917,28.943305543649466,0,1
2024-05-29 10:00:00,39.16774166636348,53.48538877480652,389.0750895312593,218.49820937481385,3.281452851788846,29.864819421324786,0,1
2024-05-29 11:00:00,39.77406171945464,53.06296914027268,387.8148457013634,243.703085972732,3.4204240656489207,30.38665554750917,0,1
2024-05-29 12:00:00,39.8437774788672,53.14737086855465,387.385,252.3,3.4270005052290955,30.47325165257813,0,1
2024-05-29 13:00:00,39.37213793080795,53.73284212135049,387.8148457013634,243.703085972732,3.2999362298537323,30.11870635507805,0,1
2024-05-29 14:00:00,35.521320343559644,61.564466094067264,440.0,218.49820937481388,2.224160446327933,27.834213562373098,0,0
2024-05-29 15:00:00,34.9,62.6,440.0,178.40304089336595,2.091287821891454,27.42,0,0
2024-05-29 16:00:00,34.17645713530756,63.8059047744874,440.0,126.15,1.9442544533230925,26.93763809020504,0,0
2024-05-29 17:00:00,33.4,65.1,440.0,65.30004507936606,1.7952952700495433,26.42,0,0
2024-05-29 18:00:00,32.62354286469244,66.39409522551261,440.0,3.089783874248772e-14,1.6550569656031429,25.90236190979496,0,0
2024-05-29 19:00:00,31.9,67.6,440.0,0.0,1.5318630901211798,25.42,0,0
2024-05-29 20:00:00,31.27867965644036,68.63553390593273,440.0,0.0,1.431588022470142,25.005786437626902,0,0
2024-05-29 21:00:00,30.801923788646683,69.43012701892219,440.0,0.0,1.3579682689526407,24.68794919243112,0,0
2024-05-29 22:00:00,30.5022225211328,69.92962913144534,440.0,0.0,1.3131231437631095,24.488148347421863,0,0
2024-05-29 23:00:00,30.4,70.1,440.0,0.0,1.2980758006610118,24.42,0,0
2024-05-30 00:00:00,31.0022225211328,71.12962913144534,440.0,0.0,1.2971921669156372,25.22814834742186,0,0
2024-05-30 01:00:00,29.801923788646683,66.0301270189222,400.0,0.0,1.4250688437769963,23.007949192431123,0,1
2024-05-30 02:00:00,30.27867965644036,65.23553390593274,400.0,0.0,1.498821723190187,23.325786437626903,0,1
2024-05-30 03:00:00,30.9,64.2,400.0,0.0,1.5992141618081854,23.74,0,1
2024-05-30 04:00:00,31.623542864692435,62.9940952255126,400.0,0.0,1.7224604770105614,24.222361909794955,0,1
2024-05-30 05:00:00,32.4,61.7,400.0,0.0,1.86264818885425,24.74,0,1
2024-05-30 06:00:00,33.17645713530756,60.40590477448739,400.0,0.0,2.0114392016233285,25.257638090205035,0,1
2024-05-30 07:00:00,35.31574017671079,58.49212991164461,396.4606495582231,70.78700883553942,2.3748931921161653,27.01416615903971,0,1
2024-05-30 08:00:00,37.25632034355964,56.79696609406726,393.1625,136.74999999999997,2.748987520844176,28.61571356237309,0,1
2024-05-30 09:00:00,38.86595030444373,55.435935934532594,390.330314767274,193.3937046545208,3.09333191763598,29.953137491350248,0,1
2024-05-30 10:00:00,40.034936437568085,54.501791389204215,388.1571026032478,236.857947935044,3.3620253842669467,30.93529471540893,0,1
2024-05-30 11:00:00,40.6836142698012,54.05819286509939,386.790964325497,264.18071349006016,3.5139065485262355,31.49525284282108,0,1
2024-05-30 12:00:00,40.7677774788672,54.13537086855465,386.325,273.5,3.5236916623398797,31.59485165257813,0,1
2024-05-30 13:00:00,40.28169048115452,54.7280658461772,386.790964325497,264.18071349006016,3.389538546477554,31.22730365038996,0,1
2024-05-30 14:00:00,36.021320343559644,62.76446609406726,440.0,236.857947935044,2.214751273584189,28.574213562373096,0,0
2024-05-30 15:00:00,35.4,63.8,440.0,193.3937046545208,2.0808436537116966,28.16,0,0
2024-05-30 16:00:00,34.67645713530756,65.00590477448739,440.0,136.74999999999997,1.932692456288986,27.67763809020504,0,0
2024-05-30 17:00:00,33.9,66.3,440.0,70.7870088355395,1.782633821622887,27.16,0,0
2024-05-30 18:00:00,33.12354286469244,67.5940952255126,440.0,3.3494089956680114e-14,1.6413948299636298,26.64236190979496,0,0
2024-05-30 19:00:00,32.4,68.8,440.0,0.0,1.5173530937924964,26.16,0,0
2024-05-30 20:00:00,31.77867965644036,69.83553390593273,440.0,0.0,1.4164121439280208,25.745786437626904,0,0
2024-05-30 21:00:00,31.301923788646683,70.6301270189222,440.0,0.0,1.3423188549070775,25.42794919243112,0,0
2024-05-30 22:00:00,31.0022225211328,71.12962913144534,440.0,0.0,1.2971921669156372,25.22814834742186,0,0
2024-05-30 23:00:00,30.9,71.3,440.0,0.0,1.2820515766451097,25.16,0,0
2024-05-31 00:00:00,30.8022225211328,74.82962913144534,440.0,0.0,1.1181318010554484,25.768148347421867,0,0
2024-05-31 01:00:00,29.601923788646687,69.7301270189222,400.0,0.0,1.2553341940851326,23.54794919243113,0,1
2024-05-31 02:00:00,30.07867965644036,68.93553390593274,400.0,0.0,1.3240455636675725,23.86578643762691,0,1
2024-05-31 03:00:00,30.700000000000003,67.9,400.0,0.0,1.417673719697708,24.280000000000005,0,1
2024-05-31 04:00:00,31.42354286469244,66.69409522551261,400.0,0.0,1.5327585706346845,24.76236190979496,0,1
2024-05-31 05:00:00,32.2,65.4,400.0,0.0,1.6638369683809833,25.280000000000005,0,1
2024-05-31 06:00:00,32.97645713530756,64.1059047744874,400.0,0.0,1.8031431051197693,25.79763809020504,0,1
2024-05-31 07:00:00,35.144210271672065,62.17789486416397,396.38947432081983,72.21051358360329,2.1436255055012725,27.57978924450486,0,1
2024-05-31 08:00:00,37.11132034355965,60.46946609406726,393.025,139.49999999999997,2.4955473882968486,29.2052135623731,0,1
2024-05-31 09:00:00,38.743732050374255,59.09704506156734,390.1358604024476,197.2827919510468,2.8206098486533167,30.563141062687723,0,1
2024-05-31 10:00:00,39.930199231984375,58.15415999199608,387.9189456172071,241.6210876558584,3.074924351069532,31.56103123038359,0,1
2024-05-31 11:00:00,40.589866110693,57.705066944653495,386.5253347232675,269.49330553465006,3.2189224760216146,32.1308794996237,0,1
2024-05-31 12:00:00,40.677777478867206,57.780370868554655,386.05,279.0,3.2282124638415888,32.23385165257814,0,1
2024-05-31 13:00:00,40.18794232204632,58.3749399257313,386.5253347232675,269.49330553465006,3.100988695032651,31.862930307192578,0,1
2024-05-31 14:00:00,35.82132034355965,66.46446609406726,440.0,241.6210876558584,1.9728959042629934,29.114213562373106,0,0
2024-05-31 15:00:00,35.2,67.5,440.0,197.2827919510468,1.8476684827628862,28.700000000000003,0,0
2024-05-31 16:00:00,34.47645713530757,68.7059047744874,440.0,139.49999999999997,1.709285710109945,28.21763809020505,0,0
2024-05-31 17:00:00,33.7,70.0,440.0,72.21051358360336,1.5693150903855984,27.700000000000003,0,0
2024-05-31 18:00:00,32.92354286469244,71.2940952255126,440.0,3.4167645696211157e-14,1.4377684231140087,27.18236190979496,0,0
2024-05-31 19:00:00,32.2,72.5,440.0,0.0,1.3224137754473135,26.700000000000003,0,0
2024-05-31 20:00:00,31.57867965644036,73.53553390593274,440.0,0.0,1.2286752060093526,26.28578643762691,0,0
2024-05-31 21:00:00,31.101923788646687,74.3301270189222,440.0,0.0,1.1599514528895347,25.967949192431128,0,0
2024-05-31 22:00:00,30.8022225211328,74.82962913144534,440.0,0.0,1.1181318010554484,25.768148347421867,0,0
2024-05-31 23:00:00,30.700000000000003,75.0,440.0,0.0,1.1041072583315485,25.700000000000003,0,0
2024-06-01 00:00:00,29.602222521132795,82.02962913144535,440.0,0.0,0.7452693554250893,26.008148347421866,0,0
2024-06-01 01:00:00,28.401923788646684,76.9301270189222,400.0,0.0,0.8926416265996038,23.787949192431125,0,1
2024-06-01 02:00:00,28.87867965644036,76.13553390593275,400.0,0.0,0.9492519067343526,24.105786437626907,0,1
2024-06-01 03:00:00,29.5,75.10000000000001,400.0,0.0,1.0265984818759137,24.520000000000003,0,1
2024-06-01 04:00:00,30.22354286469244,73.89409522551261,400.0,0.0,1.1219726625669417,25.00236190979496,0,1
2024-06-01 05:00:00,31.0,72.60000000000001,400.0,0.0,1.2309702768064914,25.520000000000003,0,1
2024-06-01 06:00:00,31.776457135307563,71.3059047744874,400.0,0.0,1.347199459124842,26.037638090205043,0,1
2024-06-01 07:00:00,33.42243107674538,69.63878446162731,397.69392230813656,46.12155383726919,1.5637754226716714,27.350187969070845,0,1
2024-06-01 08:00:00,34.90332034355964,68.17346609406727,395.545,89.09999999999998,1.7799643681454267,28.53801356237309,0,1
2024-06-01 09:00:00,36.11820477950217,67.00980869700338,393.6996785796279,126.00642840744275,1.9726935879099488,29.520166518902847,0,1
2024-06-01 10:00:00,36.98429201795494,66.22711359901079,390.4174289071252,154.32572695438694,2.117373695727925,30.2297147377571,0,1
2024-06-01 11:00:00,37.44255964489424,65.87872017755289,391.3936008877644,172.12798224471197,2.1931994126304604,30.61830368040481,0,1
2024-06-01 12:00:00,37.461777478867205,65.98837086855467,391.09,178.2,2.188433458468103,30.65945165257813,0,1
2024-06-01 13:00:00,37.04063585624756,66.5485931586307,391.3936008877644,172.12798224471197,2.103664186464249,30.350354487973693,0,1
2024-06-01 14:00:00,34.621320343559645,73.66446609406727,440.0,154.32572695438697,1.4500507425576545,29.354213562373097,0,0
2024-06-01 15:00:00,34.0,74.7,440.0,126.00642840744275,1.3457728330945489,28.94,0,0
2024-06-01 16:00:00,33.27645713530757,75.9059047744874,440.0,89.09999999999998,1.2308894821735747,28.457638090205045,0,0
2024-06-01 17:00:00,32.5,77.2,440.0,46.12155383726924,1.1150975960974807,27.94,0,0
2024-06-01 18:00:00,31.72354286469244,78.49409522551261,440.0,2.182320596080584e-14,1.006690734202369,27.42236190979496,0,0
2024-06-01 19:00:00,31.0,79.7,440.0,0.0,0.9119962269770722,26.94,0,0
2024-06-01 20:00:00,30.37867965644036,80.73553390593274,440.0,0.0,0.8353265654168338,26.525786437626905,0,0
2024-06-01 21:00:00,29.901923788646684,81.5301270189222,440.0,0.0,0.7792909074176942,26.207949192431123,0,0
2024-06-01 22:00:00,29.602222521132795,82.02962913144535,440.0,0.0,0.7452693554250893,26.008148347421866,0,0
2024-06-01 23:00:00,29.5,82.2,440.0,0.0,0.73387361354985,25.94,0,0
2024-06-02 00:00:00,28.0022225211328,85.42962913144534,440.0,0.0,0.5508211481187373,25.08814834742186,0,0
2024-06-02 01:00:00,26.801923788646683,80.3301270189222,400.0,0.0,0.6931895173768946,22.867949192431123,0,1
2024-06-02 02:00:00,27.27867965644036,79.53553390593274,400.0,0.0,0.7416420639625715,23.185786437626906,0,1
2024-06-02 03:00:00,27.9,78.5,400.0,0.0,0.8079650788379126,23.6,0,1
2024-06-02 04:00:00,28.623542864692435,77.2940952255126,400.0,0.0,0.8899247003971492,24.082361909794955,0,1
2024-06-02 05:00:00,29.4,76.0,400.0,0.0,0.9838099569939192,24.6,0,1
2024-06-02 06:00:00,30.17645713530756,74.7059047744874,400.0,27.86187020528636,1.0841553449594048,25.11763809020504,0,1
2024-06-02 07:00:00,32.01447480821145,72.94276259589428,397.21381297947136,55.72374041057272,1.287563550758572,26.603027327390308,0,1
2024-06-02 08:00:00,33.67432034355964,71.38796609406727,394.6175,107.65,1.4945664606754043,27.951913562373097,0,1
2024-06-02 09:00:00,35.04287801114259,70.14747208118317,392.3879955005268,152.2400899894637,1.6824944773612207,29.072372427379225,0,1
2024-06-02 10:00:00,36.026882867563,69.30581817420676,390.6772365282605,186.45526943478964,1.8262320441271847,29.88804650240435,0,1
2024-06-02 11:00:00,36.55927660800073,68.92036169599963,389.60180847999817,207.9638304000364,1.9038590760001952,30.343348947200656,0,1
2024-06-02 12:00:00,36.6037774788672,69.01737086855465,389.235,215.3,1.9025365030115904,30.40725165257813,0,1
2024-06-02 13:00:00,36.157352819354045,69.59023467707743,389.60180847999817,207.9638304000364,1.822299531376455,30.07539975476953,0,1
2024-06-02 14:00:00,33.02132034355964,77.06446609406726,440.0,186.45526943478967,1.1550716603898106,28.43421356237309,0,0
2024-06-02 15:00:00,32.4,78.1,440.0,152.2400899894637,1.0650651523735795,28.02,0,0
2024-06-02 16:00:00,31.65,79.30590477448739,440.0,107.65,0.9646632536327465,27.53763809020504,0,0
2024-06-02 17:00:00,30.9,80.6,440.0,55.72374041057278,0.8666132608681232,27.02,0,0
2024-06-02 18:00:00,30.123542864692435,81.8940952255126,440.0,2.6366645585642523e-14,0.7737060150887815,26.50236190979496,0,0
2024-06-02 19:00:00,29.4,83.1,440.0,0.0,0.6927661780498849,26.02,0,0
2024-06-02 20:00:00,28.77867965644036,84.13553390593273,440.0,0.0,0.6273966923900505,25.605786437626904,0,0
2024-06-02 21:00:00,28.301923788646683,84.93012701892219,440.0,0.0,0.5797216294156612,25.28794919243112,0,0
2024-06-02 22:00:00,28.0022225211328,85.42962913144534,440.0,0.0,0.5508211481187373,25.08814834742186,0,0
2024-06-02 23:00:00,27.9,85.6,440.0,0.0,0.5411487039658579,25.02,0,0
2024-06-03 00:00:00,28.102222521132795,83.22962913144535,440.0,0.0,0.6376911453602163,24.748148347421864,0,0
2024-06-03 01:00:00,26.901923788646684,78.13012701892221,400.0,0.0,0.775260104903278,22.527949192431127,0,1
2024-06-03 02:00:00,27.37867965644036,77.33553390593275,400.0,0.0,0.8261920075056629,22.845786437626906,0,1
2024-06-03 03:00:00,28.0,76.30000000000001,400.0,0.0,0.8958434962668769,23.26,0,1
2024-06-03 04:00:00,28.72354286469244,75.09409522551262,400.0,0.0,0.9818218575066622,23.74236190979496,0,1
2024-06-03 05:00:00,29.5,73.80000000000001,400.0,0.0,1.080195992977869,24.26,0,1
2024-06-03 06:00:00,30.276457135307563,72.5059047744874,400.0,0.0,1.1852189835388525,24.777638090205045,0,1
2024-06-03 07:00:00,31.84582063939504,70.87708968030249,397.8854484015124,42.29103196975189,1.3727100531735386,26.02123857545553,0,1
2024-06-03 08:00:00,33.25532034355964,69.44746609406728,395.915,81.69999999999999,1.5589844605287593,27.14481356237309,0,1
2024-06-03 09:00:00,34.40890117227095,68.31446050061899,394.2229375977059,115.54124804588189,1.724189966111374,28.07179327239475,0,1
2024-06-03 10:00:00,35.22794849843475,67.55528535877089,392.92457245108113,141.50855097837726,1.847372456695913,28.73900557018893,0,1
2024-06-03 11:00:00,35.65664560031267,67.22167719984367,392.1083859992183,157.83228001563376,1.9109715875335689,29.100981040281404,0,1
2024-06-03 12:00:00,35.665777478867206,67.33637086855467,391.83,163.4,1.9052416927409412,29.13305165257814,0,1
2024-06-03 13:00:00,35.25472181166599,67.89155018092147,392.1083859992183,157.83228001563376,1.830928421487652,28.833031847850283,0,1
2024-06-03 14:00:00,33.121320343559645,74.86446609406727,440.0,141.5085509783773,1.2729839616230372,28.0942135623731,0,0
2024-06-03 15:00:00,32.5,75.9,440.0,115.54124804588189,1.1786777221907583,27.68,0,0
2024-06-03 16:00:00,31.776457135307563,77.1059047744874,440.0,81.69999999999999,1.0748870965459139,27.197638090205043,0,0
2024-06-03 17:00:00,31.0,78.4,440.0,42.291031969751934,0.9703999262416138,26.68,0,0
2024-06-03 18:00:00,30.22354286469244,79.69409522551261,440.0,2.001072869806775e-14,0.872701798404141,26.16236190979496,0,0
2024-06-03 19:00:00,29.5,80.9,440.0,0.0,0.7874711246518054,25.68,0,0
2024-06-03 20:00:00,28.87867965644036,81.93553390593274,440.0,0.0,0.7185465124733866,25.265786437626907,0,0
2024-06-03 21:00:00,28.401923788646684,82.7301270189222,440.0,0.0,0.6682224701298562,24.947949192431125,0,0
2024-06-03 22:00:00,28.102222521132795,83.22962913144535,440.0,0.0,0.6376911453602163,24.748148347421864,0,0
2024-06-03 23:00:00,28.0,83.4,440.0,0.0,0.6274684404232134,24.68,0,0
2024-06-04 00:00:00,28.9022225211328,85.42962913144534,440.0,0.0,0.5803523101052728,25.988148347421863,0,0
2024-06-04 01:00:00,27.701923788646685,80.3301270189222,400.0,0.0,0.7307004560568507,23.767949192431125,0,1
2024-06-04 02:00:00,28.17867965644036,79.53553390593274,400.0,0.0,0.781626861521,24.085786437626908,0,1
2024-06-04 03:00:00,28.8,78.5,400.0,0.0,0.8513167153534086,24.5,0,1
2024-06-04 04:00:00,29.52354286469244,77.2940952255126,400.0,0.0,0.9374080688550698,24.98236190979496,0,1
2024-06-04 05:00:00,30.3,76.0,400.0,0.0,1.0359900918889466,25.5,0,1
2024-06-04 06:00:00,31.076457135307564,74.7059047744874,400.0,0.0,1.1413162554987255,26.017638090205043,0,1
2024-06-04 07:00:00,32.97503846476545,72.91248076761728,397.0624038380864,58.751923238272205,1.3606356702233284,27.557534618288905,0,1
2024-06-04 08:00:00,34.69132034355964,71.32946609406726,394.325,113.5,1.584752207023547,28.95721356237309,0,1
2024-06-04 09:00:00,36.10834099794024,70.06474058778434,391.9743380335327,160.5132393293463,1.789052072647623,30.121289115497103,0,1
2024-06-04 10:00:00,37.12953281204856,69.20449320196398,390.1706116670466,196.5877666590676,1.9460362885127702,30.97043145244136,0,1
2024-06-04 11:00:00,37.685303251352366,68.80734837432381,389.0367418716191,219.2651625676185,2.0315319855221134,31.44677292621713,0,1
2024-06-04 12:00:00,37.484341357029024,68.90037086855466,388.65,227.0,2.003517006674967,31.51785165257814,0,1
2024-06-04 13:00:00,37.28337946270568,69.47722135540161,440.0,219.2651625676185,1.9450081040484497,31.178823733786004,0,1
2024-06-04 14:00:00,33.92132034355964,77.06446609406726,440.0,196.5877666590676,1.214666301745529,29.33421356237309,0,0
2024-06-04 15:00:00,33.3,78.1,440.0,160.5132393293463,1.1202755116895313,28.919999999999995,0,0
2024-06-04 16:00:00,32.576457135307564,79.30590477448739,440.0,113.5,1.0164672095280125,28.43763809020504,0,0
2024-06-04 17:00:00,31.8,80.6,440.0,58.75192323827227,0.9120523826626568,27.92,0,0
2024-06-04 18:00:00,31.02354286469244,81.8940952255126,440.0,2.7799482340644923e-14,0.8145153580073545,27.40236190979496,0,0
2024-06-04 19:00:00,30.3,83.1,440.0,0.0,0.7295096897051334,26.92,0,0
2024-06-04 20:00:00,29.67867965644036,84.13553390593273,440.0,0.0,0.6608324763477997,26.505786437626902,0,0
2024-06-04 21:00:00,29.201923788646685,84.93012701892219,440.0,0.0,0.6107304092159632,26.187949192431123,0,0
2024-06-04 22:00:00,28.9022225211328,85.42962913144534,440.0,0.0,0.5803523101052728,25.988148347421863,0,0
2024-06-04 23:00:00,28.8,85.6,440.0,0.0,0.5701842186553063,25.92,0,0
2024-06-05 00:00:00,28.7022225211328,85.32962913144534,440.0,0.0,0.577610688270682,25.768148347421864,1,0
2024-06-05 01:00:00,27.501923788646685,80.2301270189222,400.0,0.0,0.7258870689699984,23.54794919243113,0,1
2024-06-05 02:00:00,27.97867965644036,79.43553390593274,400.0,0.0,0.7763580555484846,23.86578643762691,0,1
2024-06-05 03:00:00,28.6,78.4,400.0,0.0,0.8454260085148461,24.28,0,1
2024-06-05 04:00:00,29.32354286469244,77.19409522551261,400.0,0.0,0.9307511716812982,24.76236190979496,0,1
2024-06-05 05:00:00,30.1,75.9,400.0,0.0,1.028458608194322,25.28,0,1
2024-06-05 06:00:00,30.876457135307565,74.6059047744874,400.0,0.0,1.1328535395604076,25.797638090205044,0,1
2024-06-05 07:00:00,32.6269939709668,72.8865030145166,397.432515072583,51.34969854834012,1.3355716511655447,27.20429457387012,0,1
2024-06-05 08:00:00,34.20532034355965,71.37246609406726,395.04,99.2,1.540267941952211,28.479813562373103,0,1
2024-06-05 09:00:00,35.50387591910154,70.1669731272037,392.98550073062944,140.28998538741104,1.7246991713508477,29.53727054454228,0,1
2024-06-05 10:00:00,36.43416628108386,69.35217646744634,391.4090279944584,165.9648346615811,1.8646104224662947,30.30460157457313,0,1
2024-06-05 11:00:00,36.93279367871502,68.98360316064249,390.4180158032124,191.63968393575115,1.9391085348289192,30.72951431084352,0,1
2024-06-05 12:00:00,36.96577747886721,69.08637086855467,390.08,198.4,1.9361601878940142,30.783051652578145,0,1
2024-06-05 13:00:00,36.53086989006834,69.65347614172029,440.0,191.63968393575115,1.8560667818459167,30.461565118412395,0,1
2024-06-05 14:00:00,33.72132034355965,76.96446609406726,440.0,171.81944011083263,1.206434722124093,29.1142135623731,0,0
2024-06-05 15:00:00,33.1,78.0,440.0,140.28998538741104,1.1128549290176144,28.700000000000003,0,0
2024-06-05 16:00:00,32.37645713530756,79.2059047744874,440.0,99.2,1.0099409299961408,28.21763809020504,0,0
2024-06-05 17:00:00,31.6,80.5,440.0,51.34969854834017,0.906428187522511,27.700000000000003,0,0
2024-06-05 18:00:00,30.82354286469244,81.7940952255126,440.0,2.4296992495083487e-14,0.8097361516482061,27.18236190979496,0,0
2024-06-05 19:00:00,30.1,83.0,440.0,0.0,0.7254687277719286,26.700000000000003,0,0
2024-06-05 20:00:00,29.47867965644036,84.03553390593274,440.0,0.0,0.6573891641388744,26.285786437626907,0,0
2024-06-05 21:00:00,29.001923788646685,84.8301270189222,440.0,0.0,0.6077237630933058,25.967949192431124,0,0
2024-06-05 22:00:00,28.7022225211328,85.32962913144534,440.0,0.0,0.577610688270682,25.768148347421864,0,0
2024-06-05 23:00:00,28.6,85.5,440.0,0.0,0.5675313483085774,25.588148347421864,0,0
2024-06-06 00:00:00,26.602222521132795,94.02962913144536,440.0,0.0,0.20794672646101442,25.408148347421864,1,0
2024-06-06 01:00:00,25.401923788646684,88.9301270189222,400.0,0.0,0.3591523829999384,23.187949192431127,1,1
2024-06-06 02:00:00,25.87867965644036,88.13553390593275,400.0,0.0,0.3959656171601911,23.505786437626902,1,1
2024-06-06 03:00:00,26.5,87.10000000000001,400.0,0.0,0.44660862428491904,23.92,1,1
2024-06-06 04:00:00,27.22354286469244,85.89409522551261,400.0,0.0,0.509556945651334,24.40236190979496,1,1
2024-06-06 05:00:00,28.0,84.60000000000001,400.0,0.0,0.5821092760552702,24.92,0,1
2024-06-06 06:00:00,28.776457135307563,83.3059047744874,400.0,0.0,0.6601213469513915,25.437638090205045,0,1
2024-06-06 07:00:00,30.150153441297533,81.77492327935124,398.37461639675615,32.5076720648766,0.7799868878765678,26.50513809716778,0,1
2024-06-06 08:00:00,31.37732034355964,80.43646609406727,396.86,62.79999999999999,0.89796701703381,27.464613562373096,0,1
2024-06-06 09:00:00,32.374328445693926,79.38174686390751,395.5593694141485,88.81261171703036,1.0012804026290347,28.250677818475427,0,1
2024-06-06 10:00:00,33.073233293173715,78.68264296140141,394.5613604642337,108.77279071532548,1.0767071702289899,28.809761885454,0,1
2024-06-06 11:00:00,33.42640567563814,78.38679716218094,393.93398581090463,121.32028378190698,1.1134504023679141,29.103765108074324,0,1
2024-06-06 12:00:00,33.409777478867206,78.51437086855466,393.72,125.6,1.105849446483514,29.112651652578137,0,1
2024-06-06 13:00:00,33.02448188699145,79.05667014325874,393.93398581090463,121.32028378190698,1.0549279772653117,28.8358159156432,0,1
2024-06-06 14:00:00,31.62132034355964,85.66446609406727,440.0,108.7727907153255,0.6671713886179599,28.754213562373096,0,0
2024-06-06 15:00:00,31.0,86.7,440.0,88.81261171703036,0.5975147693987716,28.34,0,0
2024-06-06 16:00:00,30.276457135307563,87.9059047744874,440.0,62.79999999999999,0.521353808242544,27.857638090205043,1,0
2024-06-06 17:00:00,29.5,89.2,440.0,32.50767206487664,0.4452716306931675,27.34,1,0
2024-06-06 18:00:00,28.72354286469244,90.4940952255126,440.0,1.5381563797290754e-14,0.37473463291039055,26.82236190979496,1,0
2024-06-06 19:00:00,28.0,91.7,440.0,0.0,0.3137342202116067,26.34,1,0
2024-06-06 20:00:00,27.37867965644036,92.73553390593274,440.0,0.0,0.26481293672676975,25.925786437626908,1,0
2024-06-06 21:00:00,26.901923788646684,93.5301270189222,440.0,0.0,0.22934904150385543,25.607949192431125,1,0
2024-06-06 22:00:00,26.602222521132795,94.02962913144536,440.0,0.0,0.20794672646101442,25.408148347421864,1,0
2024-06-06 23:00:00,26.5,94.2,440.0,0.0,0.20080077681027364,25.34,1,0
2024-06-07 00:00:00,26.4022225211328,95.82962913144534,440.0,0.0,0.14355239224211172,25.568148347421864,1,0
2024-06-07 01:00:00,25.201923788646685,90.7301270189222,400.0,0.0,0.297199455396647,23.347949192431127,1,1
2024-06-07 02:00:00,25.67867965644036,89.93553390593274,400.0,0.0,0.33193788411400715,23.665786437626902,1,1
2024-06-07 03:00:00,26.3,88.9,400.0,0.0,0.3797881281322622,24.08,1,1
2024-06-07 04:00:00,27.02354286469244,87.69409522551261,400.0,0.0,0.43935372731538486,24.56236190979496,1,1
2024-06-07 05:00:00,27.8,86.4,400.0,0.0,0.5081143519429796,25.08,1,1
2024-06-07 06:00:00,28.576457135307564,85.1059047744874,400.0,0.0,0.582161228702866,25.597638090205045,1,1
2024-06-07 07:00:00,29.95274163174856,83.57362918412572,398.3681459206286,32.637081587427865,0.6950945635541317,26.667467468573705,0,1
2024-06-07 08:00:00,31.18232034355964,82.23396609406727,396.8475,63.04999999999999,0.8064775192067727,27.629113562373096,0,1
2024-06-07 09:00:00,32.18139951350579,81.17821133000157,395.5416917446189,89.16616510762364,0.9041484143704652,28.417041779506103,0,1
2024-06-07 10:00:00,32.88189354721156,80.47831283438248,394.5397098291391,109.20580341721772,0.9754830568106431,28.977556114088056,0,1
2024-06-07 11:00:00,33.236064933901034,80.18196753304949,393.9098376652474,121.80324669505151,1.0101523336950602,29.27245844051093,0,1
2024-06-07 12:00:00,33.21977747886721,80.30937086855467,393.695,126.1,1.0027434403778588,29.28165165257814,0,1
2024-06-07 13:00:00,32.83414114525435,80.85184051412729,393.9098376652474,121.80324669505151,0.9542560733457975,29.00450924807981,0,1
2024-06-07 14:00:00,31.421320343559643,87.46446609406726,440.0,109.20580341721772,0.5768203507827512,28.914213562373096,0,0
2024-06-07 15:00:00,30.8,88.5,440.0,89.16616510762364,0.5107944763896913,28.5,0,0
2024-06-07 16:00:00,30.076457135307564,89.7059047744874,440.0,63.04999999999999,0.43870429561612356,28.017638090205043,1,0
2024-06-07 17:00:00,29.3,91.0,440.0,32.6370815874279,0.3668084285184884,27.5,1,0
2024-06-07 18:00:00,28.52354286469244,92.2940952255126,440.0,1.5442796137248122e-14,0.3002757565444858,26.98236190979496,1,0
2024-06-07 19:00:00,27.8,93.5,440.0,0.0,0.24284877114921818,26.5,1,0
2024-06-07 20:00:00,27.17867965644036,94.53553390593274,440.0,0.0,0.19687845274282698,26.085786437626908,1,0
2024-06-07 21:00:00,26.701923788646685,95.3301270189222,440.0,0.0,0.16360735477212093,25.767949192431125,1,0
2024-06-07 22:00:00,26.4022225211328,95.82962913144534,440.0,0.0,0.14355239224211172,25.568148347421864,1,0
2024-06-07 23:00:00,26.3,96.0,440.0,0.0,0.13686058671432888,25.5,1,0
2024-06-08 00:00:00,27.102222521132795,91.82962913144534,440.0,0.0,0.2930530530180247,25.468148347421863,1,0
2024-06-08 01:00:00,25.901923788646684,86.7301270189222,400.0,0.0,0.44347922663691286,23.247949192431125,1,1
2024-06-08 02:00:00,26.37867965644036,85.93553390593274,400.0,0.0,0.4834553655523607,23.565786437626908,1,1
2024-06-08 03:00:00,27.0,84.9,400.0,0.0,0.5383663665474374,23.98,0,1
2024-06-08 04:00:00,27.72354286469244,83.69409522551261,400.0,0.0,0.6064997069208424,24.46236190979496,0,1
2024-06-08 05:00:00,28.5,82.4,400.0,0.0,0.6848827974885977,24.98,0,1
2024-06-08 06:00:00,29.276457135307563,81.1059047744874,400.0,0.0,0.7690123324088045,25.497638090205044,0,1
2024-06-08 07:00:00,30.82770330623786,79.48614834688108,397.9307417344053,41.38516531189307,0.9126021194078506,26.72493297561408,0,1
2024-06-08 08:00:00,32.22032034355964,78.06496609406727,396.0025,79.94999999999999,1.0560169662329364,27.833313562373096,0,1
2024-06-08 09:00:00,33.359403697587894,76.93920923796051,394.34668128441353,113.06637431172896,1.1835823774329401,28.74724554518,0,1
2024-06-08 10:00:00,34.16732672016984,76.18559624790335,393.0761268967434,138.47746206513173,1.2785996664411543,29.40444596975051,0,1
2024-06-08 11:00:00,34.58903079247244,75.85548460376378,392.2774230188189,154.45153962362204,1.3270345893448765,29.7601277132252,0,1
2024-06-08 12:00:00,34.595777478867205,75.97137086855466,392.005,159.9,1.3211592686017897,29.790051652578136,0,1
2024-06-08 13:00:00,34.18710700382576,76.52535758484159,392.2774230188189,154.45153962362204,1.2617448570711893,29.49217852079408,0,1
2024-06-08 14:00:00,32.121320343559645,83.46446609406726,440.0,138.47746206513176,0.7916337026224336,28.81421356237309,0,0
2024-06-08 15:00:00,31.5,84.5,440.0,113.06637431172896,0.7164206799689533,28.4,0,0
2024-06-08 16:00:00,30.776457135307563,85.7059047744874,440.0,79.94999999999999,0.6340478145378765,27.91763809020504,0,0
2024-06-08 17:00:00,30.0,87.0,440.0,41.38516531189311,0.5515984576386718,27.4,0,0
2024-06-08 18:00:00,29.22354286469244,88.2940952255126,440.0,1.9582102318366172e-14,0.47499239983290165,26.88236190979496,1,0
2024-06-08 19:00:00,28.5,89.5,440.0,0.0,0.4085948507744476,26.4,1,0
2024-06-08 20:00:00,27.87867965644036,90.53553390593274,440.0,0.0,0.3552308455102881,25.985786437626903,1,0
2024-06-08 21:00:00,27.401923788646684,91.3301270189222,440.0,0.0,0.3164744983521124,25.667949192431124,1,0
2024-06-08 22:00:00,27.102222521132795,91.82962913144534,440.0,0.0,0.2930530530180247,25.468148347421863,1,0
2024-06-08 23:00:00,27.0,92.0,440.0,0.0,0.2852272140648675,25.4,1,0
2024-06-09 00:00:00,28.2022225211328,81.72962913144535,440.0,0.0,0.6987806954595441,24.548148347421865,0,0
2024-06-09 01:00:00,27.001923788646685,76.63012701892221,400.0,0.0,0.83330951457887,22.327949192431127,0,1
2024-06-09 02:00:00,27.47867965644036,75.83553390593275,400.0,0.0,0.8860379874723086,22.64578643762691,0,1
2024-06-09 03:00:00,28.1,74.80000000000001,400.0,0.0,0.9581027839544733,23.06,0,1
2024-06-09 04:00:00,28.82354286469244,73.59409522551262,400.0,0.0,1.0469970523112424,23.542361909794963,0,1
2024-06-09 05:00:00,29.6,72.30000000000001,400.0,0.0,1.1486308170832549,24.06,0,1
2024-06-09 06:00:00,30.376457135307565,71.0059047744874,400.0,0.0,1.2570532339223843,24.57763809020505,0,1
2024-06-09 07:00:00,32.24139198890212,69.22930400554895,397.1465200277447,57.06959944510582,1.4831536682746989,26.087252790011902,0,1
2024-06-09 08:00:00,33.926320343559645,67.66196609406727,394.4875,110.25,1.7130999953549841,27.4587135623731,0,1
2024-06-09 09:00:00,35.31641711638599,66.41070252856147,392.2041477374184,155.91704525163374,1.9218999068537428,28.598557622098287,0,1
2024-06-09 10:00:00,36.08807500516039,65.56078485320998,390.45206992327655,190.9586015344687,2.055940971532149,29.429106480198577,0,1
2024-06-09 11:00:00,36.85973289393479,65.17013355303261,389.350667765163,212.9866446967396,2.1688675066150305,29.893759604541312,0,1
2024-06-09 12:00:00,36.9077774788672,65.26537086855467,388.975,220.5,2.168609407330114,29.96085165257813,0,1
2024-06-09 13:00:00,36.457809105288106,65.84000653411042,389.350667765163,212.9866446967396,2.080979417946286,29.62581041211019,0,1
2024-06-09 14:00:00,33.22132034355964,73.36446609406727,440.0,190.9586015344688,1.3565292642288056,27.894213562373093,0,0
2024-06-09 15:00:00,32.6,74.4,440.0,155.91704525163374,1.2591056056771224,27.480000000000004,0,0
2024-06-09 16:00:00,31.85,75.6059047744874,440.0,110.25,1.1500889746709528,26.997638090205044,0,0
2024-06-09 17:00:00,31.1,76.9,440.0,57.06959944510589,1.043711680566255,26.480000000000004,0,0
2024-06-09 18:00:00,30.32354286469244,78.19409522551261,440.0,2.7003461921199132e-14,0.9425481865221412,25.96236190979496,0,0
2024-06-09 19:00:00,29.6,79.4,440.0,0.0,0.8542164199247311,25.480000000000004,0,0
2024-06-09 20:00:00,28.97867965644036,80.43553390593274,440.0,0.0,0.7827243784576883,25.065786437626908,0,0
2024-06-09 21:00:00,28.501923788646685,81.2301270189222,440.0,0.0,0.7304885075798956,24.747949192431125,0,0
2024-06-09 22:00:00,28.2022225211328,81.72962913144535,440.0,0.0,0.6987806954595441,24.548148347421865,0,0
2024-06-09 23:00:00,28.1,81.9,440.0,0.0,0.688161126570475,24.480000000000004,0,0
2024-06-10 00:00:00,29.302222521132794,73.22962913144534,440.0,0.0,1.0912062346952172,23.948148347421863,0,0
2024-06-10 01:00:00,28.101923788646683,68.1301270189222,400.0,0.0,1.2118266637363133,21.72794919243112,0,1
2024-06-10 02:00:00,28.57867965644036,67.33553390593275,400.0,0.0,1.2769111335112966,22.04578643762691,0,1
2024-06-10 03:00:00,29.2,66.3,400.0,0.0,1.3655941388829307,22.46,0,1
2024-06-10 04:00:00,29.92354286469244,65.0940952255126,400.0,0.0,1.4745974760322385,22.94236190979496,0,1
2024-06-10 05:00:00,30.7,63.8,400.0,0.0,1.5987473100640817,23.46,0,1
2024-06-10 06:00:00,31.47645713530756,62.50590477448739,400.0,0.0,1.730690115090705,23.97763809020504,0,1
2024-06-10 07:00:00,33.50962436821875,60.64518781589062,396.7259390794531,63.24999999999999,2.036900525400757,25.638661931396875,0,1
2024-06-10 08:00:00,35.35132034355964,58.99946609406726,393.675,126.5,2.350472178089843,27.15121356237309,0,1
2024-06-10 09:00:00,36.87603652415725,57.68089282467584,391.0550992179902,178.89801564019655,2.6375684774062362,28.41221508909242,0,1
2024-06-10 10:00:00,37.97986602201646,56.77932659698002,389.04477864212686,219.10442715746296,2.8601490945818884,29.335731341412465,0,1
2024-06-10 11:00:00,38.58758468102269,56.35620765948865,387.7810382974433,244.3792340511343,2.9844314205780798,29.85882621292042,0,1
2024-06-10 12:00:00,38.6577774788672,56.44037086855465,388.925,253.0,2.9899521241348084,29.94585165257813,0,1
2024-06-10 13:00:00,38.185660892376006,57.02608064056646,387.7810382974433,244.3792340511343,2.87562319896642,29.59087702048929,0,1
2024-06-10 14:00:00,34.32132034355964,64.86446609406727,440.0,219.104427157463,1.9026480421518004,27.29421356237309,0,0
2024-06-10 15:00:00,33.7,65.9,440.0,178.89801564019655,1.7837881527382964,26.879999999999995,0,0
2024-06-10 16:00:00,32.97645713530756,67.10590477448739,440.0,126.5,1.6524378350363933,26.39763809020504,0,0
2024-06-10 17:00:00,32.2,68.4,440.0,65.48121841093781,1.5195736474230943,25.880000000000003,0,0
2024-06-10 18:00:00,31.42354286469244,69.6940952255126,440.0,3.0983564018428037e-14,1.3946966941284398,25.36236190979496,0,0
2024-06-10 19:00:00,30.7,70.89999999999999,440.0,0.0,1.2851808486979222,24.879999999999995,0,0
2024-06-10 20:00:00,30.07867965644036,71.93553390593273,440.0,0.0,1.1961780291355273,24.465786437626903,0,0
2024-06-10 21:00:00,29.601923788646683,72.73012701892219,440.0,0.0,1.1309199758751793,24.14794919243112,0,0
2024-06-10 22:00:00,29.302222521132794,73.22962913144534,440.0,0.0,1.0912062346952172,23.948148347421863,0,0
2024-06-10 23:00:00,29.2,73.4,440.0,0.0,1.0778873618482474,23.880000000000003,0,0
2024-06-11 00:00:00,30.102222521132795,69.42962913144534,440.0,0.0,1.3047454888140861,23.988148347421863,0,0
2024-06-11 01:00:00,28.901923788646684,64.3301270189222,400.0,0.0,1.420741842342804,21.767949192431125,0,1
2024-06-11 02:00:00,29.37867965644036,63.53553390593274,400.0,0.0,1.4929191985240204,22.085786437626908,0,1
2024-06-11 03:00:00,30.0,62.5,400.0,0.0,1.59114939703463,22.5,0,1
2024-06-11 04:00:00,30.72354286469244,61.294095225512606,400.0,0.0,1.7117164552623483,22.98236190979496,0,1
2024-06-11 05:00:00,31.5,60.0,400.0,0.0,1.8488275612102019,23.5,0,1
2024-06-11 06:00:00,32.27645713530756,58.705904774487394,400.0,0.0,1.9943238622309842,24.01763809020504,0,1
2024-06-11 07:00:00,33.81838582061417,57.09080708969292,397.124520408911,40.91929103070853,2.2594723024023744,25.23654723855276,0,1
2024-06-11 08:00:00,35.20232034355965,55.67396609406726,396.0475,79.04999999999998,2.5203170580465355,26.3371135623731,0,1
2024-06-11 09:00:00,36.333947853465176,54.55193716002188,394.4103208947203,111.79358210559316,2.749935434394872,27.24433528546956,0,1
2024-06-11 10:00:00,37.1361498056336,53.80118470517146,393.154069183084,136.91861633831974,2.9204568311752026,27.896386746667893,0,1
2024-06-11 11:00:00,37.55425746272604,53.472871268636986,392.3643563431849,152.71287313630168,3.0087887458327547,28.24883171645343,0,1
2024-06-11 12:00:00,37.5597774788672,53.58937086855465,392.095,158.1,3.002153863606324,28.277651652578136,0,1
2024-06-11 13:00:00,37.15233367407935,54.1427442497148,392.3643563431849,152.71287313630168,2.901418933598318,27.98088252402231,0,1
2024-06-11 14:00:00,35.121320343559645,61.064466094067264,440.0,136.91861633831977,2.203943434376922,27.334213562373098,0,0
2024-06-11 15:00:00,34.5,62.1,440.0,111.79358210559316,2.0728062971081544,26.92,0,0
2024-06-11 16:00:00,33.77645713530757,63.3059047744874,440.0,79.04999999999998,1.9276912014206715,26.437638090205045,0,0
2024-06-11 17:00:00,33.0,64.6,440.0,40.91929103070857,1.7806723196448258,25.92,0,0
2024-06-11 18:00:00,32.22354286469243,65.89409522551261,440.0,1.9361665894519653e-14,1.6422569794478852,25.402361909794955,0,0
2024-06-11 19:00:00,31.5,67.1,440.0,0.0,1.5206606690953914,24.92,0,0
2024-06-11 20:00:00,30.87867965644036,68.13553390593273,440.0,0.0,1.4216826708782526,24.505786437626902,0,0
2024-06-11 21:00:00,30.401923788646684,68.93012701892219,440.0,0.0,1.3490129587506254,24.187949192431123,0,0
2024-06-11 22:00:00,30.102222521132795,69.42962913144534,440.0,0.0,1.3047454888140861,23.988148347421863,0,0
2024-06-11 23:00:00,30.0,69.6,440.0,0.0,1.2898917778627403,23.92,0,0
2024-06-12 00:00:00,29.4022225211328,72.72962913144534,440.0,0.0,1.1180124208553865,23.948148347421863,0,0
2024-06-12 01:00:00,28.201923788646685,67.6301270189222,400.0,0.0,1.238018082784744,21.72794919243113,0,1
2024-06-12 02:00:00,28.67867965644036,66.83553390593275,400.0,0.0,1.3039918972295799,22.04578643762691,0,1
2024-06-12 03:00:00,29.3,65.8,400.0,0.0,1.3938720283702568,22.46,0,1
2024-06-12 04:00:00,30.02354286469244,64.5940952255126,400.0,0.0,1.5043254143740676,22.94236190979496,0,1
2024-06-12 05:00:00,30.8,63.3,400.0,0.0,1.6301006333479717,23.46,0,1
2024-06-12 06:00:00,31.576457135307564,62.00590477448739,400.0,0.0,1.7637431865121564,23.97763809020504,0,1
2024-06-12 07:00:00,33.163420334462,60.368289832768994,397.84144916384497,43.17101672310047,2.0118802103027638,25.237078301015803,0,1
2024-06-12 08:00:00,34.58932034355964,58.930466094067256,395.83,83.39999999999999,2.2573063084414837,26.37541356237309,0,1
2024-06-12 09:00:00,35.75698443339164,57.790418870058645,394.1027294449042,117.94541110191616,2.47442672630863,27.315068207403364,0,1
2024-06-12 10:00:00,36.586838225892095,57.02584049504221,392.7773481324378,144.45303735124438,2.6364542426260305,27.992006324900537,0,1
2024-06-12 11:00:00,37.02232855650033,56.68883572174983,391.9441786087492,161.1164278250166,2.7210024009542586,28.36009570085029,0,1
2024-06-12 12:00:00,37.03377747886721,56.802370868554654,391.66,166.8,2.715562150425573,28.39425165257813,0,1
2024-06-12 13:00:00,36.62040476785364,57.35870870282764,391.9441786087492,161.1164278250166,2.6208339787849884,28.09214650841917,0,1
2024-06-12 14:00:00,34.42132034355964,64.36446609406727,440.0,144.45303735124438,1.9404688197380242,27.29421356237309,0,0
2024-06-12 15:00:00,33.8,65.4,440.0,117.94541110191616,1.8200677765754472,26.88,0,0
2024-06-12 16:00:00,33.076457135307564,66.60590477448739,440.0,83.39999999999999,1.6869896477724673,26.39763809020504,0,0
2024-06-12 17:00:00,32.3,67.9,440.0,43.17101672310051,1.5523487857647034,25.88,0,0
2024-06-12 18:00:00,31.52354286469244,69.1940952255126,440.0,2.0427108609777853e-14,1.425772594534168,25.36236190979496,0,0
2024-06-12 19:00:00,30.8,70.39999999999999,440.0,0.0,1.3147405653160755,24.88,0,0
2024-06-12 20:00:00,30.17867965644036,71.43553390593273,440.0,0.0,1.2244858387575155,24.465786437626903,0,0
2024-06-12 21:00:00,29.701923788646685,72.23012701892219,440.0,0.0,1.158297634861499,24.14794919243112,0,0
2024-06-12 22:00:00,29.4022225211328,72.72962913144534,440.0,0.0,1.1180124208553865,23.948148347421863,0,0
2024-06-12 23:00:00,29.3,72.9,440.0,0.0,1.1045009347612262,23.880000000000003,0,0
2024-06-13 00:00:00,29.9022225211328,71.82962913144534,440.0,0.0,1.1885999612929121,24.268148347421864,0,0
2024-06-13 01:00:00,28.701923788646685,66.7301270189222,400.0,0.0,1.3098988368105073,22.04794919243113,0,1
2024-06-13 02:00:00,29.17867965644036,65.93553390593274,400.0,0.0,1.3786657941507379,22.36578643762691,0,1
2024-06-13 03:00:00,29.8,64.9,400.0,0.0,1.4723160464319847,22.78,0,1
2024-06-13 04:00:00,30.52354286469244,63.694095225512605,400.0,0.0,1.5873510971371665,23.26236190979496,0,1
2024-06-13 05:00:00,31.3,62.4,400.0,0.0,1.7182802899169562,23.78,0,1
2024-06-13 06:00:00,32.076457135307564,61.10590477448739,400.0,0.0,1.8573319203349743,24.29763809020504,0,1
2024-06-13 07:00:00,34.102895073046085,59.24855246347696,396.7427623173848,65.14475365230447,2.1801252323633924,25.952605565741475,0,1
2024-06-13 08:00:00,35.93832034355964,57.60596609406726,393.7075,125.84999999999998,2.510117589834624,27.45951356237309,0,1
2024-06-13 09:00:00,37.45765174784639,56.29008521283127,391.1010611587673,177.978776824654,2.811827041092892,28.715668790412643,0,1
2024-06-13 10:00:00,38.55734936151807,55.39058492722922,389.10107029337286,217.9785941325432,3.0454997324751543,29.63546634696392,0,1
2024-06-13 11:00:00,39.16247060953917,54.96876469523041,387.84382347615207,243.12353047695848,3.1759078482296044,30.156223548585253,0,1
2024-06-13 12:00:00,39.23177747886721,55.30370118576931,387.415,251.7,3.164019091086216,30.24245165257814,0,1
2024-06-13 13:00:00,38.760546820892486,55.63863767630822,387.84382347615207,243.12353047695848,3.0618642291046263,29.88827435615413,0,1
2024-06-13 14:00:00,34.92132034355964,63.46446609406726,440.0,217.9785941325432,2.0453600481711103,27.61421356237309,0,0
2024-06-13 15:00:00,34.3,64.5,440.0,177.978776824654,1.9201090081281544,27.2,0,0
2024-06-13 16:00:00,33.576457135307564,65.7059047744874,440.0,125.84999999999998,1.781610930610432,26.717638090205043,0,0
2024-06-13 17:00:00,32.8,67.0,440.0,65.14475365230453,1.6414173578069693,26.2,0,0
2024-06-13 18:00:00,32.02354286469244,68.2940952255126,440.0,3.082435993453888e-14,1.5095513301356838,25.68236190979496,0,0
2024-06-13 19:00:00,31.3,69.5,440.0,0.0,1.3938177883634886,25.200000000000003,0,0
2024-06-13 20:00:00,30.67867965644036,70.53553390593274,440.0,0.0,1.2996950586491796,24.785786437626907,0,0
2024-06-13 21:00:00,30.201923788646685,71.3301270189222,440.0,0.0,1.2306416693964295,24.467949192431124,0,0
2024-06-13 22:00:00,29.9022225211328,71.82962913144534,440.0,0.0,1.1885999612929121,24.268148347421864,0,0
2024-06-13 23:00:00,29.8,72.0,440.0,0.0,1.1744971310568542,24.200000000000003,0,0
2024-06-14 00:00:00,29.102222521132795,76.12962913144534,440.0,0.0,0.9618330879680763,24.328148347421862,0,0
2024-06-14 01:00:00,27.901923788646684,71.0301270189222,400.0,0.0,1.0888032413287827,22.107949192431125,0,1
2024-06-14 02:00:00,28.37867965644036,70.23553390593274,400.0,0.0,1.150122173928487,22.425786437626904,0,1
2024-06-14 03:00:00,29.0,69.2,400.0,0.0,1.2337487008264634,22.84,0,1
2024-06-14 04:00:00,29.72354286469244,67.99409522551261,400.0,0.0,1.33664500260361,23.32236190979496,0,1
2024-06-14 05:00:00,30.5,66.7,400.0,0.0,1.4539710137269888,23.84,0,1
2024-06-14 06:00:00,31.276457135307563,65.4059047744874,400.0,0.0,1.5788006470333888,24.357638090205043,0,1
2024-06-14 07:00:00,33.388822996020124,63.50558850198993,396.5279425099497,69.44114980100632,1.876140429551368,26.08994069641811,0,1
2024-06-14 08:00:00,35.304320343559645,61.82296609406726,394.46624999999995,134.14999999999998,2.1829426277941537,27.6689135623731,0,1
2024-06-14 09:00:00,36.89241119920033,60.4727054871543,390.51416253038246,189.71674939235072,2.465766833617919,28.98695229663119,0,1
2024-06-14 10:00:00,38.0448697955745,59.546824710201,388.3822692082318,232.35461583536488,2.6864337559601097,29.95423473761469,0,1
2024-06-14 11:00:00,38.68315798386714,59.10842100806642,387.04210504033216,259.157899193357,2.810651961754425,30.504842185480424,0,1
2024-06-14 12:00:00,38.763777478867205,59.18737086855465,386.585,268.3,2.8174166430152705,30.60125165257813,0,1
2024-06-14 13:00:00,38.281234195220456,59.77829398914424,387.04210504033216,259.157899193357,2.7053788539677046,30.236892993049302,0,1
2024-06-14 14:00:00,34.121320343559645,67.76446609406726,440.0,232.3546158353649,1.726308635959369,27.674213562373097,0,0
2024-06-14 15:00:00,33.5,68.8,440.0,189.71674939235072,1.6139608324202945,27.26,0,0
2024-06-14 16:00:00,32.75,70.00590477448739,440.0,134.14999999999998,1.4877186365382047,26.777638090205045,0,0
2024-06-14 17:00:00,32.0,71.3,440.0,69.44114980100639,1.3646205387271406,26.26,0,0
2024-06-14 18:00:00,31.22354286469244,72.5940952255126,440.0,3.2857273621123496e-14,1.246991814586365,25.74236190979496,0,0
2024-06-14 19:00:00,30.5,73.8,440.0,0.0,1.1439651819713847,25.26,0,0
2024-06-14 20:00:00,29.87867965644036,74.83553390593273,440.0,0.0,1.0603370343898468,24.845786437626906,0,0
2024-06-14 21:00:00,29.401923788646684,75.6301270189222,440.0,0.0,0.9990825530141975,24.527949192431123,0,0
2024-06-14 22:00:00,29.102222521132795,76.12962913144534,440.0,0.0,0.9618330879680763,24.328148347421862,0,0
2024-06-14 23:00:00,29.0,76.3,440.0,0.0,0.9493455912203632,24.26,0,0
2024-06-15 00:00:00,30.2022225211328,70.72962913144534,440.0,0.0,1.256439272631796,24.348148347421866,0,0
2024-06-15 01:00:00,29.001923788646685,65.6301270189222,400.0,0.0,1.376899369635692,22.127949192431124,0,1
2024-06-15 02:00:00,29.47867965644036,64.83553390593275,400.0,0.0,1.4480120310167672,22.445786437626907,0,1
2024-06-15 03:00:00,30.1,63.8,400.0,0.0,1.5448216438437536,22.86,0,1
2024-06-15 04:00:00,30.82354286469244,62.5940952255126,400.0,0.0,1.663686246643323,23.34236190979496,0,1
2024-06-15 05:00:00,31.6,61.3,400.0,0.0,1.7989113260062146,23.86,0,1
2024-06-15 06:00:00,32.37645713530756,60.00590477448739,400.0,0.0,1.942458822485877,24.37763809020504,0,1
2024-06-15 07:00:00,34.499693395914434,58.100153302042784,396.5007665102139,69.9846697957216,2.2915247728499413,26.11972405632299,0,1
2024-06-15 08:00:00,36.42532034355965,56.41246609406726,393.24,135.19999999999996,2.650578335636358,27.7078135623731,0,1
2024-06-15 09:00:00,38.02210968401017,55.05785624474938,390.43991631835786,191.20167363284244,2.98086939501473,29.03368093296005,0,1
2024-06-15 10:00:00,39.18124286253345,54.12863817672153,388.2913365408344,234.1732691833122,3.238417021323391,30.00697049787776,0,1
2024-06-15 11:00:00,39.823726868571285,53.68813656571436,386.9406828285718,261.18634342856404,3.383824348186054,30.56135418171416,0,1
2024-06-15 12:00:00,39.90577747886721,53.76637086855465,386.48,270.4,3.3929271250327484,30.65905165257814,0,1
2024-06-15 13:00:00,39.4218030799246,54.35800954679217,386.9406828285718,261.18634342856404,3.2640128742490417,30.29340498928304,0,1
2024-06-15 14:00:00,35.22132034355965,62.36446609406726,440.0,234.1732691833122,2.142149360029325,27.6942135623731,0,0
2024-06-15 15:00:00,34.6,63.4,440.0,191.20167363284244,2.012838465693146,27.28,0,0
2024-06-15 16:00:00,33.87645713530756,64.60590477448739,440.0,135.19999999999996,1.8697919948304778,26.79763809020504,0,0
2024-06-15 17:00:00,33.1,65.9,440.0,69.98466979572167,1.7249251399773022,26.28,0,0
2024-06-15 18:00:00,32.32354286469244,67.1940952255126,440.0,3.311444944894443e-14,1.5885933357867228,25.76236190979496,0,0
2024-06-15 19:00:00,31.6,68.4,440.0,0.0,1.4688784987544283,25.28,0,0
2024-06-15 20:00:00,30.97867965644036,69.43553390593273,440.0,0.0,1.3714710167874247,24.865786437626905,0,0
2024-06-15 21:00:00,30.501923788646685,70.23012701892219,440.0,0.0,1.299978708800657,24.547949192431123,0,0
2024-06-15 22:00:00,30.2022225211328,70.72962913144534,440.0,0.0,1.256439272631796,24.348148347421866,0,0
2024-06-15 23:00:00,30.1,70.9,440.0,0.0,1.2418317634213596,24.28,0,0
2024-06-16 00:00:00,29.9022225211328,71.12962913144534,440.0,0.0,1.2181352477393463,24.128148347421863,0,0
2024-06-16 01:00:00,28.701923788646685,66.0301270189222,400.0,0.0,1.3374591820600625,21.90794919243113,0,1
2024-06-16 02:00:00,29.17867965644036,65.23553390593274,400.0,0.0,1.4069963733895416,22.22578643762691,0,1
2024-06-16 03:00:00,29.851111260566398,64.2,400.0,0.0,1.5060930642783852,22.64,0,1
2024-06-16 04:00:00,30.52354286469244,62.9940952255126,400.0,0.0,1.6179561949827608,23.12236190979496,0,1
2024-06-16 05:00:00,31.3,61.7,400.0,0.0,1.7502695506334953,23.64,0,1
2024-06-16 06:00:00,32.076457135307564,60.40590477448739,400.0,0.0,1.8907594197200654,24.15763809020504,0,1
2024-06-16 07:00:00,34.072872063814195,58.5635639680929,396.8178198404645,61.475,2.2130706507495255,25.785584857432774,0,1
2024-06-16 08:00:00,35.880320343559646,56.934966094067256,393.8525,122.95,2.5417401673325912,27.267313562373097,0,1
2024-06-16 09:00:00,37.37562736122875,55.631097406140086,392.2041477374184,173.87755749377206,2.8415344473536654,28.501846842456768,0,1
2024-06-16 10:00:00,38.45689041467908,54.74081440064872,389.35221766047033,212.95564679059345,3.0731822501506754,29.405053294808823,0,1
2024-06-16 11:00:00,39.05042321368963,54.32478839315517,388.1239419657759,237.5211606844819,3.202022382944472,29.91538089232067,0,1
2024-06-16 12:00:00,39.11577747886721,54.41137086855465,387.705,245.9,3.2071780207302543,29.998051652578138,0,1
2024-06-16 13:00:00,38.64849942504295,54.99466137423298,388.1239419657759,237.5211606844819,3.087644162454964,29.647431699889545,0,1
2024-06-16 14:00:00,34.92132034355964,62.76446609406726,440.0,212.95564679059348,2.0845479805934497,27.47421356237309,0,0
2024-06-16 15:00:00,34.3,63.8,440.0,173.87755749377206,1.9579703125137802,27.059999999999995,0,0
2024-06-16 16:00:00,33.576457135307564,65.00590477448739,440.0,122.95,1.817976597738443,26.57763809020504,0,0
2024-06-16 17:00:00,32.8,66.3,440.0,63.64360319070992,1.676235301760451,26.059999999999995,0,0
2024-06-16 18:00:00,32.02354286469244,67.5940952255126,440.0,3.0114064791033413e-14,1.5428790632065676,25.54236190979496,0,0
2024-06-16 19:00:00,31.3,68.8,440.0,0.0,1.4258070490800276,25.06,0,0
2024-06-16 20:00:00,30.67867965644036,69.83553390593273,440.0,0.0,1.3305724734358544,24.645786437626903,0,0
2024-06-16 21:00:00,30.201923788646685,70.6301270189222,440.0,0.0,1.2606888610650517,24.327949192431124,0,0
2024-06-16 22:00:00,29.9022225211328,71.12962913144534,440.0,0.0,1.2181352477393463,24.128148347421863,0,0
2024-06-16 23:00:00,29.8,71.3,440.0,0.0,1.2038595593332755,24.06,0,0
2024-06-17 00:00:00,29.102222521132795,78.82962913144534,440.0,0.0,0.8530392467741439,24.868148347421865,0,0
2024-06-17 01:00:00,27.901923788646684,73.7301270189222,400.0,0.0,0.9873264846475267,22.647949192431124,0,1
2024-06-17 02:00:00,28.37867965644036,72.93553390593274,400.0,0.0,1.0457920690378812,22.965786437626907,0,1
2024-06-17 03:00:00,29.0,71.81481456572268,400.0,0.0,1.129007659483526,23.380000000000003,0,1
2024-06-17 04:00:00,29.72354286469244,70.69409522551261,400.0,0.0,1.2238863872025383,23.86236190979496,0,1
2024-06-17 05:00:00,30.5,69.4,400.0,0.0,1.336081472073449,24.380000000000003,0,1
2024-06-17 06:00:00,31.276457135307563,68.1059047744874,400.0,0.0,1.4555784115853454,24.89763809020504,0,1
2024-06-17 07:00:00,33.325388739433606,66.18747116883277,396.4373558441638,71.25288311672396,1.732109840498316,26.66255189610104,0,1
2024-06-17 08:00:00,35.374320343559646,64.48796609406727,393.1175,137.64999999999998,2.038411061890211,28.2719135623731,0,1
2024-06-17 09:00:00,36.99140614856645,63.12320801247123,390.2666751569672,194.66649686065657,2.312867574141616,29.61604775106069,0,1
2024-06-17 10:00:00,38.166113352104325,62.186202931936094,388.0791603169072,238.416793661856,2.5276611038994763,30.603353938491544,0,1
2024-06-17 11:00:00,38.81838759954761,61.7408062002262,386.704031001131,265.9193799773805,2.6489112815654074,31.166548839592853,0,1
2024-06-17 12:00:00,38.903777478867205,61.817370868554654,386.235,275.3,2.655768355068014,31.26725165257813,0,1
2024-06-17 13:00:00,38.41646381090093,62.410679181304,386.704031001131,265.9193799773805,2.54682854178785,30.898599647161728,0,1
2024-06-17 14:00:00,34.121320343559645,70.46446609406726,440.0,238.416793661856,1.5817156122889133,28.214213562373097,0,0
2024-06-17 15:00:00,33.5,71.5,440.0,194.66649686065657,1.4742911449993075,27.8,0,0
2024-06-17 16:00:00,32.77645713530757,72.7059047744874,440.0,137.64999999999998,1.3558116887796494,27.317638090205044,0,0
2024-06-17 17:00:00,32.0,74.0,440.0,71.25288311672404,1.2362416030280714,26.8,0,0
2024-06-17 18:00:00,31.22354286469244,75.2940952255126,440.0,3.371452638052664e-14,1.1241395341348372,26.28236190979496,0,0
2024-06-17 19:00:00,30.5,76.5,440.0,0.0,1.026075640317845,25.8,0,0
2024-06-17 20:00:00,29.87867965644036,77.53553390593274,440.0,0.0,0.9465690735616398,25.385786437626905,0,0
2024-06-17 21:00:00,29.401923788646684,78.3301270189222,440.0,0.0,0.8883916645047313,25.06794919243112,0,0
2024-06-17 22:00:00,29.102222521132795,78.82962913144534,440.0,0.0,0.8530392467741439,24.868148347421865,0,0
2024-06-17 23:00:00,29.0,79.0,440.0,0.0,0.8411922960180432,24.8,0,0
2024-06-18 00:00:00,27.9022225211328,86.72962913144535,440.0,0.0,0.4987620875857499,25.248148347421864,0,0
2024-06-18 01:00:00,26.701923788646685,81.63012701892221,400.0,0.0,0.6435820284859948,23.027949192431127,0,1
2024-06-18 02:00:00,27.17867965644036,80.83553390593275,400.0,0.0,0.690473756683883,23.34578643762691,0,1
2024-06-18 03:00:00,27.8,79.80000000000001,400.0,0.0,0.754699258032955,23.760000000000005,0,1
2024-06-18 04:00:00,28.52354286469244,78.59409522551262,400.0,0.0,0.8341232390982922,24.24236190979496,0,1
2024-06-18 05:00:00,29.3,77.30000000000001,400.0,0.0,0.9251723697077427,24.760000000000005,0,1
2024-06-18 06:00:00,30.076457135307564,76.0059047744874,400.0,0.0,1.0225583127273354,25.277638090205045,0,1
2024-06-18 07:00:00,31.97969720757729,74.21015139621137,397.0507569810568,58.98486037886448,1.2248432134897855,26.82172748681956,0,1
2024-06-18 08:00:00,33.70032034355964,72.62496609406728,394.3025,113.95,1.4320273921075828,28.225313562373096,0,1
2024-06-18 09:00:00,35.1210689200016,71.35837662675367,391.9425182283793,161.1496354324142,1.6212347703218357,29.392744245352333,0,1
2024-06-18 10:00:00,36.14512126931668,70.49669897332993,390.13164052387634,197.36718952247355,1.76679503113404,30.24446106398267,0,1
2024-06-18 11:00:00,36.70268991622557,70.3440349209423,388.9932752094361,220.13449581127867,1.8309331637956028,30.722420924603018,0,1
2024-06-18 12:00:00,36.75577747886721,70.19137086855467,388.605,227.9,1.8456982563158242,30.794051652578144,0,1
2024-06-18 13:00:00,36.30076612757889,70.76852802296503,388.9932752094361,220.13449581127867,1.7655050770074583,30.454471732171896,0,1
2024-06-18 14:00:00,32.92132034355964,78.36446609406727,440.0,197.3671895224736,1.0835055641886748,28.594213562373096,0,0
2024-06-18 15:00:00,32.2488887394336,79.4,440.0,161.1496354324142,0.9933440581142035,28.18,0,0
2024-06-18 16:00:00,31.576457135307564,80.6059047744874,440.0,113.95,0.9003031420944775,27.697638090205043,0,0
2024-06-18 17:00:00,30.8,81.9,440.0,58.98486037886454,0.8039460889263835,27.180000000000003,0,0
2024-06-18 18:00:00,30.02354286469244,83.19409522551261,440.0,2.7909700552568184e-14,0.7140489651327627,26.66236190979496,0,0
2024-06-18 19:00:00,29.3,84.4,440.0,0.0,0.6358012760987131,26.180000000000003,0,0
2024-06-18 20:00:00,28.67867965644036,85.43553390593274,440.0,0.0,0.5726594759665403,25.765786437626907,0,0
2024-06-18 21:00:00,28.201923788646685,86.2301270189222,440.0,0.0,0.5266425283222027,25.447949192431125,0,0
2024-06-18 22:00:00,27.9022225211328,86.72962913144535,440.0,0.0,0.4987620875857499,25.248148347421864,1,0
2024-06-18 23:00:00,27.8,86.9,440.0,0.0,0.48943367723919357,25.180000000000003,1,0
2024-06-19 00:00:00,28.102222521132795,84.52962913144535,440.0,0.0,0.5882588164352371,25.008148347421866,0,0
2024-06-19 01:00:00,26.901923788646684,79.4301270189222,400.0,0.0,0.729176703447483,22.787949192431125,0,1
2024-06-19 02:00:00,27.37867965644036,78.63553390593275,400.0,0.0,0.7788028651671853,23.105786437626907,0,1
2024-06-19 03:00:00,28.0,77.60000000000001,400.0,0.0,0.8467044015349384,23.520000000000003,0,1
2024-06-19 04:00:00,28.75,76.39409522551261,400.0,0.0,0.9320009367057669,24.00236190979496,0,1
2024-06-19 05:00:00,29.5,75.10000000000001,400.0,0.0,1.0265984818759137,24.520000000000003,0,1
2024-06-19 06:00:00,30.276457135307563,73.8059047744874,400.0,0.0,1.12917841679306,25.037638090205043,0,1
2024-06-19 07:00:00,32.146568369804164,72.02671581509793,397.1335790754896,57.32841849020834,1.3411227200294524,26.551911532823752,0,1
2024-06-19 08:00:00,33.83632034355964,70.45696609406727,394.4625,110.75,1.5572057428763861,27.927713562373096,0,1
2024-06-19 09:00:00,35.23055925200972,69.2036314607496,392.16879239835896,156.6241520328203,1.7537697551154827,29.07128554415964,0,1
2024-06-19 10:00:00,36.23427001763227,68.35212459917213,390.40876865308735,185.28836127792445,1.9045020578634766,29.904694937466694,0,1
2024-06-19 11:00:00,36.779051410460575,67.96047429476972,389.30237147384855,213.95257052302864,1.9863522015882846,30.37114626941452,0,1
2024-06-19 12:00:00,36.827777478867205,68.05537086855466,388.925,221.5,1.9857395999941403,30.438851652578137,0,1
2024-06-19 13:00:00,36.37712762181389,68.63034727584753,389.30237147384855,213.95257052302864,1.9025806035022828,30.103197076983395,0,1
2024-06-19 14:00:00,33.121320343559645,76.16446609406727,440.0,191.8246269382532,1.2071457281364057,28.354213562373097,0,0
2024-06-19 15:00:00,32.5,77.2,440.0,156.6241520328203,1.1150975960974807,27.94,0,0
2024-06-19 16:00:00,31.776457135307563,78.4059047744874,440.0,110.75,1.013851567002361,27.457638090205045,0,0
2024-06-19 17:00:00,31.0,79.7,440.0,57.328418490208406,0.9119962269770722,26.94,0,0
2024-06-19 18:00:00,30.22354286469244,80.99409522551261,440.0,2.712592660111388e-14,0.8168307426435132,26.42236190979496,0,0
2024-06-19 19:00:00,29.5,82.2,440.0,0.0,0.73387361354985,25.94,0,0
2024-06-19 20:00:00,28.87867965644036,83.23553390593274,440.0,0.0,0.666836682725239,25.525786437626905,0,0
2024-06-19 21:00:00,28.401923788646684,84.0301270189222,440.0,0.0,0.6179216247142235,25.207949192431123,0,0
2024-06-19 22:00:00,28.102222521132795,84.52962913144535,440.0,0.0,0.5882588164352371,25.008148347421866,0,0
2024-06-19 23:00:00,28.0,84.7,440.0,0.0,0.5783293456912754,24.94,0,0
2024-06-20 00:00:00,28.602222521132795,78.52962913144535,440.0,0.0,0.8404605764992867,24.308148347421863,0,0
2024-06-20 01:00:00,27.401923788646684,73.4301270189222,400.0,0.0,0.9698743270308685,22.087949192431125,0,1
2024-06-20 02:00:00,27.87867965644036,72.63553390593275,400.0,0.0,1.0270735116930139,22.405786437626908,0,1
2024-06-20 03:00:00,28.5,71.60000000000001,400.0,0.0,1.105151786856601,22.82,0,1
2024-06-20 04:00:00,29.22354286469244,70.39409522551261,400.0,0.0,1.2013236079544247,23.30236190979496,0,1
2024-06-20 05:00:00,30.0,69.10000000000001,400.0,0.0,1.311107103156535,23.82,0,1
2024-06-20 06:00:00,30.776457135307563,67.8059047744874,400.0,0.0,1.428043915807097,24.337638090205044,0,1
2024-06-20 07:00:00,32.26196326878182,66.2190183656091,398.09509182804544,38.09816343909105,1.630140376977947,25.50576694190364,0,1
2024-06-20 08:00:00,33.59332034355965,64.82846609406727,396.32,73.59999999999998,1.8289163769459835,26.5590135623731,0,1
2024-06-20 09:00:00,34.679798575166515,63.7290117991712,394.795694090467,104.0861181906598,2.0035849801189367,27.425600935000755,0,1
2024-06-20 10:00:00,35.44735626760859,62.995581474183965,393.62605302814654,123.13519991020533,2.132640551655638,28.046472562445384,0,1
2024-06-20 11:00:00,35.84368563259502,62.678157183702496,392.8907859185125,142.18428162975084,2.1983437797621392,28.37931706933552,0,1
2024-06-20 12:00:00,35.84177747886721,62.798370868554656,392.64,147.2,2.1910332471746936,28.40145165257814,0,1
2024-06-20 13:00:00,35.441761843948335,63.3480301647803,392.8907859185125,142.18428162975084,2.111677290447407,28.1113678769044,0,1
2024-06-20 14:00:00,33.621320343559645,70.16446609406727,440.0,127.47893943706936,1.5538725209288284,27.65421356237309,0,0
2024-06-20 15:00:00,33.0,71.2,440.0,104.0861181906598,1.4486825651347728,27.24,0,0
2024-06-20 16:00:00,32.27645713530757,72.4059047744874,440.0,73.59999999999998,1.332673891130902,26.757638090205045,0,0
2024-06-20 17:00:00,31.5,73.7,440.0,38.09816343909109,1.2156041214957078,26.24,0,0
2024-06-20 18:00:00,30.72354286469244,74.99409522551261,440.0,1.802680088344904e-14,1.1058524256336866,25.72236190979496,0,0
2024-06-20 19:00:00,30.0,76.2,440.0,0.0,1.009849483984645,25.24,0,0
2024-06-20 20:00:00,29.37867965644036,77.23553390593274,440.0,0.0,0.932017169490699,24.825786437626903,0,0
2024-06-20 21:00:00,28.901923788646684,78.0301270189222,440.0,0.0,0.8750666937258804,24.507949192431123,0,0
2024-06-20 22:00:00,28.602222521132795,78.52962913144535,440.0,0.0,0.8404605764992867,24.308148347421863,0,0
2024-06-20 23:00:00,28.5,78.7,440.0,0.0,0.8288638401424508,24.24,0,0
2024-06-21 00:00:00,28.4022225211328,74.52962913144535,440.0,0.0,0.9855410810220789,23.308148347421863,0,0
2024-06-21 01:00:00,27.201923788646685,69.4301270189222,400.0,0.0,1.1028983027818013,21.087949192431125,0,1
2024-06-21 02:00:00,27.67867965644036,68.63553390593275,400.0,0.0,1.1635540696498803,21.405786437626908,0,1
2024-06-21 03:00:00,28.3,67.60000000000001,400.0,0.0,1.2462534846538895,21.82,0,1
2024-06-21 04:00:00,29.02354286469244,66.39409522551261,400.0,0.0,1.347976749223863,22.30236190979496,0,1
2024-06-21 05:00:00,29.8,65.10000000000001,400.0,0.0,1.4639267812101495,22.82,0,1
2024-06-21 06:00:00,30.576457135307564,63.8059047744874,400.0,0.0,1.58725298385513,23.337638090205044,0,1
2024-06-21 07:00:00,32.301112066456554,62.09944396677172,397.49721983385865,50.05560332282752,1.8329772990721418,24.7210008598109,0,1
2024-06-21 08:00:00,33.85532034355964,60.59746609406727,395.165,96.7,2.0790982718741393,25.974813562373093,0,1
2024-06-21 09:00:00,35.13316524098288,59.40232846626303,392.2041477374184,136.7544514814783,2.299532179356473,27.013630934235483,0,1
2024-06-21 10:00:00,36.04756374070542,58.59547773763556,391.6255343454045,167.48931309191042,2.4662683728145316,27.76665928823253,0,1
2024-06-21 11:00:00,36.53620109608612,58.23189945195694,390.6594972597847,186.81005480430585,2.5553824803078484,28.182580986477504,0,1
2024-06-21 12:00:00,36.56577747886721,58.33637086855466,390.33,193.4,2.5531140121549867,28.233051652578144,0,1
2024-06-21 13:00:00,36.13427730743943,58.90177243303475,390.6594972597847,186.81005480430585,2.4596908232729615,27.914631794046382,0,1
2024-06-21 14:00:00,33.42132034355964,66.16446609406727,440.0,167.48931309191045,1.7426143601103066,26.65421356237309,0,0
2024-06-21 15:00:00,32.8,67.2,440.0,136.7544514814783,1.6314693738202604,26.24,0,0
2024-06-21 16:00:00,32.076457135307564,68.4059047744874,440.0,96.7,1.5087308553190286,25.75763809020504,0,0
2024-06-21 17:00:00,31.3,69.7,440.0,50.055603322827565,1.3846779995873342,25.24,0,0
2024-06-21 18:00:00,30.52354286469244,70.99409522551261,440.0,2.3684669095509812e-14,1.2681836481759683,24.72236190979496,0,0
2024-06-21 19:00:00,29.8,72.2,440.0,0.0,1.1661078658350195,24.24,0,0
2024-06-21 20:00:00,29.17867965644036,73.23553390593274,440.0,0.0,1.0832183249460703,23.825786437626903,0,0
2024-06-21 21:00:00,28.701923788646685,74.0301270189222,440.0,0.0,1.022483807779431,23.507949192431127,0,0
2024-06-21 22:00:00,28.4022225211328,74.52962913144535,440.0,0.0,0.9855410810220789,23.308148347421863,0,0
2024-06-21 23:00:00,28.3,74.7,440.0,0.0,0.9731547272143027,23.24,0,0
2024-06-22 00:00:00,28.5022225211328,74.52962913144535,440.0,0.0,0.9912765862520101,23.408148347421864,0,0
2024-06-22 01:00:00,27.301923788646683,69.4301270189222,400.0,0.0,1.109375331911634,21.187949192431123,0,1
2024-06-22 02:00:00,27.77867965644036,68.63553390593275,400.0,0.0,1.1703626799650657,21.505786437626902,0,1
2024-06-22 03:00:00,28.4,67.60000000000001,400.0,0.0,1.2535118441553206,21.92,0,1
2024-06-22 04:00:00,29.123542864692435,66.39409522551261,400.0,0.0,1.3557848445852594,22.40236190979496,0,1
2024-06-22 05:00:00,29.9,65.10000000000001,400.0,0.0,1.4723571503890893,22.92,0,1
2024-06-22 06:00:00,30.67645713530756,63.8059047744874,400.0,0.0,1.5963405026170745,23.43763809020504,0,1
2024-06-22 07:00:00,32.56157987442011,62.019210062789945,397.0960503139497,58.07899372100565,1.8640061905312413,24.9654218869781,0,1
2024-06-22 08:00:00,34.265320343559644,60.442466094067264,394.39,112.2,2.13545240302379,26.35381356237309,0,1
2024-06-22 09:00:00,35.67157144531854,59.1831253640952,392.06626191508695,158.67476169826128,2.3815723786138463,27.50819651813758,0,1
2024-06-22 10:00:00,36.68449949105177,58.327009862462376,390.2831949695386,194.33610060922803,2.5703001141660438,28.34990146354424,0,1
2024-06-22 11:00:00,37.23507510838534,57.93246244580733,389.1623122290367,216.75375541926687,2.673646320963321,28.821567597546803,0,1
2024-06-22 12:00:00,37.2857774788672,58.02637086855466,388.78,224.4,2.675041207528791,28.89105165257813,0,1
2024-06-22 13:00:00,36.833151319738654,58.60233542688514,389.1623122290367,216.75375541926687,2.574112733663623,28.55361840511568,0,1
2024-06-22 14:00:00,33.521320343559644,66.16446609406727,440.0,194.33610060922803,1.7523822419332002,26.754213562373096,0,0
2024-06-22 15:00:00,32.9,67.2,440.0,158.67476169826128,1.6406564858045551,26.34,0,0
2024-06-22 16:00:00,32.17645713530756,68.4059047744874,440.0,112.2,1.5172726255346916,25.85763809020504,0,0
2024-06-22 17:00:00,31.4,69.7,440.0,58.07899372100572,1.3925629469442056,25.34,0,0
2024-06-22 18:00:00,30.623542864692435,70.99409522551261,440.0,2.7481074172866608e-14,1.2754472723797534,24.82236190979496,0,0
2024-06-22 19:00:00,29.9,72.2,440.0,0.0,1.1728231742354356,24.34,0,0
2024-06-22 20:00:00,29.27867965644036,73.23553390593274,440.0,0.0,1.0894854956373372,23.925786437626904,0,0
2024-06-22 21:00:00,28.801923788646683,74.0301270189222,440.0,0.0,1.0284208693195935,23.60794919243112,0,0
2024-06-22 22:00:00,28.5022225211328,74.52962913144535,440.0,0.0,0.9912765862520101,23.408148347421864,0,0
2024-06-22 23:00:00,28.4,74.7,440.0,0.0,0.9788225202817783,23.34,0,0
2024-06-23 00:00:00,28.602222521132795,72.42962913144534,440.0,0.0,1.0792459029397508,23.088148347421864,0,0
2024-06-23 01:00:00,27.401923788646684,67.3301270189222,400.0,0.0,1.1925413077537967,20.867949192431123,0,1
2024-06-23 02:00:00,27.87867965644036,66.53553390593274,400.0,0.0,1.2560254817329375,21.185786437626906,0,1
2024-06-23 03:00:00,28.5,65.5,400.0,0.0,1.3425259382588994,21.6,0,1
2024-06-23 04:00:00,29.22354286469244,64.2940952255126,400.0,0.0,1.4488442989902515,22.08236190979496,0,1
2024-06-23 05:00:00,30.0,63.0,400.0,0.0,1.569934071740835,22.6,0,1
2024-06-23 06:00:00,30.776457135307563,61.705904774487394,400.0,0.0,1.6986235927759377,23.11763809020504,0,1
2024-06-23 07:00:00,32.2904333637431,60.203435434277324,398.0239165906423,39.52166818715492,1.92351506097991,24.311390027368788,0,1
2024-06-23 08:00:00,33.64832034355965,58.70096609406726,396.1825,76.34999999999998,2.154150857396212,25.3885135623731,0,1
2024-06-23 09:00:00,34.75758032109703,57.59012092620595,394.6012397256407,107.9752054871858,2.3528071469173297,26.27560450633822,0,1
2024-06-23 10:00:00,35.54261906202488,56.84795007697582,393.3878960421058,132.24207915788375,2.5000223075854873,26.912209077420048,0,1
2024-06-23 11:00:00,35.94993747348681,56.525031263256594,392.625156316283,147.49687367434072,2.5757608245293566,27.25494372613813,0,1
2024-06-23 12:00:00,35.95177747886721,56.643370868554655,392.365,152.7,2.569008995434154,27.280451652578137,0,1
2024-06-23 13:00:00,35.54801368484013,57.1949042443344,392.625156316283,147.49687367434072,2.4806580322983325,26.98699453370701,0,1
2024-06-23 14:00:00,33.621320343559645,64.06446609406726,440.0,132.24207915788378,1.8715682728315983,26.43421356237309,0,0
2024-06-23 15:00:00,33.0,65.1,440.0,107.9752054871858,1.7555215806667914,26.02,0,0
2024-06-23 16:00:00,32.27645713530757,66.3059047744874,440.0,76.34999999999998,1.6272771629345881,25.537638090205046,0,0
2024-06-23 17:00:00,31.5,67.6,440.0,39.52166818715496,1.4975503245802637,25.02,0,0
2024-06-23 18:00:00,30.72354286469244,68.89409522551261,440.0,1.8700356622980084e-14,1.3756167015997325,24.50236190979496,0,0
2024-06-23 19:00:00,30.0,70.1,440.0,0.0,1.2686764525689451,24.02,0,0
2024-06-23 20:00:00,29.37867965644036,71.13553390593273,440.0,0.0,1.1817618685493314,23.605786437626904,0,0
2024-06-23 21:00:00,28.901923788646684,71.93012701892219,440.0,0.0,1.1180315409202772,23.28794919243112,0,0
2024-06-23 22:00:00,28.602222521132795,72.42962913144534,440.0,0.0,1.0792459029397508,23.088148347421864,0,0
2024-06-23 23:00:00,28.5,72.6,440.0,0.0,1.0662379915447493,23.02,0,0
2024-06-24 00:00:00,28.302222521132794,74.42962913144534,440.0,0.0,0.9836814379190835,23.188148347421865,0,0
2024-06-24 01:00:00,27.101923788646683,69.3301270189222,400.0,0.0,1.1000409479677724,20.96794919243112,0,1
2024-06-24 02:00:00,27.57867965644036,68.53553390593274,400.0,0.0,1.1604681588585897,21.285786437626903,0,1
2024-06-24 03:00:00,28.2,67.5,400.0,0.0,1.2428559058675663,21.7,0,1
2024-06-24 04:00:00,28.92354286469244,66.2940952255126,400.0,0.0,1.3441958191027161,22.18236190979496,0,1
2024-06-24 05:00:00,29.7,65.0,400.0,0.0,1.4597090188273607,22.7,0,1
2024-06-24 06:00:00,30.47645713530756,63.70590477448739,400.0,0.0,1.5825708769715476,23.21763809020504,0,1
2024-06-24 07:00:00,32.08567877234083,62.05716061382958,397.785803069148,44.283938617041294,1.8128499286887392,24.497110895106744,0,1
2024-06-24 08:00:00,33.53232034355964,60.608966094067256,395.7225,85.54999999999998,2.0413624005691675,25.65411356237309,0,1
2024-06-24 09:00:00,34.71779561657368,59.46001327846762,393.9507014869491,120.98597026101828,2.244119988306617,26.60979827226721,0,1
2024-06-24 10:00:00,35.56131641061755,58.688601402679474,392.5911526706241,148.17694658751745,2.3958484495160666,27.299036691153447,0,1
2024-06-24 11:00:00,36.0053981775612,58.3473009112194,391.736504556097,165.2699088780596,2.4753189162463354,27.67485835980508,0,1
2024-06-24 12:00:00,36.0197774788672,58.45937086855465,391.445,171.1,2.470607103814538,27.711651652578126,0,1
2024-06-24 13:00:00,35.60347438891451,59.01717389229721,391.736504556097,159.63847329375872,2.382313889972921,27.40690916737396,0,1
2024-06-24 14:00:00,33.32132034355964,66.06446609406726,440.0,148.17694658751745,1.7380152868626313,26.534213562373093,0,0
2024-06-24 15:00:00,32.7,67.1,440.0,120.98597026101828,1.6272730771138237,26.12,0,0
2024-06-24 16:00:00,31.97645713530756,68.30590477448739,440.0,82.63495443902981,1.5049793352568985,25.63763809020504,0,0
2024-06-24 17:00:00,31.2,69.6,440.0,44.28393861704134,1.3813758743402036,25.12,0,0
2024-06-24 18:00:00,30.42354286469244,70.85,440.0,2.0953706733411213e-14,1.2672201739997269,24.60236190979496,0,0
2024-06-24 19:00:00,29.7,72.1,440.0,0.0,1.163596617865239,24.12,0,0
2024-06-24 20:00:00,29.07867965644036,73.13553390593273,440.0,0.0,1.0810064675722593,23.705786437626905,0,0
2024-06-24 21:00:00,28.601923788646683,73.93012701892219,440.0,0.0,1.0204910396206446,23.38794919243112,0,0
2024-06-24 22:00:00,28.302222521132794,74.42962913144534,440.0,0.0,0.9836814379190835,23.188148347421865,0,0
2024-06-24 23:00:00,28.2,74.6,440.0,0.0,0.9713396925857288,23.12,0,0
2024-06-25 00:00:00,27.102222521132795,84.22962913144535,440.0,0.0,0.5656481700290327,23.948148347421863,0,0
2024-06-25 01:00:00,25.901923788646684,79.13012701892221,400.0,0.0,0.6974712676494093,21.72794919243113,0,1
2024-06-25 02:00:00,26.37867965644036,78.33553390593275,400.0,0.0,0.7446996071484093,22.04578643762691,0,1
2024-06-25 03:00:00,27.0,77.30000000000001,400.0,0.0,0.8093322199090616,22.46,0,1
2024-06-25 04:00:00,27.72354286469244,76.09409522551262,400.0,0.0,0.8891824427976258,22.94236190979496,0,1
2024-06-25 05:00:00,28.5,74.80000000000001,400.0,0.0,0.980627641858674,23.46,0,1
2024-06-25 06:00:00,29.276457135307563,73.5059047744874,400.0,0.0,1.0783414458989875,23.977638090205044,0,1
2024-06-25 07:00:00,30.68949393615312,71.95525303192345,398.2762651596172,34.47469680765576,1.2378340633151372,25.080544542537808,0,1
2024-06-25 08:00:00,31.8356513062937,70.59846609406728,396.67,66.59999999999998,1.3850458919908217,26.0730135623731,0,1
2024-06-25 09:00:00,32.98180867643428,69.52800674853734,395.2906688372976,94.18662325404811,1.5312229636105763,26.887410026141744,0,1
2024-06-25 10:00:00,33.70486915454895,68.8168250307138,394.2322708107956,115.3545837840872,1.6316508352617654,27.46823416069171,0,1
2024-06-25 11:00:00,34.07322640123408,68.51338679938297,393.5669339969148,128.6613200617039,1.681695635008145,27.77590376111068,0,1
2024-06-25 12:00:00,34.06177747886721,68.63837086855467,393.34,133.2,1.6739533605814696,27.78945165257814,0,1
2024-06-25 13:00:00,33.6713026125874,69.18325978046077,393.5669339969148,128.6613200617039,1.6094594909441051,27.50795456867955,0,1
2024-06-25 14:00:00,32.121320343559645,75.86446609406727,440.0,115.35458378408724,1.1554814122976482,27.2942135623731,0,0
2024-06-25 15:00:00,31.5,76.9,440.0,94.18662325404811,1.0676979165988916,26.880000000000003,0,0
2024-06-25 16:00:00,30.776457135307563,78.1059047744874,440.0,66.59999999999998,0.9711634776465957,26.39763809020504,0,0
2024-06-25 17:00:00,30.0,79.4,440.0,34.4746968076558,0.8740714021043565,25.880000000000003,0,0
2024-06-25 18:00:00,29.22354286469244,80.69409522551261,440.0,1.6312295364642742e-14,0.7833788345660623,25.36236190979496,0,0
2024-06-25 19:00:00,28.5,81.9,440.0,0.0,0.7043396951445239,24.880000000000003,0,0
2024-06-25 20:00:00,27.87867965644036,82.93553390593274,440.0,0.0,0.6404824803141269,24.465786437626907,0,0
2024-06-25 21:00:00,27.401923788646684,83.7301270189222,440.0,0.0,0.5938956546626456,24.147949192431124,0,0
2024-06-25 22:00:00,27.102222521132795,84.22962913144535,440.0,0.0,0.5656481700290327,23.948148347421863,0,0
2024-06-25 23:00:00,27.0,84.4,440.0,0.0,0.5561930674264917,23.880000000000003,0,0
2024-06-26 00:00:00,28.2022225211328,77.81506350946111,440.0,0.0,0.8484997628737768,23.468148347421867,0,0
2024-06-26 01:00:00,27.001923788646685,71.2301270189222,400.0,0.0,1.0258596145460104,21.247949192431125,0,1
2024-06-26 02:00:00,27.47867965644036,70.43553390593274,400.0,0.0,1.0840396777941637,21.565786437626908,0,1
2024-06-26 03:00:00,28.1511112605664,69.4,400.0,0.0,1.1668746995223682,21.980000000000004,0,1
2024-06-26 04:00:00,28.82354286469244,68.19409522551261,400.0,0.0,1.261107651086984,22.46236190979496,0,1
2024-06-26 05:00:00,29.6,66.9,400.0,0.0,1.372551626189738,22.980000000000004,0,1
2024-06-26 06:00:00,30.376457135307565,65.6059047744874,400.0,0.0,1.4911728851956507,23.497638090205044,0,1
2024-06-26 07:00:00,31.47476997730845,64.21261501134578,399.0630750567289,18.738498865422503,1.6517519694194758,24.31729297957761,0,1
2024-06-26 08:00:00,32.445320343559644,63.00246609406726,398.19,36.2,1.803904678839504,25.04581356237309,0,1
2024-06-26 09:00:00,33.22196683051144,62.057927671498746,392.2041477374184,51.194530957906046,1.9324333813391568,25.63355236481119,0,1
2024-06-26 10:00:00,33.75178226354707,61.44336847621472,390.4174289071252,62.70023923399336,2.0227521141234504,26.040455958790016,0,1
2024-06-26 11:00:00,33.99866059646657,61.20066970176672,389.3047862884143,69.93302982332855,2.0636834294843633,26.23879453681992,0,1
2024-06-26 12:00:00,33.94577747886721,61.34637086855466,396.38,72.4,2.049887809544249,26.21505165257814,0,1
2024-06-26 13:00:00,33.59673680781989,61.87054268284452,396.5033485088336,69.93302982332855,1.9831064384228916,25.970845344388792,0,1
2024-06-26 14:00:00,33.22132034355964,67.96446609406726,440.0,62.700239233993365,1.6315475181412584,26.81421356237309,0,0
2024-06-26 15:00:00,32.6,69.0,440.0,51.194530957906046,1.5246981943746412,26.4,0,0
2024-06-26 16:00:00,31.876457135307565,70.2059047744874,440.0,36.2,1.4067822677326673,25.917638090205045,0,0
2024-06-26 17:00:00,31.1,71.5,440.0,18.738498865422525,1.2876962292700551,25.4,0,0
2024-06-26 18:00:00,30.32354286469244,72.7940952255126,440.0,8.866442825826838e-15,1.1759602031230079,24.88236190979496,0,0
2024-06-26 19:00:00,29.6,74.0,440.0,0.0,1.0781372290312143,24.4,0,0
2024-06-26 20:00:00,28.97867965644036,75.03553390593274,440.0,0.0,0.9987646027781072,23.985786437626903,0,0
2024-06-26 21:00:00,28.59045108878658,75.8301270189222,440.0,0.0,0.9454875974128389,23.667949192431124,0,0
2024-06-26 22:00:00,28.2022225211328,76.32962913144534,440.0,0.0,0.9053126691468442,23.468148347421867,0,0
2024-06-26 23:00:00,28.1,76.5,440.0,0.0,0.893468865989291,23.4,0,0
2024-06-27 00:00:00,27.5022225211328,78.92962913144534,440.0,0.0,0.7736507364306212,23.28814834742186,0,0
2024-06-27 01:00:00,26.301923788646683,73.8301270189222,400.0,0.0,0.8955076436375207,21.06794919243112,0,1
2024-06-27 02:00:00,26.77867965644036,73.03553390593274,400.0,0.0,0.9489625673740992,21.385786437626905,0,1
2024-06-27 03:00:00,27.4,72.0,400.0,0.0,1.0219629447952956,21.8,0,1
2024-06-27 04:00:00,28.123542864692435,70.7940952255126,400.0,0.0,1.1119289992151666,22.28236190979496,0,1
2024-06-27 05:00:00,28.9,69.5,400.0,0.0,1.2146890855266894,22.8,0,1
2024-06-27 06:00:00,29.67645713530756,68.2059047744874,400.0,0.0,1.3242100838321722,23.31763809020504,0,1
2024-06-27 07:00:00,31.071376602995937,66.66431169850203,398.3215584925102,33.56883014979694,1.503733012808854,24.404238942696345,0,1
2024-06-27 08:00:00,32.31832034355964,65.31596609406726,396.7575,64.84999999999998,1.679045459948451,25.38151356237309,0,1
2024-06-27 09:00:00,33.33231120175122,64.25275548587885,395.4144125240052,91.7117495198952,1.8319287175039976,26.182862298926988,0,1
2024-06-27 10:00:00,34.044247376284034,63.54713591984624,394.3838252564579,112.32349487084169,1.9438048650797424,26.75367456025328,0,1
2024-06-27 11:00:00,34.40561159339384,63.247194203303074,393.7359710165154,125.28057966969214,1.9995634970828247,27.055050434054458,0,1
2024-06-27 12:00:00,34.391777478867205,63.582130693841975,393.515,129.7,1.9798199267047345,27.06645165257813,0,1
2024-06-27 13:00:00,34.00368780474716,63.91706718438088,393.7359710165154,125.28057966969214,1.9197392274893754,26.787101241623333,0,1
2024-06-27 14:00:00,32.52132034355964,70.56446609406726,440.0,112.32349487084169,1.4413558173311136,26.634213562373088,0,0
2024-06-27 15:00:00,31.9,71.6,440.0,91.7117495198952,1.3427441901062191,26.22,0,0
2024-06-27 16:00:00,31.17645713530756,72.80590477448739,440.0,64.84999999999998,1.234046771324128,25.73763809020504,0,0
2024-06-27 17:00:00,30.4,74.1,440.0,33.56883014979697,1.1244201751545218,25.22,0,0
2024-06-27 18:00:00,29.623542864692435,75.3940952255126,440.0,1.5883668984941172e-14,1.0217113021700468,24.70236190979496,0,0
2024-06-27 19:00:00,28.9,76.6,440.0,0.0,0.931925396764739,24.22,0,0
2024-06-27 20:00:00,28.27867965644036,77.63553390593273,440.0,0.0,0.8591756368729215,23.805786437626903,0,0
2024-06-27 21:00:00,27.801923788646683,78.43012701892219,440.0,0.0,0.8059699717180631,23.48794919243112,0,0
2024-06-27 22:00:00,27.5022225211328,78.92962913144534,440.0,0.0,0.7736507364306212,23.28814834742186,0,0
2024-06-27 23:00:00,27.4,79.1,440.0,0.0,0.7628223409364887,23.22,0,0
2024-06-28 00:00:00,29.4022225211328,72.62962913144534,440.0,0.0,1.1221121539548897,23.928148347421864,0,0
2024-06-28 01:00:00,28.201923788646685,67.5301270189222,400.0,0.0,1.2418426825399185,21.707949192431123,0,1
2024-06-28 02:00:00,28.67867965644036,66.73553390593274,400.0,0.0,1.3079237919675537,22.025786437626905,0,1
2024-06-28 03:00:00,29.3,65.7,400.0,0.0,1.3979476775760173,22.44,0,1
2024-06-28 04:00:00,30.02354286469244,64.49409522551261,400.0,0.0,1.5085742124882684,22.92236190979496,0,1
2024-06-28 05:00:00,30.8,63.2,400.0,0.0,1.6345423244470125,23.44,0,1
2024-06-28 06:00:00,31.576457135307564,61.90590477448739,400.0,0.0,1.7683853372885956,23.95763809020504,0,1
2024-06-28 07:00:00,33.52783754996636,60.08608122501682,397.124520408911,61.39187749831792,2.067941864908889,25.54505379496972,0,1
2024-06-28 08:00:00,35.29332034355964,58.47846609406726,394.07,118.59999999999998,2.3727395228113553,26.989013562373096,0,1
2024-06-28 09:00:00,36.752590781302295,57.19261569610332,391.6137135751275,167.72572849744907,2.650097626847212,28.19111392052296,0,1
2024-06-28 10:00:00,37.80620199442059,56.31615861077796,389.7289387111165,205.42122577766884,2.8637596301855437,29.06943371657618,0,1
2024-06-28 11:00:00,38.38235211991534,55.908823940042325,388.5441197002117,229.11760599576692,2.9818663330608786,29.564116907923804,0,1
2024-06-28 12:00:00,38.44177747886721,55.99837086855465,388.14,237.2,2.985359173168415,29.64145165257814,0,1
2024-06-28 13:00:00,37.980428331268655,56.57869692112013,388.5441197002117,229.11760599576692,2.8735132430410366,29.296167715492683,0,1
2024-06-28 14:00:00,34.42132034355964,64.26446609406726,440.0,205.42122577766884,1.9459141396393909,27.27421356237309,0,0
2024-06-28 15:00:00,33.8,65.3,440.0,167.72572849744907,1.82532808806844,26.86,0,0
2024-06-28 16:00:00,33.076457135307564,66.50590477448739,440.0,118.59999999999998,1.6920414080803303,26.377638090205043,0,0
2024-06-28 17:00:00,32.3,67.8,440.0,61.39187749831798,1.5571847632904505,25.86,0,0
2024-06-28 18:00:00,31.52354286469244,69.0940952255126,440.0,30.69593874915899,1.4304008390378475,25.34236190979496,0,0
2024-06-28 19:00:00,30.8,70.3,440.0,0.0,1.3191822564151163,24.86,0,0
2024-06-28 20:00:00,30.17867965644036,71.33553390593273,440.0,0.0,1.228772583815956,24.445786437626907,0,0
2024-06-28 21:00:00,29.701923788646685,72.1301270189222,440.0,0.0,1.162468693316288,24.127949192431124,0,0
2024-06-28 22:00:00,29.4022225211328,72.62962913144534,440.0,0.0,1.1221121539548897,23.928148347421864,0,0
2024-06-28 23:00:00,29.3,72.8,440.0,0.0,1.1085765839669877,23.86,0,0
2024-06-29 00:00:00,29.802222521132794,71.92962913144534,440.0,0.0,1.177599263479888,24.188148347421865,0,0
2024-06-29 01:00:00,28.601923788646683,66.8301270189222,400.0,0.0,1.2984166891458846,21.96794919243112,0,1
2024-06-29 02:00:00,29.07867965644036,66.03553390593274,400.0,0.0,1.3667052747954562,22.285786437626903,0,1
2024-06-29 03:00:00,29.7,65.0,400.0,0.0,1.4597090188273607,22.7,0,1
2024-06-29 04:00:00,30.42354286469244,63.794095225512606,400.0,0.0,1.5739572194903413,23.18236190979496,0,1
2024-06-29 05:00:00,31.2,62.5,400.0,0.0,1.703999844992027,23.7,0,1
2024-06-29 06:00:00,31.97645713530756,61.205904774487394,400.0,0.0,1.8421195250712663,24.83032790244268,0,1
2024-06-29 07:00:00,34.10072867209484,59.29963566395258,396.49817831976287,70.03643360474211,2.1771299476382886,25.96065580488536,0,1
2024-06-29 08:00:00,36.02732034355964,57.61146609406726,393.235,135.29999999999998,2.5220791717831097,27.54961356237309,0,1
2024-06-29 09:00:00,37.62493811113492,56.25644203118701,390.432845250546,191.3430949890798,2.8396468552861642,28.87622651737232,0,1
2024-06-29 10:00:00,38.78470696414858,55.326906125913965,388.2826762867966,234.34647426406912,3.0873884679427697,29.850088189331377,0,1
2024-06-29 11:00:00,39.42759057187644,54.88620471406178,386.9310235703089,261.379528593822,3.2272392752503687,30.4048315146888,0,1
2024-06-29 12:00:00,39.5097774788672,54.96437086855465,386.47,270.6,3.2358444685131853,30.50265165257813,0,1
2024-06-29 13:00:00,39.02566678322976,55.55607769513959,386.9310235703089,261.379528593822,3.1115670803899476,30.13688232225768,0,1
2024-06-29 14:00:00,34.82132034355964,63.564466094067264,440.0,234.3464742640692,2.028508364505279,27.534213562373093,0,0
2024-06-29 15:00:00,34.2,64.6,440.0,191.3430949890798,1.9040885494010713,27.12,0,0
2024-06-29 16:00:00,33.47645713530756,65.8059047744874,440.0,135.29999999999998,1.7665180089342394,26.637638090205044,0,0
2024-06-29 17:00:00,32.7,67.1,440.0,70.0364336047422,1.6272730771138237,26.12,0,0
2024-06-29 18:00:00,31.92354286469244,68.39409522551261,440.0,3.3138942384927385e-14,1.4963091301044416,25.60236190979496,0,0
2024-06-29 19:00:00,31.2,69.6,440.0,0.0,1.3813758743402036,25.12,0,0
2024-06-29 20:00:00,30.57867965644036,70.63553390593273,440.0,0.0,1.2879104328517252,24.705786437626905,0,0
2024-06-29 21:00:00,30.190451088786578,71.43012701892219,440.0,0.0,1.2255436643825508,24.38794919243112,0,0
2024-06-29 22:00:00,29.802222521132794,71.92962913144534,440.0,0.0,1.177599263479888,24.188148347421865,0,0
2024-06-29 23:00:00,29.7,72.1,440.0,0.0,1.163596617865239,24.12,0,0
2024-06-30 00:00:00,29.5022225211328,76.52962913144535,440.0,0.0,0.9677803355425137,24.808148347421863,0,0
2024-06-30 01:00:00,28.301923788646683,71.4301270189222,400.0,0.0,1.0990519520360502,22.587949192431125,0,1
2024-06-30 02:00:00,28.77867965644036,70.63553390593275,400.0,0.0,1.1612851508508804,22.905786437626908,0,1
2024-06-30 03:00:00,29.4,69.60000000000001,400.0,0.0,1.246159278858964,23.32,0,1
2024-06-30 04:00:00,30.123542864692435,68.39409522551261,400.0,0.0,1.3505913645807537,23.80236190979496,0,1
2024-06-30 05:00:00,30.9,67.10000000000001,400.0,0.0,1.4696688805443938,24.32,0,1
2024-06-30 06:00:00,31.67645713530756,65.8059047744874,400.0,0.0,1.5963618292069286,24.83763809020504,0,1
2024-06-30 07:00:00,33.51343953203104,64.04328023398449,397.2164011699224,55.67197660155221,1.8614210855014246,26.32209557882794,0,1
2024-06-30 08:00:00,35.17232034355965,62.48896609406727,394.6225,107.54999999999998,2.1292968733753312,27.6701135623731,0,1
2024-06-30 09:00:00,36.54004958401784,61.248886294745546,392.3950665683387,152.09866863322637,2.371301189712882,28.78982684296696,0,1
2024-06-30 10:00:00,37.52341876594786,60.40755022501433,390.6858967822984,186.2820643540328,2.55606083926897,29.604928810950724,0,1
2024-06-30 11:00:00,38.05541290469557,60.02229354765222,389.611467738261,207.77064523477856,2.656371993231043,30.05987161422601,0,1
2024-06-30 12:00:00,38.0997774788672,60.11937086855466,389.245,215.1,2.656282525219666,30.123651652578136,0,1
2024-06-30 13:00:00,37.65348911604889,60.69216652873003,389.611467738261,207.77064523477856,2.555651161874061,29.791922421794894,0,1
2024-06-30 14:00:00,34.521320343559644,68.16446609406727,440.0,186.2820643540328,1.7431921424235641,28.15421356237309,0,0
2024-06-30 15:00:00,33.9,69.2,440.0,152.09866863322637,1.629232098100442,27.74,0,0
2024-06-30 16:00:00,33.17645713530756,70.4059047744874,440.0,107.54999999999998,1.503424258948934,27.25763809020504,0,0
2024-06-30 17:00:00,32.4,71.7,440.0,55.67197660155227,1.3763170690489626,26.74,0,0
2024-06-30 18:00:00,31.623542864692435,72.99409522551261,440.0,2.6342152649659572e-14,1.2570048997162964,26.222361909794955,0,0
2024-06-30 19:00:00,30.9,74.2,440.0,0.0,1.152506295381318,25.74,0,0
2024-06-30 20:00:00,30.27867965644036,75.23553390593274,440.0,0.0,1.0676855972578607,25.325786437626903,0,0
2024-06-30 21:00:00,29.801923788646683,76.0301270189222,440.0,0.0,1.0055592257778945,25.007949192431123,0,0
2024-06-30 22:00:00,29.5022225211328,76.52962913144535,440.0,0.0,0.9677803355425137,24.808148347421863,0,0
2024-06-30 23:00:00,29.4,76.7,440.0,0.0,0.9551154999149298,24.74,0,0
2024-07-01 00:00:00,29.0022225211328,75.92962913144534,440.0,0.0,0.9643052986270535,24.188148347421865,0,0
2024-07-01 01:00:00,27.801923788646683,70.8301270189222,400.0,0.0,1.089948082782081,21.96794919243112,0,1
2024-07-01 02:00:00,28.27867965644036,70.03553390593274,400.0,0.0,1.1511448174815466,22.285786437626903,0,1
2024-07-01 03:00:00,28.9,69.0,400.0,0.0,1.2346020213549957,22.7,0,1
2024-07-01 04:00:00,29.623542864692435,67.7940952255126,400.0,0.0,1.3372862004580173,23.18236190979496,0,1
2024-07-01 05:00:00,30.4,66.5,400.0,0.0,1.4543658636168524,23.7,0,1
2024-07-01 06:00:00,31.17645713530756,65.2059047744874,400.0,0.0,1.5789288269427508,24.217638090205043,0,1
2024-07-01 07:00:00,32.82036052438456,63.53981973780771,397.6990986890386,46.01802621922819,1.8156016920687672,25.528324471946103,0,1
2024-07-01 08:00:00,34.29932034355964,62.07546609406725,395.555,88.89999999999999,2.051168722490259,26.714413562373093,0,1
2024-07-01 09:00:00,35.51254792525268,60.91263712412812,393.7138207152516,125.72358569496816,2.26078775314675,27.69507535007829,0,1
2024-07-01 10:00:00,36.37736381472467,60.13057770062591,392.3010341603563,153.9793167928732,2.418125904071393,28.40347935484985,0,1
2024-07-01 11:00:00,36.83483223828392,59.78258388085803,391.41291940429016,171.74161191419637,2.5009539585015905,28.791349014455527,0,1
2024-07-01 12:00:00,36.8537774788672,59.89237086855465,391.11,177.8,2.496704712775768,28.83225165257813,0,1
2024-07-01 13:00:00,36.43290844963724,60.45245686193584,391.41291940429016,171.74161191419637,2.4059029256354343,28.523399822024405,0,1
2024-07-01 14:00:00,34.021320343559644,67.56446609406726,440.0,153.97931679287322,1.7273796313507375,27.534213562373097,0,0
2024-07-01 15:00:00,33.4,68.6,440.0,125.72358569496816,1.6152513317924255,27.12,0,0
2024-07-01 16:00:00,32.67645713530756,69.80590477448739,440.0,88.89999999999999,1.4914603955049288,26.63763809020504,0,0
2024-07-01 17:00:00,31.9,71.1,440.0,46.01802621922824,1.3663840526080893,26.12,0,0
2024-07-01 18:00:00,31.123542864692435,72.3940952255126,440.0,2.1774220088839943e-14,1.2489704341475985,25.60236190979496,0,0
2024-07-01 19:00:00,30.4,73.6,440.0,0.0,1.1461271283428331,25.12,0,0
2024-07-01 20:00:00,29.77867965644036,74.63553390593273,440.0,0.0,1.0626438248619565,24.705786437626905,0,0
2024-07-01 21:00:00,29.301923788646683,75.43012701892219,440.0,0.0,1.0014929160620072,24.38794919243112,0,0
2024-07-01 22:00:00,29.0022225211328,75.92962913144534,440.0,0.0,0.9643052986270535,24.188148347421865,0,0
2024-07-01 23:00:00,28.9,76.1,440.0,0.0,0.9518383325930454,24.12,0,0
2024-07-02 00:00:00,29.102222521132795,74.62962913144534,440.0,0.0,1.0222741108535944,24.028148347421865,0,0
2024-07-02 01:00:00,27.901923788646684,69.5301270189222,400.0,0.0,1.1451792172628132,21.807949192431124,0,1
2024-07-02 02:00:00,28.37867965644036,68.73553390593274,400.0,0.0,1.208083343312157,22.125786437626907,0,1
2024-07-02 03:00:00,29.0,67.7,400.0,0.0,1.2938338648277523,22.54,0,1
2024-07-02 04:00:00,29.72354286469244,66.49409522551261,400.0,0.0,1.3992886778264277,23.02236190979496,0,1
2024-07-02 05:00:00,30.5,65.2,400.0,0.0,1.5194652035345109,23.54,0,1
2024-07-02 06:00:00,31.276457135307563,63.90590477448739,400.0,0.0,1.6472574445045247,24.05763809020504,0,1
2024-07-02 07:00:00,32.905349019768614,62.247325490115685,397.73662745057845,45.26745098843088,1.888956414750426,25.35481411779175,0,1
2024-07-02 08:00:00,34.37032034355965,60.78996609406726,395.6275,87.44999999999999,2.129075070051699,26.5283135623731,0,1
2024-07-02 09:00:00,35.57153573194386,59.633143220782536,393.8163511985237,123.67297602952718,2.3423870766054806,27.49816437610037,0,1
2024-07-02 10:00:00,36.42713434130517,58.85569243733567,392.42660784390506,151.4678431218983,2.502252856504566,28.198272828772303,0,1
2024-07-02 11:00:00,36.87880854035916,58.510595729820416,389.3047862884143,168.94042701795806,2.5862474579118184,28.580927686323243,0,1
2024-07-02 12:00:00,36.8957774788672,58.62137086855465,391.255,174.9,2.581729316560579,28.62005165257813,0,1
2024-07-02 13:00:00,36.47688475171248,59.18046871089823,391.5529786491021,168.94042701795806,2.489264303546779,28.31297849389212,0,1
2024-07-02 14:00:00,34.121320343559645,66.26446609406726,440.0,151.46784312189834,1.8066380935540656,27.374213562373097,0,0
2024-07-02 15:00:00,33.5,67.3,440.0,123.67297602952718,1.691555103209732,26.96,0,0
2024-07-02 16:00:00,32.77645713530757,68.50590477448739,440.0,87.44999999999999,1.5644432277929594,26.477638090205044,0,0
2024-07-02 17:00:00,32.0,69.8,440.0,45.26745098843093,1.4359421696710677,25.96,0,0
2024-07-02 18:00:00,31.22354286469244,71.0940952255126,440.0,2.1419072517087208e-14,1.3152430815038803,25.44236190979496,0,0
2024-07-02 19:00:00,30.5,72.3,440.0,0.0,1.2094593717789068,24.96,0,0
2024-07-02 20:00:00,29.87867965644036,73.33553390593273,440.0,0.0,1.1235414570721842,24.545786437626905,0,0
2024-07-02 21:00:00,29.401923788646684,74.1301270189222,440.0,0.0,1.060577491075012,24.22794919243112,0,0
2024-07-02 22:00:00,29.102222521132795,74.62962913144534,440.0,0.0,1.0222741108535944,24.028148347421865,0,0
2024-07-02 23:00:00,29.0,74.8,440.0,0.0,1.0094307552216522,23.96,0,0
2024-07-03 00:00:00,30.4022225211328,71.82962913144534,440.0,0.0,1.2231412913093507,24.768148347421864,0,0
2024-07-03 01:00:00,29.201923788646685,66.7301270189222,400.0,0.0,1.3483141606972948,22.54794919243113,0,1
2024-07-03 02:00:00,29.67867965644036,65.93553390593274,400.0,0.0,1.4189513438984491,22.86578643762691,0,1
2024-07-03 03:00:00,30.3,64.9,400.0,0.0,1.5151355093875842,23.28,0,1
2024-07-03 04:00:00,31.02354286469244,63.694095225512605,400.0,0.0,1.6332637000743162,23.76236190979496,0,1
2024-07-03 05:00:00,31.8,62.4,400.0,0.0,1.767689154026592,24.28,0,1
2024-07-03 06:00:00,32.576457135307564,61.10590477448739,400.0,0.0,1.910427685297089,24.79763809020504,0,1
2024-07-03 07:00:00,34.592542311241985,59.253728844379005,396.76864422189504,64.62711556209942,2.2399388604882176,26.443288080117785,0,1
2024-07-03 08:00:00,36.41832034355964,57.61596609406726,394.46624999999995,124.84999999999998,2.5764062791085087,27.941513562373096,0,1
2024-07-03 09:00:00,37.92936747659893,56.304227348455,391.171771836886,176.56456326228093,2.8837014473888476,29.19021294628993,0,1
2024-07-03 10:00:00,39.022708345366695,55.40790543530491,389.18767283375126,216.2465433249743,3.121445096589703,30.10428943242768,0,1
2024-07-03 11:00:00,39.623833576487606,54.9880832117562,387.940416058781,241.19167882438035,3.253921821691845,30.621450218838845,0,1
2024-07-03 12:00:00,39.69177747886721,55.073370868554655,387.515,249.7,3.259567319766658,30.70645165257814,0,1
2024-07-03 13:00:00,39.22190978784092,55.65795619283401,387.940416058781,241.19167882438035,3.13728204724566,30.353501026407724,0,1
2024-07-03 14:00:00,35.42132034355964,63.46446609406726,440.0,216.2465433249744,2.1025995447671204,28.11421356237309,0,0
2024-07-03 15:00:00,34.7488887394336,64.5,440.0,176.56456326228093,1.9685146011112504,27.7,0,0
2024-07-03 16:00:00,34.076457135307564,65.7059047744874,440.0,124.84999999999998,1.8319721902756767,27.217638090205043,0,0
2024-07-03 17:00:00,33.3,67.0,440.0,64.62711556209949,1.6880863874773753,26.7,0,0
2024-07-03 18:00:00,32.52354286469244,68.2940952255126,440.0,3.0579430574709406e-14,1.5527222335225057,26.18236190979496,0,0
2024-07-03 19:00:00,31.8,69.5,440.0,0.0,1.4338967871758261,25.700000000000003,0,0
2024-07-03 20:00:00,31.17867965644036,70.53553390593274,440.0,0.0,1.3372433929810124,25.285786437626907,0,0
2024-07-03 21:00:00,30.701923788646685,71.3301270189222,440.0,0.0,1.2663235880053638,24.967949192431124,0,0
2024-07-03 22:00:00,30.4022225211328,71.82962913144534,440.0,0.0,1.2231412913093507,24.768148347421864,0,0
2024-07-03 23:00:00,30.3,72.0,440.0,0.0,1.2086551072037712,24.700000000000003,0,0
2024-07-04 00:00:00,30.2022225211328,69.52962913144535,440.0,0.0,1.3079496253338145,24.108148347421867,0,0
2024-07-04 01:00:00,29.001923788646685,64.4301270189222,400.0,0.0,1.4249728450445902,21.88794919243113,0,1
2024-07-04 02:00:00,29.47867965644036,63.63553390593274,400.0,0.0,1.497425960196636,22.205786437626905,0,1
2024-07-04 03:00:00,30.1,62.6,400.0,0.0,1.5960312010982427,22.62,0,1
2024-07-04 04:00:00,30.82354286469244,61.39409522551261,400.0,0.0,1.7170581275805175,23.10236190979496,0,1
2024-07-04 05:00:00,31.6,60.1,400.0,0.0,1.8546915221614462,23.62,0,1
2024-07-04 06:00:00,32.37645713530756,58.8059047744874,400.0,0.0,2.000741190766485,24.13763809020504,0,1
2024-07-04 07:00:00,34.19532219887387,57.052338900563065,397.2616945028153,54.76610994369339,2.309460014278133,25.60578997898648,0,1
2024-07-04 08:00:00,35.83732034355965,55.506466094067264,394.71,105.79999999999998,2.619856950056998,26.9386135623731,0,1
2024-07-04 09:00:00,37.19055210933479,54.27363503208708,392.51881025504633,149.62379489907346,2.8991586730370105,28.045279115752205,0,1
2024-07-04 10:00:00,38.16279698768295,53.437861114146784,390.8374512279606,183.2509754407872,3.1118860911535946,28.85036921051231,0,1
2024-07-04 11:00:00,38.68779809685534,53.29611599135072,389.7805047578617,204.38990484276684,3.2109579230533867,29.299018287169805,0,1
2024-07-04 12:00:00,38.729777478867206,53.15437086855466,389.42,211.6,3.227984610498973,29.36065165257813,0,1
2024-07-04 13:00:00,38.285874308208655,53.72597393265014,389.7805047578617,204.38990484276684,3.113247388391665,29.031069094738683,0,1
2024-07-04 14:00:00,35.22132034355965,61.16446609406727,440.0,183.2509754407872,2.210451280189675,27.4542135623731,0,0
2024-07-04 15:00:00,34.6,62.2,440.0,149.62379489907346,2.078833169486364,27.040000000000003,0,0
2024-07-04 16:00:00,33.87645713530756,63.4059047744874,440.0,105.79999999999998,1.9331853484252102,26.55763809020504,0,0
2024-07-04 17:00:00,33.1,64.7,440.0,54.76610994369344,1.7856263179237177,26.040000000000003,0,0
2024-07-04 18:00:00,32.32354286469244,65.99409522551261,440.0,2.5913526269958e-14,1.6467021432117372,25.522361909794963,0,0
2024-07-04 19:00:00,31.6,67.2,440.0,0.0,1.5246586949096597,25.040000000000003,0,0
2024-07-04 20:00:00,30.97867965644036,68.23553390593274,440.0,0.0,1.4253167216356553,24.625786437626907,0,0
2024-07-04 21:00:00,30.501923788646685,69.0301270189222,440.0,0.0,1.3523798208763556,24.307949192431124,0,0
2024-07-04 22:00:00,30.2022225211328,69.52962913144535,440.0,0.0,1.3079496253338145,24.108148347421867,0,0
2024-07-04 23:00:00,30.1,69.7,440.0,0.0,1.2930413206758486,24.040000000000003,0,0
2024-07-05 00:00:00,29.5022225211328,73.72962913144534,440.0,0.0,1.083235900974144,24.24814834742186,0,0
2024-07-05 01:00:00,28.301923788646683,68.6301270189222,400.0,0.0,1.2067649078387983,22.027949192431123,0,1
2024-07-05 02:00:00,28.77867965644036,67.83553390593275,400.0,0.0,1.272017571864978,22.345786437626906,0,1
2024-07-05 03:00:00,29.4,66.8,400.0,0.0,1.360937107174922,22.76,0,1
2024-07-05 04:00:00,30.123542864692435,65.5940952255126,400.0,0.0,1.4702416592902003,23.24236190979496,0,1
2024-07-05 05:00:00,30.9,64.3,400.0,0.0,1.5947470831439168,23.76,0,1
2024-07-05 06:00:00,31.67645713530756,63.00590477448739,400.0,0.0,1.7270806884807497,24.27763809020504,0,1
2024-07-05 07:00:00,33.465816827732176,61.26709158613391,397.3354579306696,53.290841386609024,1.9998101196739715,25.71923514495896,0,1
2024-07-05 08:00:00,35.08032034355964,59.73496609406726,394.8525,102.95,2.274044469869273,27.02731356237309,0,1
2024-07-05 09:00:00,36.40994193627952,58.51394011861471,392.7203356876845,145.59328624631016,2.5206654573461464,28.11272996000245,0,1
2024-07-05 10:00:00,37.36407009165152,57.68722456216249,391.0842684680392,178.31463063921592,2.7081523966723493,28.90151500408402,0,1
2024-07-05 11:00:00,37.87768255265839,57.31115872367081,390.055793618354,198.8841276329192,2.809381041167641,29.339914297392543,0,1
2024-07-05 12:00:00,37.915777478867206,57.411370868554656,389.705,205.9,2.8085697475121827,29.398051652578136,0,1
2024-07-05 13:00:00,37.4757587640117,57.98103170474862,390.055793618354,198.8841276329192,2.7057078126846883,29.071965104961425,0,1
2024-07-05 14:00:00,34.521320343559644,65.36446609406727,440.0,178.31463063921595,1.896509439165253,27.5942135623731,0,0
2024-07-05 15:00:00,33.848888739433605,66.4,440.0,145.59328624631016,1.772288628312906,27.18,0,0
2024-07-05 16:00:00,33.17645713530756,67.60590477448739,440.0,102.95,1.6456684428977648,26.69763809020504,0,0
2024-07-05 17:00:00,32.4,68.9,440.0,53.29084138660908,1.512489782594443,26.18,0,0
2024-07-05 18:00:00,31.623542864692435,70.1940952255126,440.0,2.5215477594444004e-14,1.387332461358691,25.66236190979496,0,0
2024-07-05 19:00:00,30.9,71.39999999999999,440.0,0.0,1.277584497980841,25.18,0,0
2024-07-05 20:00:00,30.27867965644036,72.43553390593273,440.0,0.0,1.1884037125189126,24.7657864376269,0,0
2024-07-05 21:00:00,29.801923788646683,73.23012701892219,440.0,0.0,1.1230219188176436,24.44794919243112,0,0
2024-07-05 22:00:00,29.5022225211328,73.72962913144534,440.0,0.0,1.083235900974144,24.24814834742186,0,0
2024-07-05 23:00:00,29.4,73.9,440.0,0.0,1.0698933282308867,24.18,0,0
2024-07-06 00:00:00,28.5022225211328,73.72962913144534,440.0,0.0,1.0224116361927502,23.24814834742186,0,0
2024-07-06 01:00:00,27.301923788646683,68.6301270189222,400.0,0.0,1.1384071916801932,21.027949192431123,0,1
2024-07-06 02:00:00,27.77867965644036,67.83553390593275,400.0,0.0,1.2002146194549315,21.345786437626906,0,1
2024-07-06 03:00:00,28.4,66.8,400.0,0.0,1.2844627538875513,21.76,0,1
2024-07-06 04:00:00,29.123542864692435,65.5940952255126,400.0,0.0,1.388059764214611,22.24236190979496,0,1
2024-07-06 05:00:00,29.9,64.3,400.0,0.0,1.5061074575613327,22.76,0,1
2024-07-06 06:00:00,30.67645713530756,63.00590477448739,400.0,0.0,1.6316245011294477,23.27763809020504,0,1
2024-07-06 07:00:00,32.2111388873513,61.394430556324345,397.9721527816217,40.556944367565,1.857623010520078,24.490024998616164,0,1
2024-07-06 08:00:00,33.588320343559644,59.98096609406726,396.0825,78.34999999999998,2.0804049050632973,25.584513562373097,0,1
2024-07-06 09:00:00,34.71414886359195,58.86183665495849,394.4598183694034,110.803632611932,2.276772575378841,26.48651619458365,0,1
2024-07-06 10:00:00,35.511901094327634,58.113309060824434,393.21469096134894,135.70618077302152,2.4226127883819157,27.13456290649252,0,1
2024-07-06 11:00:00,35.92721153958994,57.78639423020503,392.4319711510252,151.36057697949698,2.497910874986033,27.484490385630945,0,1
2024-07-06 12:00:00,35.931777478867204,57.90337086855465,392.165,156.7,2.4916134428337147,27.512451652578136,0,1
2024-07-06 13:00:00,35.52528775094326,58.45626721128284,392.4319711510252,151.36057697949698,2.404548707844615,27.216541193199824,0,1
2024-07-06 14:00:00,33.521320343559644,65.36446609406727,440.0,135.70618077302154,1.7938151862882101,26.5942135623731,0,1
2024-07-06 15:00:00,32.9,66.4,440.0,110.803632611932,1.6806724976534468,26.18,0,0
2024-07-06 16:00:00,32.17645713530756,67.60590477448739,440.0,78.34999999999998,1.5556917697375487,25.69763809020504,0,0
2024-07-06 17:00:00,31.4,68.9,440.0,40.55694436756504,1.429330285477386,25.18,0,0
2024-07-06 18:00:00,30.623542864692435,70.1940952255126,440.0,1.9190215342639024e-14,1.3106248621097345,24.66236190979496,0,0
2024-07-06 19:00:00,29.9,71.39999999999999,440.0,0.0,1.2065734814076785,24.18,0,0
2024-07-06 20:00:00,29.27867965644036,72.43553390593273,440.0,0.0,1.1220506285806422,23.7657864376269,0,0
2024-07-06 21:00:00,28.801923788646683,73.23012701892219,440.0,0.0,1.060101297485536,23.44794919243112,0,0
2024-07-06 22:00:00,28.5022225211328,73.72962913144534,440.0,0.0,1.0224116361927502,23.24814834742186,0,0
2024-07-06 23:00:00,28.4,73.9,440.0,0.0,1.009773430014008,23.18,0,0
2024-07-07 00:00:00,29.802222521132794,69.22962913144534,440.0,0.0,1.2908688040315413,23.64814834742186,0,0
2024-07-07 01:00:00,28.601923788646683,64.1301270189222,400.0,0.0,1.4041067248808354,21.42794919243112,0,1
2024-07-07 02:00:00,29.07867965644036,63.335533905932735,400.0,0.0,1.4753513000775171,21.745786437626904,0,1
2024-07-07 03:00:00,29.7,62.3,400.0,0.0,1.5723151431369,22.16,0,1
2024-07-07 04:00:00,30.42354286469244,61.0940952255126,400.0,0.0,1.69133267299975,22.64236190979496,0,1
2024-07-07 05:00:00,31.2,59.8,400.0,0.0,1.8266878338314532,23.16,0,1
2024-07-07 06:00:00,31.97645713530756,58.50590477448739,400.0,0.0,1.9703277662682797,23.67763809020504,0,1
2024-07-07 07:00:00,33.909202578718975,56.69539871064051,396.9769935532025,60.460128935948845,2.2918646706544314,25.24828232084708,0,1
2024-07-07 08:00:00,35.65732034355964,55.09646609406726,394.16,116.79999999999998,2.617966843621181,26.67661356237309,0,1
2024-07-07 09:00:00,37.10167909305687,53.81807154022603,391.74099279574114,165.18014408517752,2.913917949012265,27.865293401102072,0,1
2024-07-07 10:00:00,38.143848165348096,53.18083440500738,389.88482328379774,202.30353432404485,3.125863076529038,28.733315270410937,0,1
2024-07-07 11:00:00,38.71280546042253,52.543597269788734,388.71798634894367,225.64027302112635,3.2670871035008933,29.221524914380275,0,1
2024-07-07 12:00:00,38.7697774788672,52.634370868554655,388.32,233.6,3.2708447602737745,29.296651652578127,0,1
2024-07-07 13:00:00,38.310881671775846,53.21347025086654,388.71798634894367,225.64027302112635,3.151977929148792,28.95357572194916,0,1
2024-07-07 14:00:00,34.82132034355964,60.86446609406726,440.0,202.30353432404488,2.1788279014250453,26.99421356237309,0,0
2024-07-07 15:00:00,34.2,61.9,440.0,165.18014408517752,2.049315642152,26.579999999999995,0,0
2024-07-07 16:00:00,33.47645713530756,63.10590477448739,440.0,116.79999999999998,1.9060040398605327,26.09763809020504,0,0
2024-07-07 17:00:00,32.7,64.4,440.0,58.400000000000006,1.760818284050216,25.580000000000005,0,0
2024-07-07 18:00:00,31.92354286469244,65.6940952255126,440.0,2.860774922808217e-14,1.624134442498067,25.062361909794955,0,0
2024-07-07 19:00:00,31.2,66.9,440.0,0.0,1.504063863179629,24.58,0,0
2024-07-07 20:00:00,30.57867965644036,67.93553390593274,440.0,0.0,1.4063310490332062,24.165786437626902,0,0
2024-07-07 21:00:00,30.101923788646683,68.73012701892219,440.0,0.0,1.3345774358909743,23.847949192431123,0,0
2024-07-07 22:00:00,29.802222521132794,69.22962913144534,440.0,0.0,1.2908688040315413,23.64814834742186,0,0
2024-07-07 23:00:00,29.7,69.4,440.0,0.0,1.2762027421747781,23.58,0,0
2024-07-08 00:00:00,29.102222521132795,70.62962913144534,440.0,0.0,1.1834501718816426,23.228148347421865,0,0
2024-07-08 01:00:00,27.901923788646684,65.5301270189222,400.0,0.0,1.2955151530868958,21.007949192431123,0,1
2024-07-08 02:00:00,28.37867965644036,64.73553390593274,400.0,0.0,1.36264646166861,21.325786437626903,0,1
2024-07-08 03:00:00,29.0,63.7,400.0,0.0,1.4540609688311892,21.74,0,1
2024-07-08 04:00:00,29.72354286469244,62.4940952255126,400.0,0.0,1.566338478420608,22.222361909794955,0,1
2024-07-08 05:00:00,30.5,61.2,400.0,0.0,1.69411637635457,22.74,0,1
2024-07-08 06:00:00,31.276457135307563,59.90590477448739,400.0,0.0,1.8298089044275523,23.25763809020504,0,1
2024-07-08 07:00:00,32.597354356096616,58.40132282195169,398.50661410975846,29.867717804830896,2.045677046361904,24.277618920486955,0,1
2024-07-08 08:00:00,33.77532034355964,57.08746609406726,397.115,57.7,2.254228347029777,25.192813562373093,0,1
2024-07-08 09:00:00,34.73007866233187,56.05387175558853,395.9199938725536,81.6001225489276,2.4343248280617953,25.940853013449576,0,1
2024-07-08 10:00:00,35.39656411080169,55.37097755258741,395.0030334201638,99.93933159672422,2.5648739130145546,26.47075962131917,0,1
2024-07-08 11:00:00,35.72935680707517,55.085321596462414,394.4266079823121,111.46784035375848,2.6290103041547974,26.74642112636765,0,1
2024-07-08 12:00:00,35.705777478867205,55.21637086855465,394.23,115.4,2.617943427523127,26.74905165257813,0,1
2024-07-08 13:00:00,35.327433018428486,55.75519457754022,394.4266079823121,111.46784035375848,2.5331209897400226,26.47847193393653,0,1
2024-07-08 14:00:00,34.121320343559645,62.26446609406726,440.0,99.93933159672424,2.0208499804732587,26.574213562373096,0,0
2024-07-08 15:00:00,33.5,63.3,440.0,81.6001225489276,1.8984731586482309,26.16,0,0
2024-07-08 16:00:00,32.77645713530757,64.50590477448739,440.0,57.7,1.7631399316151595,25.677638090205043,0,0
2024-07-08 17:00:00,32.0,65.8,440.0,29.867717804830928,1.6261331855215404,25.16,0,0
2024-07-08 18:00:00,31.22354286469244,67.0940952255126,440.0,1.4132424062160456e-14,1.4972464599505875,24.64236190979496,0,0
2024-07-08 19:00:00,30.5,68.3,440.0,0.0,1.3841105445989659,24.16,0,0
2024-07-08 20:00:00,29.87867965644036,69.33553390593273,440.0,0.0,1.2920865842250835,23.745786437626904,0,0
2024-07-08 21:00:00,29.401923788646684,70.1301270189222,440.0,0.0,1.2245639925705174,23.42794919243112,0,0
2024-07-08 22:00:00,29.102222521132795,70.62962913144534,440.0,0.0,1.1834501718816426,23.228148347421865,0,0
2024-07-08 23:00:00,29.0,70.8,440.0,0.0,1.169657859225089,23.16,0,0
2024-07-09 00:00:00,26.802222521132794,85.12962913144534,440.0,0.0,0.5240586018937021,23.828148347421862,0,0
2024-07-09 01:00:00,25.601923788646683,80.0301270189222,400.0,0.0,0.6556400160158735,21.607949192431125,0,1
2024-07-09 02:00:00,26.07867965644036,79.23553390593274,400.0,0.0,0.701237982205938,21.925786437626904,0,1
2024-07-09 03:00:00,26.7,78.2,400.0,0.0,0.7636689296938881,22.34,0,1
2024-07-09 04:00:00,27.42354286469244,76.99409522551261,400.0,0.0,0.8408420382256868,22.82236190979496,0,1
2024-07-09 05:00:00,28.2,75.7,400.0,0.0,0.9292738003871343,23.34,0,1
2024-07-09 06:00:00,28.97645713530756,74.4059047744874,400.0,0.0,1.0238229297047035,23.857638090205043,0,1
2024-07-09 07:00:00,30.80205149404653,72.64897425297674,397.24487126488367,55.10257470232667,1.2149901815587385,25.33184634464188,0,1
2024-07-09 08:00:00,32.45032034355964,71.09996609406727,394.6775,106.45,1.409488253947887,26.67031356237309,0,1
2024-07-09 09:00:00,33.80893688564564,69.86444264393164,392.4728483142692,150.54303371461597,1.5860143230379884,27.781825414431964,0,1
2024-07-09 10:00:00,34.785313648181344,69.02660278389759,390.4174289071252,184.37680846570697,1.720976585029239,28.59063420496086,0,1
2024-07-09 11:00:00,35.312912168338855,68.64354391583058,389.71771957915286,205.64560841694265,1.7937952930108207,29.04162095150497,0,1
2024-07-09 12:00:00,35.3557774788672,68.74137086855465,389.355,212.9,1.792430153568167,29.104051652578136,0,1
2024-07-09 13:00:00,34.91098837969217,69.31341689690838,389.71771957915286,205.64560841694265,1.7169382855738071,28.77367175907385,0,1
2024-07-09 14:00:00,31.82132034355964,76.76446609406726,440.0,184.376808465707,1.0936911021881341,27.17421356237309,0,0
2024-07-09 15:00:00,31.2,77.8,440.0,150.54303371461597,1.0087679082352798,26.76,0,0
2024-07-09 16:00:00,30.47645713530756,79.00590477448739,440.0,106.45,0.9154283495930408,26.27763809020504,0,0
2024-07-09 17:00:00,29.7,80.3,440.0,55.10257470232673,0.8216076477399719,25.76,0,0
2024-07-09 18:00:00,28.92354286469244,81.55,440.0,2.6072730353847157e-14,0.7357883738287005,25.24236190979496,0,0
2024-07-09 19:00:00,28.2,82.8,440.0,0.0,0.6577575871052969,24.76,0,0
2024-07-09 20:00:00,27.57867965644036,83.83553390593273,440.0,0.0,0.5961756398800387,24.345786437626906,0,0
2024-07-09 21:00:00,27.101923788646683,84.6301270189222,440.0,0.0,0.5512735463456397,24.027949192431123,0,0
2024-07-09 22:00:00,26.802222521132794,85.12962913144534,440.0,0.0,0.5240586018937021,23.828148347421862,0,0
2024-07-09 23:00:00,26.7,85.3,440.0,0.0,0.5149510672706494,23.95814834742186,0,0
2024-07-10 00:00:00,29.2022225211328,74.42962913144534,440.0,0.0,1.036297537189747,24.088148347421864,0,0
2024-07-10 01:00:00,28.001923788646685,69.3301270189222,400.0,0.0,1.159429705741985,21.867949192431126,0,1
2024-07-10 02:00:00,28.47867965644036,68.53553390593274,400.0,0.0,1.2228883554076186,22.18578643762691,0,1
2024-07-10 03:00:00,29.1,67.5,400.0,0.0,1.309387437559225,22.6,0,1
2024-07-10 04:00:00,29.82354286469244,66.2940952255126,400.0,0.0,1.4157520582735235,23.08236190979496,0,1
2024-07-10 05:00:00,30.6,65.0,400.0,0.0,1.5369521813508784,23.6,0,1
2024-07-10 06:00:00,31.376457135307565,63.70590477448739,400.0,0.0,1.665818838624516,24.11763809020504,0,1
2024-07-10 07:00:00,33.37856608280645,61.86071695859677,396.8035847929839,63.92830414032262,1.9595770699782566,25.75070947452581,0,1
2024-07-10 08:00:00,35.191320343559646,60.229466094067256,393.825,123.5,2.2599252047533893,27.237213562373096,0,1
2024-07-10 09:00:00,36.69118371041486,58.92331923154703,391.26723125234616,174.65537495307726,2.534445698661466,28.47584755672427,0,1
2024-07-10 10:00:00,37.77594297356234,58.03128812120708,389.3045862632622,213.9082747347564,2.7468169259326993,29.382200597803752,0,1
2024-07-10 11:00:00,38.371673581868,57.61416320906599,388.07081604533,238.5836790933999,2.864884821815465,29.894506223681194,0,1
2024-07-10 12:00:00,38.4377774788672,57.70037086855465,387.65,247.0,2.869265644081222,29.97785165257813,0,1
2024-07-10 13:00:00,37.96974979322131,58.2840361901438,388.07081604533,238.5836790933999,2.759064276434545,29.62655703125008,0,1
2024-07-10 14:00:00,34.22132034355965,66.06446609406726,440.0,213.9082747347564,1.8274828658851077,27.4342135623731,0,0
2024-07-10 15:00:00,33.6,67.1,440.0,174.65537495307726,1.7114351200335087,26.98592582628907,0,0
2024-07-10 16:00:00,32.87645713530756,68.30590477448739,440.0,123.5,1.583245232798155,26.53763809020504,0,0
2024-07-10 17:00:00,32.1,69.6,440.0,63.928304140322695,1.4536398917675522,26.02,0,0
2024-07-10 18:00:00,31.32354286469244,70.8940952255126,440.0,3.0248775938939626e-14,1.331888932535428,25.50236190979496,0,0
2024-07-10 19:00:00,30.6,72.1,440.0,0.0,1.225170453133986,25.02,0,0
2024-07-10 20:00:00,29.97867965644036,73.13553390593273,440.0,0.0,1.1384835743910098,24.605786437626904,0,0
2024-07-10 21:00:00,29.501923788646685,73.93012701892219,440.0,0.0,1.074950057075665,24.287949192431125,0,0
2024-07-10 22:00:00,29.2022225211328,74.42962913144534,440.0,0.0,1.036297537189747,24.088148347421864,0,0
2024-07-10 23:00:00,29.1,74.6,440.0,0.0,1.0233366435078253,24.02,0,0
2024-07-11 00:00:00,29.2022225211328,78.52962913144535,440.0,0.0,0.870135696036986,24.908148347421864,0,0
2024-07-11 01:00:00,28.001923788646685,73.4301270189222,400.0,0.0,1.004435200336795,22.687949192431127,0,1
2024-07-11 02:00:00,28.47867965644036,72.63553390593275,400.0,0.0,1.0635390042321786,23.00578643762691,0,1
2024-07-11 03:00:00,29.1,71.60000000000001,400.0,0.0,1.1442031762055995,23.42,0,1
2024-07-11 04:00:00,29.82354286469244,70.39409522551261,400.0,0.0,1.2435394006469866,23.90236190979496,0,1
2024-07-11 05:00:00,30.6,69.10000000000001,400.0,0.0,1.3569092115354895,24.42,0,1
2024-07-11 06:00:00,31.376457135307565,67.8059047744874,400.0,0.0,1.4776378908443506,24.937638090205045,0,1
2024-07-11 07:00:00,33.39771869214404,65.951140653928,396.7557032696399,64.88593460720195,1.751288183963878,26.58794682292964,0,1
2024-07-11 08:00:00,35.228320343559645,64.31096609406727,393.7325,125.34999999999998,2.0321427308139257,28.090513562373097,0,1
2024-07-11 09:00:00,36.74350961222267,62.997156280643125,391.1364164978266,177.27167004346748,2.2896182229412285,29.34294086835129,0,1
2024-07-11 10:00:00,37.840028853442384,62.09924518126707,389.14437156356206,217.1125687287588,2.4891954223259756,30.2598778896958,0,1
2024-07-11 11:00:00,38.44315209301339,61.67842395349331,387.8921197674665,242.1576046506694,2.6001797524016577,30.77883688371205,0,1
2024-07-11 12:00:00,38.51177747886721,61.76337086855466,387.465,250.7,2.604027668829242,30.86445165257814,0,1
2024-07-11 13:00:00,38.04122830436671,62.34829693457111,387.8921197674665,242.1576046506694,2.499900114961809,30.510887691280928,0,1
2024-07-11 14:00:00,34.22132034355965,70.16446609406727,440.0,217.1125687287588,1.6066912976458037,28.2542135623731,0,0
2024-07-11 15:00:00,33.6,71.2,440.0,177.27167004346748,1.498155971336323,27.840000000000003,0,0
2024-07-11 16:00:00,32.87645713530756,72.45,440.0,125.34999999999998,1.3762313091202525,27.35763809020504,0,0
2024-07-11 17:00:00,32.1,73.7,440.0,64.88593460720202,1.257589774785744,26.840000000000003,0,0
2024-07-11 18:00:00,31.32354286469244,74.99409522551261,440.0,3.070189525462414e-14,1.1442725479665532,26.32236190979496,0,0
2024-07-11 19:00:00,30.6,76.2,440.0,0.0,1.0451274833185973,25.840000000000003,0,0
2024-07-11 20:00:00,29.97867965644036,77.23553390593274,440.0,0.0,0.9647305342725622,25.425786437626908,0,0
2024-07-11 21:00:00,29.501923788646685,78.0301270189222,440.0,0.0,0.905893029555463,25.107949192431125,0,0
2024-07-11 22:00:00,29.2022225211328,78.52962913144535,440.0,0.0,0.870135696036986,24.908148347421864,0,0
2024-07-11 23:00:00,29.1,78.7,440.0,0.0,0.8581523821541998,24.840000000000003,0,0
2024-07-12 00:00:00,27.9022225211328,82.42962913144534,440.0,0.0,0.6603760317522042,24.388148347421865,0,0
2024-07-12 01:00:00,26.701923788646685,77.3301270189222,400.0,0.0,0.794231013666262,22.167949192431124,0,1
2024-07-12 02:00:00,27.17867965644036,76.53553390593274,400.0,0.0,0.8453978301836308,22.485786437626903,0,1
2024-07-12 03:00:00,27.8,75.5,400.0,0.0,0.9153530604855153,22.9,0,1
2024-07-12 04:00:00,28.52354286469244,74.2940952255126,400.0,0.0,1.001681208075035,23.38236190979496,0,1
2024-07-12 05:00:00,29.3,73.0,400.0,0.0,1.1004252855554657,23.9,0,1
2024-07-12 06:00:00,30.076457135307564,71.7059047744874,400.0,0.0,1.205811763353483,24.41763809020504,0,1
2024-07-12 07:00:00,32.025249359515335,69.88737532024233,397.124520408911,61.262467975766654,1.4338318322038424,26.0027244235638,0,1
2024-07-12 08:00:00,33.78832034355964,68.28096609406727,394.46624999999995,118.34999999999998,1.6674336359096429,27.444513562373093,0,1
2024-07-12 09:00:00,35.24551971349043,66.99615123000925,391.6313912446572,167.3721751068558,1.881031795227751,28.64474995949228,0,1
2024-07-12 10:00:00,36.29754174038274,66.12048873779689,389.7505893462112,204.9882130757766,2.0458734112215815,29.52163948794212,0,1
2024-07-12 11:00:00,36.872692861652446,65.71365356917377,388.5682678458689,228.6346430826225,2.136531446086411,30.0154235754872,0,1
2024-07-12 12:00:00,36.93177747886721,65.80337086855465,388.165,236.7,2.137814515699793,30.09245165257814,0,1
2024-07-12 13:00:00,36.47076907300577,66.38352655025157,388.5682678458689,228.6346430826225,2.049320697931777,29.747474383056083,0,1
2024-07-12 14:00:00,32.92132034355964,74.06446609406726,440.0,204.98821307577663,1.2988491718975526,27.734213562373093,0,0
2024-07-12 15:00:00,32.3,75.1,440.0,167.3721751068558,1.2041584039109388,27.32,0,0
2024-07-12 16:00:00,31.576457135307564,76.30590477448739,440.0,114.31732154131126,1.0999156254813607,26.83763809020504,0,0
2024-07-12 17:00:00,30.8,77.6,440.0,61.262467975766725,0.9949388061851384,26.32,0,0
2024-07-12 18:00:00,30.02354286469244,78.8940952255126,440.0,2.898738973581785e-14,0.8967472840433871,25.80236190979496,0,0
2024-07-12 19:00:00,29.3,80.1,440.0,0.0,0.811054191946436,25.32,0,0
2024-07-12 20:00:00,28.67867965644036,81.13553390593273,440.0,0.0,0.7417309496993942,24.905786437626904,0,0
2024-07-12 21:00:00,28.201923788646685,81.93012701892219,440.0,0.0,0.6911003177947261,24.58794919243112,0,0
2024-07-12 22:00:00,27.9022225211328,82.42962913144534,440.0,0.0,0.6603760317522042,24.388148347421865,0,0
2024-07-12 23:00:00,27.8,82.6,440.0,0.0,0.650087479691754,24.32,0,0
2024-07-13 00:00:00,27.9022225211328,79.52962913144535,440.0,0.0,0.7693714824691145,23.808148347421863,0,0
2024-07-13 01:00:00,26.701923788646685,74.4301270189222,400.0,0.0,0.8958314920436512,21.587949192431125,0,1
2024-07-13 02:00:00,27.17867965644036,73.63553390593275,400.0,0.0,0.9498815076602044,21.905786437626908,0,1
2024-07-13 03:00:00,27.8,72.60000000000001,400.0,0.0,1.023700973767474,22.32,0,1
2024-07-13 04:00:00,28.52354286469244,71.39409522551261,400.0,0.0,1.114685419710512,22.80236190979496,0,1
2024-07-13 05:00:00,29.3,70.10000000000001,400.0,0.0,1.2186191125225339,23.32,0,1
2024-07-13 06:00:00,30.076457135307564,68.8059047744874,400.0,0.0,1.3294012998222795,23.837638090205044,0,1
2024-07-13 07:00:00,31.65720867737955,67.17139566131023,397.8569783065511,42.86043386897743,1.5309432067247832,25.091487809641595,0,1
2024-07-13 08:00:00,33.07732034355964,65.73646609406727,395.86,82.79999999999998,1.730995368873541,26.224613562373094,0,1
2024-07-13 09:00:00,34.24001387064316,64.59890415143289,392.2041477374184,117.09688296449228,1.9083876371199657,27.159794700929737,0,1
2024-07-13 10:00:00,35.06605361620127,63.836232799887625,392.82930965666486,143.41380686670303,2.0408086107412022,27.8333001761788,0,1
2024-07-13 11:00:00,35.49914633666939,63.5004268316653,392.0021341583265,159.95731683346972,2.109554309041796,28.19923170300245,0,1
2024-07-13 12:00:00,35.50977747886721,63.61437086855466,391.72,165.6,2.10420020049742,28.23265165257813,0,1
2024-07-13 13:00:00,35.097222548022714,64.17029981274311,392.0021341583265,159.95731683346972,2.025440595146067,27.931282510571336,0,1
2024-07-13 14:00:00,32.92132034355964,71.16446609406727,440.0,143.41380686670306,1.444080907329121,27.15421356237309,0,0
2024-07-13 15:00:00,32.3,72.2,440.0,117.09688296449228,1.344401752157594,26.74,0,0
2024-07-13 16:00:00,31.576457135307564,73.4059047744874,440.0,82.79999999999998,1.234537997998095,26.25763809020504,0,0
2024-07-13 17:00:00,30.8,74.7,440.0,42.86043386897748,1.123747848057321,25.74,0,0
2024-07-13 18:00:00,30.02354286469244,75.99409522551261,440.0,2.0280150993880173e-14,1.019962429355203,25.22236190979496,0,0
2024-07-13 19:00:00,29.3,77.2,440.0,0.0,0.9292480189135042,24.74,0,0
2024-07-13 20:00:00,28.67867965644036,78.23553390593274,440.0,0.0,0.8557558971006205,24.325786437626903,0,0
2024-07-13 21:00:00,28.201923788646685,79.0301270189222,440.0,0.0,0.8020137106947993,24.007949192431127,0,0
2024-07-13 22:00:00,27.9022225211328,79.52962913144535,440.0,0.0,0.7693714824691145,23.808148347421863,0,0
2024-07-13 23:00:00,27.8,79.7,440.0,0.0,0.7584353929737127,23.74,0,0
2024-07-14 00:00:00,28.4022225211328,75.12962913144534,440.0,0.0,0.9623249036187387,23.428148347421864,0,0
2024-07-14 01:00:00,27.201923788646685,70.0301270189222,400.0,0.0,1.0812515336873179,21.207949192431123,0,1
2024-07-14 02:00:00,27.67867965644036,69.23553390593274,400.0,0.0,1.1412953632623362,21.525786437626905,0,1
2024-07-14 03:00:00,28.3,68.2,400.0,0.0,1.223174716419558,21.94,0,1
2024-07-14 04:00:00,29.02354286469244,66.99409522551261,400.0,0.0,1.3239099652773612,22.42236190979496,0,1
2024-07-14 05:00:00,29.8,65.7,400.0,0.0,1.438758985544646,22.94,0,1
2024-07-14 06:00:00,30.576457135307564,64.4059047744874,400.0,0.0,1.5609406314015235,23.457638090205045,0,1
2024-07-14 07:00:00,32.23123092427887,62.73438453786056,397.6719226893029,46.56154621394348,1.795180813223231,24.77810783185098,0,1
2024-07-14 08:00:00,33.72032034355964,61.264966094067255,395.5025,89.94999999999999,2.0285478435684743,25.973313562373093,0,1
2024-07-14 09:00:00,34.94224641006251,60.09778788172321,393.639574503227,127.20850993545992,2.2364224297441138,26.96180398640715,0,1
2024-07-14 10:00:00,35.81373688168362,59.31239116714645,392.210101492959,155.7979701408205,2.392655489149307,27.676215115112907,0,1
2024-07-14 11:00:00,36.27540112298807,58.96229943850596,391.3114971925298,173.7700561494034,2.4751308783623736,28.067861010689256,0,1
2024-07-14 12:00:00,36.29577747886721,59.07137086855465,391.005,179.9,2.4713079805035782,28.11005165257814,0,1
2024-07-14 13:00:00,35.87347733434138,59.63217241958377,391.3114971925298,173.7700561494034,2.3816532498855643,27.79991181825813,0,1
2024-07-14 14:00:00,33.42132034355964,66.76446609406726,440.0,155.79797014082052,1.7117128640980674,26.77421356237309,0,0
2024-07-14 15:00:00,32.8,67.8,440.0,127.20850993545992,1.601625421860134,26.36,0,0
2024-07-14 16:00:00,32.076457135307564,69.00590477448739,440.0,89.94999999999999,1.4800787129889508,25.877638090205043,0,0
2024-07-14 17:00:00,31.3,70.3,440.0,44.97500000000001,1.3572586332588725,25.36,0,0
2024-07-14 18:00:00,30.52354286469244,71.5940952255126,440.0,2.2031395916660884e-14,1.2419507071654594,24.84236190979496,0,0
2024-07-14 19:00:00,29.8,72.8,440.0,0.0,1.1409400701695154,24.36,0,0
2024-07-14 20:00:00,29.17867965644036,73.83553390593273,440.0,0.0,1.0589349713128098,23.945786437626907,0,0
2024-07-14 21:00:00,28.701923788646685,74.6301270189222,440.0,0.0,0.9988606547083835,23.627949192431124,0,0
2024-07-14 22:00:00,28.4022225211328,75.12962913144534,440.0,0.0,0.9623249036187387,23.428148347421864,0,0
2024-07-14 23:00:00,28.3,75.3,440.0,0.0,0.9500759589799713,23.36,0,0
2024-07-15 00:00:00,27.0022225211328,85.02962913144535,440.0,0.0,0.5338142455385585,24.008148347421866,0,0
2024-07-15 01:00:00,25.801923788646683,79.9301270189222,400.0,0.0,0.6667775559331468,21.787949192431125,0,1
2024-07-15 02:00:00,26.27867965644036,79.13553390593275,400.0,0.0,0.712983584387132,22.105786437626904,0,1
2024-07-15 03:00:00,26.9,78.10000000000001,400.0,0.0,0.7762403909071781,22.52,0,1
2024-07-15 04:00:00,27.623542864692435,76.89409522551261,400.0,0.0,0.8544245589077616,23.00236190979496,0,1
2024-07-15 05:00:00,28.4,75.60000000000001,400.0,0.0,0.944002746833019,23.52,0,1
2024-07-15 06:00:00,29.17645713530756,74.3059047744874,400.0,0.0,1.0397646251215178,24.037638090205043,0,1
2024-07-15 07:00:00,30.636599002361773,72.73170049881912,398.1585024940956,36.8299501180887,1.1999353575397116,25.1829391021256,0,1
2024-07-15 08:00:00,31.94432034355964,71.35296609406727,396.4425,71.14999999999999,1.3578222537057394,26.21491356237309,0,1
2024-07-15 09:00:00,33.01050211061023,70.26366003144935,394.9689352518577,100.62129496284572,1.4966632105179363,27.0632341169001,0,1
2024-07-15 10:00:00,33.762485778037714,69.5380167189694,393.83822925207375,123.23541495852562,1.5990463050292545,27.670089121831595,0,1
2024-07-15 11:00:00,34.14902490161869,69.22548754919066,393.1274377459533,137.45124508093443,1.6506082613171251,27.99412241145682,0,1
2024-07-15 12:00:00,34.14377747886721,69.34737086855466,392.885,142.3,1.6435912197980755,28.01325165257814,0,1
2024-07-15 13:00:00,33.747101112972004,69.89536053026846,393.1274377459533,137.45124508093443,1.5789326479194217,27.726173219025696,0,1
2024-07-15 14:00:00,32.02132034355964,76.66446609406727,440.0,123.23541495852564,1.1108897024688147,27.35421356237309,0,0
2024-07-15 15:00:00,31.4,77.7,440.0,100.62129496284572,1.024889561612402,26.94,0,0
2024-07-15 16:00:00,30.67645713530756,78.9059047744874,440.0,71.14999999999999,0.9303550306960412,26.45763809020504,0,0
2024-07-15 17:00:00,29.9,80.2,440.0,36.829950118088746,0.8353201025130078,25.94,0,0
2024-07-15 18:00:00,29.123542864692435,81.49409522551261,440.0,1.7426723951866842e-14,0.7465957365812572,25.42236190979496,0,0
2024-07-15 19:00:00,28.4,82.7,440.0,0.0,0.6693134229594766,24.94,0,0
2024-07-15 20:00:00,27.77867965644036,83.73553390593274,440.0,0.0,0.6069073220938435,24.525786437626905,0,0
2024-07-15 21:00:00,27.301923788646683,84.5301270189222,440.0,0.0,0.5613989787800856,24.207949192431123,0,0
2024-07-15 22:00:00,27.0022225211328,85.02962913144535,440.0,0.0,0.5338142455385585,24.008148347421866,0,0
2024-07-15 23:00:00,26.9,85.2,440.0,0.0,0.5245825472797372,23.94,0,0
2024-07-16 00:00:00,27.5022225211328,77.12962913144534,440.0,0.0,0.8397421846667497,22.92814834742186,0,0
2024-07-16 01:00:00,26.301923788646683,72.0301270189222,400.0,0.0,0.957101895918112,20.707949192431123,0,1
2024-07-16 02:00:00,26.77867965644036,71.23553390593274,400.0,0.0,1.01231010836803,21.025786437626905,0,1
2024-07-16 03:00:00,27.4,70.2,400.0,0.0,1.087660562674993,21.44,0,1
2024-07-16 04:00:00,28.123542864692435,68.99409522551261,400.0,0.0,1.1804587096980848,21.92236190979496,0,1
2024-07-16 05:00:00,28.9,67.7,400.0,0.0,1.286375654508592,22.44,0,1
2024-07-16 06:00:00,29.67645713530756,66.4059047744874,400.0,0.0,1.3991792922336503,22.95763809020504,0,1
2024-07-16 07:00:00,30.74837043470799,65.02581478264601,397.124520408911,17.418521735399644,1.548878226329823,23.75353339123719,0,1
2024-07-16 08:00:00,31.69432034355964,63.82796609406726,398.3175,33.64999999999999,1.6904119874663415,24.45991356237309,0,1
2024-07-16 09:00:00,32.44984193883041,62.89399011733926,397.62058568130726,47.58828637385465,1.8096544829133316,25.02863996229826,0,1
2024-07-16 10:00:00,32.963447672361056,62.287535771807725,397.08582451626535,58.28350967469272,1.8931067827161376,25.4209548267226,0,1
2024-07-16 11:00:00,33.20013616218508,62.049931918907454,396.74965959453726,65.0068081092543,1.930478952621903,25.61012254596657,0,1
2024-07-16 12:00:00,33.1437774788672,62.19737086855465,396.635,67.3,1.9169171771273934,25.58325165257813,0,1
2024-07-16 13:00:00,32.7982123735384,62.71980489998526,396.74965959453726,65.0068081092543,1.8541277183816383,25.34217335353545,0,1
2024-07-16 14:00:00,32.52132034355964,68.76446609406726,440.0,58.28350967469272,1.5294955629693978,26.274213562373088,0,0
2024-07-16 15:00:00,31.9,69.8,440.0,47.58828637385465,1.4278476951129515,25.86,0,0
2024-07-16 16:00:00,31.15,71.00590477448739,440.0,33.64999999999999,1.3137514685496612,25.37763809020504,0,0
2024-07-16 17:00:00,30.4,72.3,440.0,17.418521735399665,1.2025652066324424,24.86,0,0
2024-07-16 18:00:00,29.623542864692435,73.5940952255126,440.0,8.241872958261687e-15,1.0964527254487768,24.34236190979496,0,0
2024-07-16 19:00:00,28.9,74.8,440.0,0.0,1.0036119657466416,23.86,0,0
2024-07-16 20:00:00,28.27867965644036,75.83553390593273,440.0,0.0,0.9283262322802271,23.445786437626904,0,0
2024-07-16 21:00:00,27.801923788646683,76.6301270189222,440.0,0.0,0.8732279453911196,23.12794919243112,0,0
2024-07-16 22:00:00,27.5022225211328,77.12962913144534,440.0,0.0,0.8397421846667497,22.92814834742186,0,0
2024-07-16 23:00:00,27.4,77.3,440.0,0.0,0.8285199588161859,22.86,0,0
2024-07-17 00:00:00,27.802222521132794,75.22962913144535,440.0,0.0,0.9255744298239983,22.848148347421866,0,0
2024-07-17 01:00:00,26.601923788646683,70.13012701892221,400.0,0.0,1.0403429295371218,20.627949192431124,0,1
2024-07-17 02:00:00,27.07867965644036,69.33553390593275,400.0,0.0,1.0983492357648588,20.945786437626907,0,1
2024-07-17 03:00:00,27.7,68.30000000000001,400.0,0.0,1.1774658717568198,21.36,0,1
2024-07-17 04:00:00,28.42354286469244,67.09409522551262,400.0,0.0,1.2748255425431727,21.84236190979496,0,1
2024-07-17 05:00:00,29.2,65.80000000000001,400.0,0.0,1.3858551795191751,22.36,0,1
2024-07-17 06:00:00,29.97645713530756,64.5059047744874,400.0,0.0,1.5040050442773893,22.877638090205043,0,1
2024-07-17 07:00:00,31.45368105933854,62.92315947033073,397.124520408911,37.68405296692702,1.7092200045507016,24.038312953404684,0,1
2024-07-17 08:00:00,32.777320343559644,61.53646609406727,394.46624999999995,72.79999999999998,1.910737017282987,25.084613562373097,0,1
2024-07-17 09:00:00,33.85717115816854,60.4403255076702,394.8522626329619,102.95474734076132,2.087605236372329,25.945236259702583,0,1
2024-07-17 10:00:00,34.619643454687484,59.70943788064452,393.6953350604493,126.09329879101423,2.2182170300807402,26.561531030816383,0,1
2024-07-17 11:00:00,35.01277600615377,59.39361199692312,392.9680599846156,140.63880030768834,2.2847804862616434,26.8914984055384,0,1
2024-07-17 12:00:00,35.0097774788672,59.51437086855466,392.72,145.6,2.2776083342817133,26.91265165257813,0,1
2024-07-17 13:00:00,34.61085221750708,60.06348497800093,392.9680599846156,140.63880030768834,2.1976536704989287,26.623549213107268,0,1
2024-07-17 14:00:00,32.82132034355964,66.86446609406727,440.0,126.09329879101428,1.6501337709481791,26.194213562373093,0,0
2024-07-17 15:00:00,32.2,67.9,440.0,102.95474734076132,1.5436175342494092,25.780000000000005,0,0
2024-07-17 16:00:00,31.47645713530756,69.1059047744874,440.0,72.79999999999998,1.42604068453647,25.29763809020504,0,0
2024-07-17 17:00:00,30.7,70.4,440.0,37.684052966927055,1.3072629938645526,24.78,0,0
2024-07-17 18:00:00,29.92354286469244,71.69409522551261,440.0,1.7830857395585463e-14,1.195780943279702,24.26236190979496,0,0
2024-07-17 19:00:00,29.2,72.9,440.0,0.0,1.0981484024844925,23.78,0,0
2024-07-17 20:00:00,28.57867965644036,73.93553390593274,440.0,0.0,1.0189055853139166,23.365786437626905,0,0
2024-07-17 21:00:00,28.101923788646683,74.7301270189222,440.0,0.0,0.9608668941316969,23.04794919243113,0,0
2024-07-17 22:00:00,27.802222521132794,75.22962913144535,440.0,0.0,0.9255744298239983,22.848148347421866,0,0
2024-07-17 23:00:00,27.7,75.4,440.0,0.0,0.9137432317103402,22.78,0,0
2024-07-18 00:00:00,27.5022225211328,76.32962913144534,440.0,0.0,0.8691161616605848,22.768148347421864,0,0
2024-07-18 01:00:00,26.301923788646683,71.2301270189222,400.0,0.0,0.9844771191539301,20.547949192431123,0,1
2024-07-18 02:00:00,26.77867965644036,70.43553390593274,400.0,0.0,1.0404645710319986,20.865786437626905,0,1
2024-07-18 03:00:00,27.4,69.4,400.0,0.0,1.1168595039548586,21.28,0,1
2024-07-18 04:00:00,28.123542864692435,68.19409522551261,400.0,0.0,1.210916358801604,21.76236190979496,0,1
2024-07-18 05:00:00,28.9,66.9,400.0,0.0,1.3182363518338822,22.28,0,1
2024-07-18 06:00:00,29.67645713530756,65.6059047744874,400.0,0.0,1.4324989404120854,22.79763809020504,0,1
2024-07-18 07:00:00,30.8927914618752,64.1536042690624,398.768021345312,24.63957309375997,1.6006291720503623,23.72351231568768,0,1
2024-07-18 08:00:00,31.97332034355964,62.88846609406726,397.62,47.6,1.7619114884159712,24.551013562373093,0,1
2024-07-18 09:00:00,32.8444075227325,61.89670732538821,396.634171721552,67.31656556895933,1.8999877143700372,25.223748987810147,0,1
2024-07-18 10:00:00,33.44668984767277,61.24591468415187,395.87771907798606,82.44561844027855,1.9987651757587446,25.695872784503145,0,1
2024-07-18 11:00:00,33.73912277325439,60.9804386133728,395.402193066864,91.95613866271933,2.0455931806369194,25.93521049592895,0,1
2024-07-18 12:00:00,33.70177747886721,61.118370868554656,388.925,95.2,2.0341193252404346,25.92545165257814,0,1
2024-07-18 13:00:00,33.3371989846077,61.65031159445061,395.402193066864,91.95613866271933,1.9658329621118258,25.667261303497824,0,1
2024-07-18 14:00:00,32.52132034355964,67.96446609406726,440.0,82.44561844027857,1.5686687832530792,26.114213562373088,0,0
2024-07-18 15:00:00,31.9,69.0,440.0,67.31656556895933,1.4656714751159436,25.7,0,0
2024-07-18 16:00:00,31.17645713530756,70.2059047744874,440.0,47.6,1.3520327377199723,25.217638090205043,0,0
2024-07-18 17:00:00,30.4,71.5,440.0,24.639573093760003,1.2372963317337402,24.7,0,0
2024-07-18 18:00:00,29.623542864692435,72.7940952255126,440.0,1.1658637527882803e-14,1.1296711357948785,24.18236190979496,0,0
2024-07-18 19:00:00,28.9,74.0,440.0,0.0,1.0354726630719318,23.7,0,0
2024-07-18 20:00:00,28.27867965644036,75.03553390593274,440.0,0.0,0.9590598302390299,23.285786437626903,0,0
2024-07-18 21:00:00,27.801923788646683,75.8301270189222,440.0,0.0,0.9031203781347005,22.96794919243112,0,0
2024-07-18 22:00:00,27.5022225211328,76.32962913144534,440.0,0.0,0.8691161616605848,22.768148347421864,0,0
2024-07-18 23:00:00,27.4,76.5,440.0,0.0,0.8577189000960516,22.7,0,0
2024-07-19 00:00:00,27.85096189432334,64.62962913144534,440.0,0.0,1.3254170265366314,22.42814834742186,0,0
2024-07-19 01:00:00,28.301923788646683,59.53012701892219,400.0,0.0,1.5568320141977279,20.20794919243112,0,1
2024-07-19 02:00:00,28.77867965644036,58.73553390593273,400.0,0.0,1.6318979401607978,20.525786437626905,0,1
2024-07-19 03:00:00,29.4,57.7,400.0,0.0,1.7339650492017822,20.94,0,1
2024-07-19 04:00:00,30.123542864692435,56.4940952255126,400.0,0.0,1.8591051170959012,21.42236190979496,0,1
2024-07-19 05:00:00,30.9,55.2,400.0,0.0,2.001251241592366,21.94,0,1
2024-07-19 06:00:00,31.67645713530756,53.90590477448739,400.0,0.0,2.1519169811206664,22.45763809020504,0,1
2024-07-19 07:00:00,33.54553309362375,52.12723345318812,397.1361672659406,57.27665468118784,2.482743444791548,23.970979784261377,0,1
2024-07-19 08:00:00,35.234320343559645,50.55796609406726,394.4675,110.65,2.8161742451974434,25.229859872004376,0,1
2024-07-19 09:00:00,36.62773082488498,49.30504567431198,392.1758634661708,156.48273067658295,3.117078019950515,26.48873995974737,0,1
2024-07-19 10:00:00,37.63080591601713,48.45385664997969,390.4174289071252,191.65142185749627,3.3472224527186802,27.32157724601307,0,1
2024-07-19 11:00:00,38.175187707155416,48.06240614642229,389.31203073211145,213.75938535777084,3.4734673063828905,27.787668936439875,0,1
2024-07-19 12:00:00,38.223777478867206,48.15737086855465,388.935,221.3,3.476224463130661,27.855251652578136,0,1
2024-07-19 13:00:00,37.77326391850873,48.7322791275001,389.31203073211145,213.75938535777084,3.354942409389371,27.51971974400876,0,1
2024-07-19 14:00:00,34.521320343559644,56.26446609406726,440.0,191.6514218574963,2.3947906535757415,25.77421356237309,0,0
2024-07-19 15:00:00,33.9,57.3,440.0,156.48273067658295,2.2587081360028862,25.36,0,0
2024-07-19 16:00:00,33.17645713530756,58.50590477448739,440.0,110.65,2.1079620407314628,24.87763809020504,0,0
2024-07-19 17:00:00,32.4,59.8,440.0,57.27665468118791,1.9550511016172547,24.36,0,0
2024-07-19 18:00:00,31.623542864692435,61.0940952255126,440.0,2.7101433665130928e-14,1.8108970366964718,23.84236190979496,0,0
2024-07-19 19:00:00,30.9,62.3,440.0,0.0,1.6840886564292903,23.36,0,0
2024-07-19 20:00:00,30.27867965644036,63.335533905932735,440.0,0.0,1.580737587117329,22.945786437626904,0,0
2024-07-19 21:00:00,29.801923788646683,64.1301270189222,440.0,0.0,1.5047756711968256,22.62794919243112,0,0
2024-07-19 22:00:00,29.5022225211328,64.62962913144534,440.0,0.0,1.4584664886269418,22.42814834742186,0,0
2024-07-19 23:00:00,29.4,64.8,440.0,0.0,1.442921270257748,22.36,0,0
2024-07-20 00:00:00,29.7022225211328,66.02962913144535,440.0,0.0,1.4169483591184433,22.908148347421864,0,0
2024-07-20 01:00:00,28.501923788646685,60.93012701892219,400.0,0.0,1.5205267096935247,20.687949192431123,0,1
2024-07-20 02:00:00,28.97867965644036,60.13553390593274,400.0,0.0,1.59487559210667,21.00578643762691,0,1
2024-07-20 03:00:00,29.6,59.1,400.0,0.0,1.6959927948991025,21.42,0,1
2024-07-20 04:00:00,30.32354286469244,57.89409522551261,400.0,0.0,1.8200044711513248,21.90236190979496,0,1
2024-07-20 05:00:00,31.1,56.6,400.0,0.0,1.9609128543972063,22.42,0,1
2024-07-20 06:00:00,31.876457135307565,55.3059047744874,400.0,0.0,2.1103128039198453,22.93763809020504,0,1
2024-07-20 07:00:00,33.56280684778138,53.61859657610931,397.124520408911,48.140342389068856,2.4077216443632037,24.286526163003245,0,1
2024-07-20 08:00:00,35.081320343559646,52.134466094067264,395.35,93.0,2.703446510168244,25.5082135623731,0,1
2024-07-20 09:00:00,36.32851343736728,50.954654368070834,393.4239069349651,127.0403625519528,2.966714400216784,26.519444310981445,0,1
2024-07-20 10:00:00,37.21939198094532,50.1595636175156,391.9459637448047,161.0807251039056,3.1649607718060127,27.25130470444844,0,1
2024-07-20 11:00:00,37.69324407379533,49.803377963102335,391.01688981551166,179.6622036897667,3.2706401340630302,27.653919666415803,0,1
2024-07-20 12:00:00,37.717777478867205,49.91037086855466,390.7,186.0,3.268010543446411,27.699851652578136,0,1
2024-07-20 13:00:00,37.29132028514865,50.473250944180144,391.01688981551166,179.6622036897667,3.1573637389135722,27.38597047398468,0,1
2024-07-20 14:00:00,34.72132034355965,57.66446609406727,440.0,161.0807251039056,2.3439713240928506,26.2542135623731,0,0
2024-07-20 15:00:00,34.1,58.7,440.0,131.52186130069785,2.2091158901697625,25.840000000000003,0,0
2024-07-20 16:00:00,33.37645713530756,59.9059047744874,440.0,93.0,2.0597713368407415,25.35763809020504,0,0
2024-07-20 17:00:00,32.6,61.2,440.0,48.14034238906891,1.9083319336043894,24.840000000000003,0,0
2024-07-20 18:00:00,31.82354286469244,62.49409522551261,440.0,2.277843046414077e-14,1.765616120800543,24.32236190979496,0,0
2024-07-20 19:00:00,31.1,63.7,440.0,0.0,1.6401183551755438,23.840000000000003,0,0
2024-07-20 20:00:00,30.47867965644036,64.73553390593274,440.0,0.0,1.5378701738223515,23.425786437626908,0,0
2024-07-20 21:00:00,30.001923788646685,65.5301270189222,440.0,0.0,1.4627405311281787,23.107949192431125,0,0
2024-07-20 22:00:00,29.800961894323343,66.02962913144535,440.0,0.0,1.4250109906769817,22.908148347421864,0,0
2024-07-20 23:00:00,29.6,66.2,440.0,0.0,1.4015783977405785,22.840000000000003,0,0
2024-07-21 00:00:00,30.0022225211328,62.12962913144534,440.0,0.0,1.6070693264974152,22.42814834742186,0,0
2024-07-21 01:00:00,28.801923788646683,57.03012701892219,400.0,0.0,1.7016299678458628,20.20794919243112,0,1
2024-07-21 02:00:00,29.27867965644036,56.23553390593273,400.0,0.0,1.7814945706825607,20.525786437626905,0,1
2024-07-21 03:00:00,29.9,55.2,400.0,0.0,1.8900172016455938,20.94,0,1
2024-07-21 04:00:00,30.623542864692435,53.9940952255126,400.0,0.0,2.0229710541418413,21.42236190979496,0,1
2024-07-21 05:00:00,31.4,52.7,400.0,0.0,2.1738688907742882,21.94,0,1
2024-07-21 06:00:00,32.17645713530756,51.40590477448739,400.0,0.0,2.3336794398453953,22.45763809020504,0,1
2024-07-21 07:00:00,34.03518033181965,49.63240983409017,397.16204917045087,56.7590165909828,2.684435631768844,23.961662298637687,0,1
2024-07-21 08:00:00,35.71432034355964,48.06796609406726,394.5175,109.65,3.0372483187174804,25.32791356237309,0,1
2024-07-21 09:00:00,37.09944655363751,46.819187809935706,392.2465741442895,155.0685171142099,3.3551152895544196,26.463284115624653,0,1
2024-07-21 10:00:00,38.09616489986576,45.971177158055376,390.5040314475036,189.9193710499274,3.597932358351472,27.29040033147683,0,1
2024-07-21 11:00:00,38.63655067410385,45.58172466294807,389.40862331474034,211.82753370519268,3.731029571745912,27.752895606693464,0,1
2024-07-21 12:00:00,38.683777478867206,45.677370868554654,389.035,219.3,3.733949560906728,27.81925165257814,0,1
2024-07-21 13:00:00,38.23462688545717,46.25159764402588,389.40862331474034,211.82753370519268,3.6061244528723058,27.484946414262343,0,1
2024-07-21 14:00:00,35.021320343559644,53.76446609406726,440.0,189.9193710499274,2.602741688609523,25.77421356237309,0,0
2024-07-21 15:00:00,34.4,54.8,440.0,155.0685171142099,2.458373370341773,25.36,0,0
2024-07-21 16:00:00,33.67645713530756,56.00590477448739,440.0,109.65,2.2983315842120464,24.87763809020504,0,0
2024-07-21 17:00:00,32.9,57.3,440.0,56.75901659098286,2.1358546324345893,24.36,0,0
2024-07-21 18:00:00,32.12354286469244,58.5940952255126,440.0,28.37950829549143,1.982543963607461,23.84236190979496,0,0
2024-07-21 19:00:00,31.4,59.8,440.0,0.0,1.8475587612923128,23.36,0,0
2024-07-21 20:00:00,30.77867965644036,60.835533905932735,440.0,0.0,1.73745110674296,22.945786437626904,0,0
2024-07-21 21:00:00,30.301923788646683,61.63012701892219,440.0,0.0,1.656466036954386,22.62794919243112,0,0
2024-07-21 22:00:00,30.1349364905389,62.12962913144534,440.0,0.0,1.6193429777408122,22.42814834742186,0,0
2024-07-21 23:00:00,29.96794919243112,62.3,440.0,0.0,1.5966971666906702,22.36,0,0
2024-07-22 00:00:00,29.800961894323343,66.92962913144535,440.0,0.0,1.387257211168013,22.788148347421867,0,0
2024-07-22 01:00:00,29.633974596215563,61.83012701892219,400.0,0.0,1.5858793814959933,20.56794919243112,0,1
2024-07-22 02:00:00,29.46698729810778,61.03553390593274,400.0,0.0,1.6034095333274996,20.885786437626905,0,1
2024-07-22 03:00:00,29.3,60.0,400.0,0.0,1.6302596823043936,21.3,0,1
2024-07-22 04:00:00,30.02354286469244,58.794095225512606,400.0,0.0,1.7507557049977003,21.78236190979496,0,1
2024-07-22 05:00:00,30.8,57.5,400.0,0.0,1.887718717092338,22.3,0,1
2024-07-22 06:00:00,31.576457135307564,56.205904774487394,400.0,0.0,2.032987931545626,22.817638090205044,0,1
2024-07-22 07:00:00,33.52783754996636,54.38608122501682,396.9304061250841,61.39187749831792,2.3632591124192635,24.40505379496972,0,1
2024-07-22 08:00:00,35.29332034355964,52.77846609406726,394.07,114.5588029978835,2.6984648515206655,25.84901356237309,0,1
2024-07-22 09:00:00,36.752590781302295,51.697312352422614,392.2041477374184,167.72572849744907,2.990298052234291,27.05111392052296,0,1
2024-07-22 10:00:00,37.80620199442059,50.616158610777966,389.7289387111165,205.42122577766884,3.2374316648085117,27.929433716576185,0,1
2024-07-22 11:00:00,38.38235211991534,50.20882394004233,388.5441197002117,229.11760599576692,3.3673547599364517,28.424116907923803,0,1
2024-07-22 12:00:00,38.44177747886721,50.298370868554656,388.14,237.2,3.37208456545393,28.50145165257814,0,1
2024-07-22 13:00:00,37.980428331268655,50.87869692112014,388.5441197002117,229.11760599576692,3.2507249875982986,28.15616771549268,0,1
2024-07-22 14:00:00,34.42132034355964,58.564466094067264,440.0,205.42122577766884,2.256297374017291,26.13421356237309,0,1
2024-07-22 15:00:00,33.8,59.6,440.0,167.72572849744907,2.1251658431690195,25.72,0,0
2024-07-22 16:00:00,33.076457135307564,60.8059047744874,440.0,118.59999999999998,1.9799917456285288,25.23763809020504,0,0
2024-07-22 17:00:00,32.3,62.1,440.0,61.39187749831798,1.8328354822580146,24.72,0,0
2024-07-22 18:00:00,31.52354286469244,63.349999999999994,440.0,2.9048622075775216e-14,1.6962516105987917,24.20236190979496,0,0
2024-07-22 19:00:00,30.8,64.6,440.0,0.0,1.5723586490604418,23.72,0,0
2024-07-22 20:00:00,30.17867965644036,65.63553390593273,440.0,0.0,1.4731170521470995,23.305786437626907,0,0
2024-07-22 21:00:00,29.701923788646685,66.43012701892219,440.0,0.0,1.400219025239279,22.987949192431124,0,0
2024-07-22 22:00:00,29.4022225211328,66.92962913144535,440.0,0.0,1.3557969406265657,22.788148347421867,0,0
2024-07-22 23:00:00,29.3,67.1,440.0,0.0,1.3408885886953639,22.72,0,0
2024-07-23 00:00:00,29.9022225211328,68.42962913144535,440.0,0.0,1.3320570668898764,23.588148347421864,0,0
2024-07-23 01:00:00,28.701923788646685,63.33012701892219,400.0,0.0,1.4437633708797764,21.367949192431123,0,1
2024-07-23 02:00:00,29.17867965644036,62.53553390593274,400.0,0.0,1.5162714647392133,21.685786437626906,0,1
2024-07-23 03:00:00,29.8,61.5,400.0,0.0,1.6149335552031743,22.1,0,1
2024-07-23 04:00:00,30.52354286469244,60.294095225512606,400.0,0.0,1.7360044295300527,22.58236190979496,0,1
2024-07-23 05:00:00,31.3,59.0,400.0,0.0,1.8736566991115746,23.1,0,1
2024-07-23 06:00:00,32.076457135307564,57.705904774487394,400.0,0.0,2.019694060205415,23.61763809020504,0,1
2024-07-23 07:00:00,34.07028387336317,55.864858063318415,396.82429031659206,63.51419366815859,2.3568658284602373,25.24325548602685,0,1
2024-07-23 08:00:00,35.87532034355964,54.23746609406727,393.865,122.7,2.7002077143803147,26.72281356237309,0,1
2024-07-23 09:00:00,37.36855629341689,52.93463294004602,391.3237997948411,173.52400410317878,3.0130675971911214,27.955482881426093,0,1
2024-07-23 10:00:00,38.44823016064123,52.045144527667645,389.3738682955649,212.52263408870124,3.2547037326921933,28.85725906617476,0,1
2024-07-23 11:00:00,39.04076395542675,51.62961802228663,388.14809011143313,237.03819777133737,3.389207766074317,29.36668755988408,0,1
2024-07-23 12:00:00,39.10577747886721,51.716370868554655,387.73,245.4,3.3949508286482533,29.44905165257814,0,1
2024-07-23 13:00:00,38.638840166780064,52.29949100336444,388.14809011143313,237.03819777133737,3.270848642847036,29.09873836745296,0,1
2024-07-23 14:00:00,34.92132034355964,60.064466094067264,440.0,212.52263408870127,2.235701434222473,26.93421356237309,0,0
2024-07-23 15:00:00,34.2488887394336,61.1,440.0,173.52400410317878,2.0980397255606933,26.52,0,0
2024-07-23 16:00:00,33.576457135307564,62.3059047744874,440.0,122.7,1.9582441709464848,26.037638090205043,0,0
2024-07-23 17:00:00,32.8,63.6,440.0,63.51419366815866,1.8105330855810207,25.52,0,0
2024-07-23 18:00:00,32.02354286469244,64.89409522551261,440.0,3.0052832451076046e-14,1.671428890765691,25.00236190979496,0,0
2024-07-23 19:00:00,31.3,66.1,440.0,0.0,1.5491941975581072,24.52,0,0
2024-07-23 20:00:00,30.67867965644036,67.13553390593273,440.0,0.0,1.4496710733273137,24.105786437626904,0,0
2024-07-23 21:00:00,30.201923788646685,67.93012701892219,440.0,0.0,1.3765851717868807,23.78794919243112,0,0
2024-07-23 22:00:00,29.9022225211328,68.42962913144535,440.0,0.0,1.3320570668898764,23.588148347421864,0,0
2024-07-23 23:00:00,29.8,68.6,440.0,0.0,1.3171146398280436,23.52,0,0
2024-07-24 00:00:00,30.4022225211328,66.72962913144534,440.0,0.0,1.4445803563037323,23.74814834742186,0,0
2024-07-24 01:00:00,29.201923788646685,61.63012701892219,400.0,0.0,1.5549997174310755,21.527949192431123,0,1
2024-07-24 02:00:00,29.67867965644036,60.835533905932735,400.0,0.0,1.631391246343961,21.845786437626906,0,1
2024-07-24 03:00:00,30.3,59.8,400.0,0.0,1.7352834039139857,22.26,0,1
2024-07-24 04:00:00,31.02354286469244,58.5940952255126,400.0,0.0,1.86269318054363,22.74236190979496,0,1
2024-07-24 05:00:00,31.8,57.3,400.0,0.0,2.0074555020461564,23.26,0,1
2024-07-24 06:00:00,32.576457135307564,56.00590477448739,400.0,0.0,2.16093309334227,23.77763809020504,0,1
2024-07-24 07:00:00,34.64948250116454,54.125258749417725,396.6262937470887,67.47412505822716,2.5298368351067326,25.474534251048087,0,1
2024-07-24 08:00:00,36.52832034355964,52.46096609406726,393.4825,130.34999999999997,2.90719713814731,27.020513562373093,0,1
2024-07-24 09:00:00,38.08493096845997,51.12644560252448,390.78286310723337,184.34273785533296,3.252653309972885,28.31022008896487,0,1
2024-07-24 10:00:00,39.21323393419927,50.21264264088863,388.71135886166985,225.7728227666032,3.5209104871630896,29.255762462377,0,1
2024-07-24 11:00:00,39.8363372582712,49.7818313708644,387.409156854322,251.8168629135601,3.6717124590432686,29.79270353244408,0,1
2024-07-24 12:00:00,39.91177747886721,49.863370868554654,386.965,260.7,3.6805324000708795,29.88445165257814,0,1
2024-07-24 13:00:00,39.43441346962452,50.451704351942205,387.409156854322,251.8168629135601,3.545758024574106,29.52475434001296,0,1
2024-07-24 14:00:00,35.42132034355964,58.36446609406726,440.0,225.7728227666032,2.396101692728644,27.094213562373096,0,0
2024-07-24 15:00:00,34.8,59.4,440.0,184.34273785533296,2.2576947233387803,26.68,0,0
2024-07-24 16:00:00,34.076457135307564,60.60590477448739,440.0,130.34999999999997,2.104411457413866,26.197638090205043,0,0
2024-07-24 17:00:00,33.3,61.9,440.0,67.47412505822723,1.9489724655420608,25.68,0,0
2024-07-24 18:00:00,32.52354286469244,63.194095225512605,440.0,3.19265420537715e-14,1.8024827575412627,25.16236190979496,0,0
2024-07-24 19:00:00,31.8,64.4,440.0,0.0,1.6736631351953901,24.68,0,0
2024-07-24 20:00:00,31.17867965644036,65.43553390593274,440.0,0.0,1.568706650534366,24.265786437626907,0,0
2024-07-24 21:00:00,30.701923788646685,66.23012701892219,440.0,0.0,1.4915861939154014,23.947949192431125,0,0
2024-07-24 22:00:00,30.4022225211328,66.72962913144534,440.0,0.0,1.4445803563037323,23.74814834742186,0,0
2024-07-24 23:00:00,30.3,66.9,440.0,0.0,1.428803001730172,23.68,0,0
2024-07-25 00:00:00,28.802222521132794,72.02962913144535,440.0,0.0,1.1076608067978257,23.20814834742186,0,0
2024-07-25 01:00:00,27.601923788646683,66.9301270189222,400.0,0.0,1.2213355153758507,20.987949192431124,0,1
2024-07-25 02:00:00,28.07867965644036,66.13553390593275,400.0,0.0,1.2859291062472737,21.305786437626907,0,1
2024-07-25 03:00:00,28.7,65.10000000000001,400.0,0.0,1.373926972529453,21.72,0,1
2024-07-25 04:00:00,29.42354286469244,63.89409522551261,400.0,0.0,1.4820649976217162,22.20236190979496,0,1
2024-07-25 05:00:00,30.2,62.6,400.0,0.0,1.605201657888918,22.72,0,1
2024-07-25 06:00:00,30.97645713530756,61.3059047744874,400.0,0.0,1.7360393134766274,23.23763809020504,0,1
2024-07-25 07:00:00,32.59447861987431,59.65276069006285,397.76380345031424,44.723930993715584,1.9838147375985933,24.52503075788688,0,1
2024-07-25 08:00:00,34.04932034355964,58.20046609406727,395.68,86.39999999999999,2.229539006672572,25.689413562373097,0,1
2024-07-25 09:00:00,35.24183724713403,57.047992463187455,393.89059741054825,122.18805178903544,2.447522991986459,26.65143573977152,0,1
2024-07-25 10:00:00,36.09076127434622,56.27387897081515,392.51754051130246,149.649189773951,2.6107321422939105,27.34553706850925,0,1
2024-07-25 11:00:00,36.53823965565503,55.93088017217249,391.6544008608624,166.911982782751,2.6964597945016777,27.72441569008953,0,1
2024-07-25 12:00:00,36.5537774788672,56.042370868554656,391.36,172.8,2.6919227934278998,27.762251652578136,0,1
2024-07-25 13:00:00,36.13631586700834,56.6007531532503,440.0,166.911982782751,2.597694941523491,27.456466497658404,0,1
2024-07-25 14:00:00,33.82132034355964,63.66446609406727,440.0,149.649189773951,1.913635751934603,26.554213562373093,0,0
2024-07-25 15:00:00,33.2,64.7,440.0,122.18805178903544,1.7956591589044975,26.140000000000004,0,0
2024-07-25 16:00:00,32.47645713530756,65.9059047744874,440.0,86.39999999999999,1.665257942407943,25.65763809020504,0,0
2024-07-25 17:00:00,31.7,67.2,440.0,44.72393099371563,1.5333213392032274,25.14,0,0
2024-07-25 18:00:00,30.92354286469244,68.49409522551261,440.0,2.1161896689266264e-14,1.409282413521147,24.62236190979496,0,0
2024-07-25 19:00:00,30.2,69.7,440.0,0.0,1.3004708618725724,24.14,0,0
2024-07-25 20:00:00,29.57867965644036,70.73553390593274,440.0,0.0,1.2120166091728206,23.725786437626905,0,0
2024-07-25 21:00:00,29.101923788646683,71.5301270189222,440.0,0.0,1.1471457074556513,23.40794919243113,0,0
2024-07-25 22:00:00,28.802222521132794,72.02962913144535,440.0,0.0,1.1076608067978257,23.20814834742186,0,0
2024-07-25 23:00:00,28.7,72.2,440.0,0.0,1.0944174738200232,23.14,0,0
2024-07-26 00:00:00,30.102222521132795,68.02962913144535,440.0,0.0,1.3644975831604007,23.708148347421865,0,0
2024-07-26 01:00:00,28.901923788646684,62.93012701892219,400.0,0.0,1.4765042662890595,21.487949192431124,0,1
2024-07-26 02:00:00,29.37867965644036,62.13553390593274,400.0,0.0,1.550237654045674,21.805786437626907,0,1
2024-07-26 03:00:00,30.0,61.1,400.0,0.0,1.6505523078572562,22.22,0,1
2024-07-26 04:00:00,30.72354286469244,59.89409522551261,400.0,0.0,1.7736295677791454,22.70236190979496,0,1
2024-07-26 05:00:00,31.5,58.6,400.0,0.0,1.9135365258525592,23.22,0,1
2024-07-26 06:00:00,32.27645713530756,57.3059047744874,400.0,0.0,2.061937727890846,23.73763809020504,0,1
2024-07-26 07:00:00,34.05908753255952,55.57045623372024,397.3522811686012,52.95437662797574,2.3711093100307123,25.17317877930357,0,1
2024-07-26 08:00:00,35.667320343559645,54.04146609406726,394.885,102.29999999999998,2.680949668846561,26.4756135623731,0,1
2024-07-26 09:00:00,36.99155715996867,52.823132506770136,392.7662976284616,144.67404743076762,2.9589001304073066,27.5561836613227,0,1
2024-07-26 10:00:00,37.941553431153125,51.998482892411694,391.1405601192852,177.1887976142961,3.1699480023483284,28.341250009635463,0,1
2024-07-26 11:00:00,38.45256848117487,51.62371575941257,390.1185787970628,197.62842405874332,3.2840739592296027,28.77731163305738,0,1
2024-07-26 12:00:00,38.4897774788672,51.72437086855466,389.77,204.6,3.283818736247858,28.83465165257813,0,1
2024-07-26 13:00:00,38.05064469252818,52.29358874049038,440.0,197.62842405874332,3.1690992070632844,28.50936244062625,0,1
2024-07-26 14:00:00,35.121320343559645,59.66446609406727,440.0,177.18879761429616,2.283190345837857,27.0542135623731,0,0
2024-07-26 15:00:00,34.5,60.7,440.0,144.67404743076762,2.1493743397453953,26.64,0,0
2024-07-26 16:00:00,33.77645713530757,61.9059047744874,440.0,102.29999999999998,2.001238938880963,26.157638090205047,0,0
2024-07-26 17:00:00,33.0,63.2,440.0,52.9543766279758,1.851094388783321,25.64,0,0
2024-07-26 18:00:00,32.22354286469243,64.49409522551261,440.0,2.5056273510554847e-14,1.7096693464977963,25.12236190979496,0,0
2024-07-26 19:00:00,31.5,65.7,440.0,0.0,1.5853696337377479,24.64,0,0
2024-07-26 20:00:00,30.87867965644036,66.73553390593274,440.0,0.0,1.4841458464216242,24.22578643762691,0,0
2024-07-26 21:00:00,30.401923788646684,67.5301270189222,440.0,0.0,1.4097991146322755,23.90794919243113,0,0
2024-07-26 22:00:00,30.102222521132795,68.02962913144535,440.0,0.0,1.3644975831604007,23.708148347421865,0,0
2024-07-26 23:00:00,30.0,68.2,440.0,0.0,1.349294688685366,23.64,0,0
2024-07-27 00:00:00,29.9022225211328,66.62962913144534,440.0,0.0,1.408004946323564,23.228148347421865,0,0
2024-07-27 01:00:00,28.701923788646685,61.53012701892219,400.0,0.0,1.5146328300929186,21.00794919243112,0,1
2024-07-27 02:00:00,29.17867965644036,60.73553390593273,400.0,0.0,1.5891215256389946,21.325786437626903,0,1
2024-07-27 03:00:00,29.8,59.7,400.0,0.0,1.6904369421996863,21.74,0,1
2024-07-27 04:00:00,30.55,58.4940952255126,400.0,0.0,1.8174481514916745,22.22236190979496,0,1
2024-07-27 05:00:00,31.3,57.2,400.0,0.0,1.9559147980969604,22.74,0,1
2024-07-27 06:00:00,32.076457135307564,55.90590477448739,400.0,0.0,2.1056504871956485,23.25763809020504,0,1
2024-07-27 07:00:00,33.98642650274995,54.10678674862502,397.0339337431251,59.32132513749775,2.4393350975168064,24.807783852474955,0,1
2024-07-27 08:00:00,35.713320343559644,52.51846609406726,394.27,114.59999999999998,2.7768078633194198,26.217013562373097,0,1
2024-07-27 09:00:00,37.13945369631245,51.24918423859824,391.89655628760215,162.0688742479567,3.0823355453498658,27.389290544032093,0,1
2024-07-27 10:00:00,38.16763792981507,50.38544064308072,390.0753488726304,198.4930225473933,3.3167554687889504,28.24472605843121,0,1
2024-07-27 11:00:00,38.72780398770909,49.986098006145454,388.9304900307273,221.39019938545445,3.44593450223767,28.72502358893818,0,1
2024-07-27 12:00:00,38.78177747886721,50.07837086855465,388.54,229.2,3.449574999049312,28.797451652578143,0,1
2024-07-27 13:00:00,36.85154891121343,50.65597098722326,388.9304900307273,221.39019938545445,3.0712984782015185,28.457074396507057,0,1
2024-07-27 14:00:00,34.92132034355964,58.26446609406726,440.0,198.4930225473933,2.336470403308488,26.574213562373096,0,0
2024-07-27 15:00:00,34.3,59.3,440.0,162.0688742479567,2.201364412135659,26.16,0,0
2024-07-27 16:00:00,33.576457135307564,60.50590477448739,440.0,114.59999999999998,2.0517558864185133,25.677638090205043,0,0
2024-07-27 17:00:00,32.8,61.8,440.0,59.321325137497816,1.900064941461401,25.16,0,0
2024-07-27 18:00:00,32.02354286469244,63.0940952255126,440.0,2.806890463645733e-14,1.757128775805107,24.64236190979496,0,0
2024-07-27 19:00:00,31.3,64.3,440.0,0.0,1.631452296543493,24.16,0,0
2024-07-27 20:00:00,30.67867965644036,65.33553390593273,440.0,0.0,1.52907013992162,23.745786437626904,0,0
2024-07-27 21:00:00,30.201923788646685,66.1301270189222,440.0,0.0,1.4538493789347668,23.42794919243112,0,0
2024-07-27 22:00:00,29.9022225211328,66.62962913144534,440.0,0.0,1.408004946323564,23.228148347421865,0,0
2024-07-27 23:00:00,29.8,66.8,440.0,0.0,1.3926180268245558,23.16,0,0
2024-07-28 00:00:00,29.4022225211328,67.22962913144534,440.0,0.0,1.3434977413280573,22.848148347421866,0,0
2024-07-28 01:00:00,28.201923788646685,62.13012701892219,400.0,0.0,1.4483710693193665,20.627949192431124,0,1
2024-07-28 02:00:00,28.67867965644036,61.335533905932735,400.0,0.0,1.5202461078181138,20.945786437626907,0,1
2024-07-28 03:00:00,29.3,60.3,400.0,0.0,1.6180327346871106,21.36,0,1
2024-07-28 04:00:00,30.02354286469244,59.0940952255126,400.0,0.0,1.738009310655099,21.84236190979496,0,1
2024-07-28 05:00:00,30.8,57.8,400.0,0.0,1.8743936437952156,22.36,0,1
2024-07-28 06:00:00,31.576457135307564,56.50590477448739,400.0,0.0,2.0190614792163086,22.877638090205043,0,1
2024-07-28 07:00:00,33.4605445982397,54.71972770088015,397.0986385044008,58.027229911985145,2.3371666938469846,24.40449013841573,0,1
2024-07-28 08:00:00,35.16332034355964,53.14346609406726,394.395,112.09999999999998,2.658468835884764,25.792013562373093,0,1
2024-07-28 09:00:00,36.56874301819379,51.88453957765757,392.0733329828988,158.53334034202396,2.948954895767689,26.945650933725307,0,1
2024-07-28 10:00:00,37.58103538943663,51.02874191326994,390.2918552235764,194.16289552847115,3.171447474440698,27.78678377209061,0,1
2024-07-28 11:00:00,38.13121140508018,50.63439429745991,389.1719714872995,216.5605702540091,3.2936260777303716,28.25809026457216,0,1
2024-07-28 12:00:00,38.18177747886721,50.728370868554656,388.79,224.2,3.2963465376771617,28.32745165257814,0,1
2024-07-28 13:00:00,37.729287616433496,51.30426727853772,389.1719714872995,216.5605702540091,3.179050152505381,27.99014107214104,0,1
2024-07-28 14:00:00,34.42132034355964,58.86446609406726,440.0,194.16289552847115,2.2399614143131914,26.194213562373093,0,0
2024-07-28 15:00:00,33.8,59.9,440.0,158.53334034202396,2.109384908690042,25.78,0,0
2024-07-28 16:00:00,33.076457135307564,61.10590477448739,440.0,112.09999999999998,1.9648364647049397,25.29763809020504,0,0
2024-07-28 17:00:00,32.3,62.4,440.0,58.02722991198521,1.8183275496807743,24.78,0,0
2024-07-28 18:00:00,31.52354286469244,63.694095225512605,440.0,2.7456581236883656e-14,1.6803260422365784,24.26236190979496,0,0
2024-07-28 19:00:00,30.8,64.9,440.0,1.3728290618441828e-14,1.559033575763319,23.78,0,0
2024-07-28 20:00:00,30.17867965644036,65.93553390593274,440.0,0.0,1.4602568169717758,23.36578643762691,0,0
2024-07-28 21:00:00,29.701923788646685,66.73012701892219,440.0,0.0,1.3877058498749109,23.047949192431123,0,0
2024-07-28 22:00:00,29.4022225211328,67.22962913144534,440.0,0.0,1.3434977413280573,22.848148347421866,0,0
2024-07-28 23:00:00,29.3,67.4,440.0,0.0,1.3286616410780805,22.78,0,0
2024-07-29 00:00:00,29.102222521132795,69.82962913144534,440.0,0.0,1.2156853840872517,23.068148347421864,0,0
2024-07-29 01:00:00,27.901923788646684,64.7301270189222,400.0,0.0,1.3255823402517124,20.847949192431123,0,1
2024-07-29 02:00:00,28.37867965644036,63.935533905932736,400.0,0.0,1.3935590853399007,21.165786437626902,0,1
2024-07-29 03:00:00,29.0,62.9,400.0,0.0,1.4861063896318767,21.58,0,1
2024-07-29 04:00:00,29.72354286469244,61.694095225512605,400.0,0.0,1.599748438539444,22.06236190979496,0,1
2024-07-29 05:00:00,30.5,60.4,400.0,0.0,1.7290466109185816,22.58,0,1
2024-07-29 06:00:00,31.276457135307563,59.10590477448739,400.0,0.0,1.8663191964121573,23.09763809020504,0,1
2024-07-29 07:00:00,32.615471689253795,57.5922641553731,397.124520408911,30.77358446268972,2.087590294922291,24.133924520328414,0,1
2024-07-29 08:00:00,33.810320343559646,56.269966094067264,397.0275,59.45,2.3016601119961426,25.064313562373098,0,1
2024-07-29 09:00:00,34.77957613701493,55.229123018247,395.796250185846,84.07499628308051,2.486816720650286,25.82540074066433,0,1
2024-07-29 10:00:00,35.4571858890666,54.54066666345496,394.8514789745015,102.97042050996976,2.621333677559773,26.36531922175759,0,1
2024-07-29 11:00:00,35.79697161491541,54.251514192542295,394.2575709627115,114.84858074577022,2.6877858780666672,26.647274453423865,0,1
2024-07-29 12:00:00,35.775777478867205,54.381370868554654,394.055,118.9,2.6770369200475446,26.652051652578137,0,1
2024-07-29 13:00:00,35.39504782626872,54.9213871736201,394.2575709627115,114.84858074577022,2.5904958367078663,26.379325260992744,0,1
2024-07-29 14:00:00,34.121320343559645,61.46446609406726,440.0,102.97042050996976,2.0636923578570974,26.4142135623731,0,0
2024-07-29 15:00:00,33.5,62.5,440.0,84.07499628308051,1.9398567697359308,26.0,0,0
2024-07-29 16:00:00,32.77645713530757,63.705904774487394,440.0,59.45,1.802879272379599,25.517638090205047,0,0
2024-07-29 17:00:00,32.0,65.0,440.0,30.77358446268975,1.6641713886916345,25.0,0,0
2024-07-29 18:00:00,31.22354286469244,66.2940952255126,440.0,1.456105044186203e-14,1.533647135639929,24.48236190979496,0,0
2024-07-29 19:00:00,30.5,67.5,440.0,0.0,1.419040779162977,24.0,0,0
2024-07-29 20:00:00,29.87867965644036,68.53553390593274,440.0,0.0,1.3257956096556633,23.585786437626908,0,0
2024-07-29 21:00:00,29.401923788646684,69.3301270189222,440.0,0.0,1.2573612928696185,23.267949192431125,0,0
2024-07-29 22:00:00,29.102222521132795,69.6650635094611,440.0,0.0,1.2223163937702644,23.068148347421864,0,0
2024-07-29 23:00:00,29.0,70.0,440.0,0.0,1.2017032800257765,23.0,0,0
2024-07-30 00:00:00,28.9022225211328,72.22962913144534,440.0,0.0,1.106121390556244,23.348148347421866,0,0
2024-07-30 01:00:00,27.701923788646685,67.1301270189222,400.0,0.0,1.2210567501330274,21.127949192431124,0,1
2024-07-30 02:00:00,28.17867965644036,66.33553390593275,400.0,0.0,1.2857922047384454,21.445786437626907,0,1
2024-07-30 03:00:00,28.8,65.3,400.0,0.0,1.373985582454106,21.86,0,1
2024-07-30 04:00:00,29.52354286469244,64.0940952255126,400.0,0.0,1.482367040179139,22.34236190979496,0,1
2024-07-30 05:00:00,30.3,62.8,400.0,0.0,1.6057846424278672,22.86,0,1
2024-07-30 06:00:00,31.076457135307564,61.50590477448739,400.0,0.0,1.7369246154050988,23.377638090205043,0,1
2024-07-30 07:00:00,32.71621941966293,59.841890290168536,397.70945145084266,45.81097098314617,1.988079593012315,24.684597477696634,0,1
2024-07-30 08:00:00,34.191320343559646,58.37946609406726,395.575,88.49999999999999,2.2375973843423167,25.8672135623731,0,1
2024-07-30 09:00:00,35.40123421675369,57.218293978377616,393.74210498649904,125.15790027001891,2.459339684359845,26.844893012429218,0,1
2024-07-30 10:00:00,36.263507408264125,56.4375059038562,392.3356751765077,153.28649646984564,2.6256995892074677,27.55100858903537,0,1
2024-07-30 11:00:00,36.7193774250633,56.090311287468346,391.45155643734176,170.9688712531651,2.7134158883944135,27.93743968255697,0,1
2024-07-30 12:00:00,36.73777747886721,56.20037086855465,391.15,177.0,2.7093340451476453,27.97785165257814,0,1
2024-07-30 13:00:00,36.317453636416616,56.76018426854616,391.45155643734176,170.9688712531651,2.6139595274555445,27.669490490125845,0,1
2024-07-30 14:00:00,33.92132034355964,63.86446609406726,440.0,153.28649646984564,1.9137385469699382,26.694213562373093,0,0
2024-07-30 15:00:00,33.3,64.9,440.0,125.15790027001891,1.795510066680481,26.28,0,0
2024-07-30 16:00:00,32.576457135307564,66.10590477448739,440.0,88.49999999999999,1.6648341479978923,25.79763809020504,0,0
2024-07-30 17:00:00,31.8,67.4,440.0,45.81097098314622,1.5326241069485875,25.28,0,0
2024-07-30 18:00:00,31.02354286469244,68.6940952255126,440.0,2.167624834490816e-14,1.4083328368691073,24.76236190979496,0,0
2024-07-30 19:00:00,30.3,69.89999999999999,440.0,0.0,1.299304240244054,24.28,0,0
2024-07-30 20:00:00,29.67867965644036,70.93553390593273,440.0,0.0,1.2106769297361835,23.865786437626905,0,0
2024-07-30 21:00:00,29.201923788646685,71.73012701892219,440.0,0.0,1.145681261938688,23.547949192431123,0,0
2024-07-30 22:00:00,28.9022225211328,72.22962913144534,440.0,0.0,1.106121390556244,23.348148347421866,0,0
2024-07-30 23:00:00,28.8,72.4,440.0,0.0,1.0928530857560033,23.28,0,0
2024-07-31 00:00:00,29.302222521132794,68.32962913144534,440.0,0.0,1.2909386394594415,22.968148347421863,0,0
2024-07-31 01:00:00,28.101923788646683,63.23012701892219,400.0,0.0,1.398145280563983,20.74794919243112,0,1
2024-07-31 02:00:00,28.57867965644036,62.435533905932736,400.0,0.0,1.4684607071729885,21.065786437626905,0,1
2024-07-31 03:00:00,29.2,61.4,400.0,0.0,1.5641523371181338,21.48,0,1
2024-07-31 04:00:00,29.92354286469244,60.194095225512605,400.0,0.0,1.681597629136394,21.96236190979496,0,1
2024-07-31 05:00:00,30.7,58.9,400.0,0.0,1.8151523326970653,22.48,0,1
2024-07-31 06:00:00,31.47645713530756,57.60590477448739,400.0,0.0,1.956869237774909,22.99763809020504,0,1
2024-07-31 07:00:00,33.29376928460325,55.85311535769837,397.26557678849184,54.68846423016264,2.2575082208823884,24.464392356142923,0,1
2024-07-31 08:00:00,34.93432034355964,54.30796609406726,394.7175,105.65,2.559805778408399,25.79591356237309,0,1
2024-07-31 09:00:00,36.28630946864767,53.07575635243063,392.5294168567641,149.4116628647175,2.8318603073973847,26.750803117852477,0,1
2024-07-31 10:00:00,37.25760083526024,52.24045919035814,390.8504416090174,182.99116781965188,3.039127345823499,27.705692673331868,0,1
2024-07-31 11:00:00,37.7820025418976,51.8589987290512,389.794993645256,204.1001270948801,3.151822286952171,28.153802287707844,0,1
2024-07-31 12:00:00,37.8237774788672,51.957370868554655,389.435,211.3,3.1525050836289865,28.21525165257813,0,1
2024-07-31 13:00:00,37.38007875325092,52.528871710129,389.794993645256,204.1001270948801,3.040946645642987,27.885853095276723,0,1
2024-07-31 14:00:00,34.32132034355964,59.96446609406726,440.0,182.9911678196519,2.1679912537137462,26.31421356237309,0,0
2024-07-31 15:00:00,33.7,61.0,440.0,149.4116628647175,2.040109617501278,25.899999999999995,0,0
2024-07-31 16:00:00,32.97645713530756,62.205904774487394,440.0,105.65,1.8985897761725743,25.41763809020504,0,0
2024-07-31 17:00:00,32.2,63.5,440.0,54.68846423016269,1.7552037383209795,24.9,0,0
2024-07-31 18:00:00,31.42354286469244,64.7940952255126,440.0,2.5876786865983573e-14,1.6201977590886407,24.38236190979496,0,0
2024-07-31 19:00:00,30.7511112605664,66.0,440.0,0.0,1.5059705496999198,23.9,0,0
2024-07-31 20:00:00,30.07867965644036,67.03553390593274,440.0,0.0,1.4050283355378683,23.485786437626903,0,0
2024-07-31 21:00:00,29.601923788646683,67.83012701892218,440.0,0.0,1.3341298656181042,23.16794919243112,0,0
2024-07-31 22:00:00,29.302222521132794,68.32962913144534,440.0,0.0,1.2909386394594415,22.968148347421863,0,0
2024-07-31 23:00:00,29.2,68.5,440.0,0.0,1.276445560083451,22.9,0,0
2024-08-01 00:00:00,29.9022225211328,69.22962913144534,440.0,0.0,1.2983024538082384,23.74814834742186,0,0
2024-08-01 01:00:00,28.701923788646685,64.1301270189222,400.0,0.0,1.4122658334517126,21.527949192431123,0,1
2024-08-01 02:00:00,29.17867965644036,63.335533905932735,400.0,0.0,1.4838936598948662,21.845786437626906,0,1
2024-08-01 03:00:00,29.8,62.3,400.0,0.0,1.5813764943158355,22.26,0,1
2024-08-01 04:00:00,30.52354286469244,61.0940952255126,400.0,0.0,1.7010271748493742,22.74236190979496,0,1
2024-08-01 05:00:00,31.3,59.8,400.0,0.0,1.8370975440069586,23.26,0,1
2024-08-01 06:00:00,32.076457135307564,58.50590477448739,400.0,0.0,1.9814912037653114,23.77763809020504,0,1
2024-08-01 07:00:00,33.99367343601282,56.70316328199358,397.015816409968,59.68367180064128,2.30226026091704,25.334306092411538,0,1
2024-08-01 08:00:00,35.72732034355964,55.11146609406726,394.46624999999995,115.29999999999998,2.6271858286521463,26.74961356237309,0,1
2024-08-01 09:00:00,37.15925268618567,53.83928474366163,391.8470588129191,163.05882374161786,2.921718646037952,27.927109634918,0,1
2024-08-01 10:00:00,38.19188664112104,52.973316287427735,390.0147270943654,199.7054581126916,3.147874210356587,28.786549898606584,0,1
2024-08-01 11:00:00,38.75484991084518,52.572575044577405,388.8628752228871,222.74249554225915,3.2724841376180485,29.269364919760665,0,1
2024-08-01 12:00:00,38.80977747886721,52.664370868554656,388.47,230.6,3.2758103253086173,29.34265165257814,0,1
2024-08-01 13:00:00,38.3529261221985,53.242448025655214,388.8628752228871,222.74249554225915,3.157178027662559,29.00141572732954,0,1
2024-08-01 14:00:00,34.92132034355964,57.57122401282761,440.0,199.7054581126916,2.37528000878269,27.094213562373096,0,0
2024-08-01 15:00:00,34.3,61.9,440.0,163.05882374161786,2.060736710131907,26.68,0,0
2024-08-01 16:00:00,33.576457135307564,63.10590477448739,440.0,115.29999999999998,1.9166834085144728,26.197638090205043,0,0
2024-08-01 17:00:00,32.8,64.4,440.0,59.68367180064134,1.7707411496341852,25.68,0,0
2024-08-01 18:00:00,32.02354286469244,65.6940952255126,440.0,2.8240355188337964e-14,1.633340052970396,25.16236190979496,0,0
2024-08-01 19:00:00,31.3,66.9,440.0,0.0,1.5126350424534905,24.68,0,0
2024-08-01 20:00:00,30.67867965644036,67.93553390593274,440.0,0.0,1.4143825992853993,24.265786437626907,0,0
2024-08-01 21:00:00,30.201923788646685,68.73012701892219,440.0,0.0,1.3422455241655982,23.947949192431125,0,0
2024-08-01 22:00:00,29.9022225211328,69.22962913144534,440.0,0.0,1.2983024538082384,23.74814834742186,0,0
2024-08-01 23:00:00,29.8,69.4,440.0,0.0,1.2835575789407045,23.68,0,0
2024-08-02 00:00:00,28.900961894323345,70.62962913144534,440.0,0.0,1.1697656915810921,23.328148347421862,0,0
2024-08-02 01:00:00,28.001923788646685,65.5301270189222,400.0,0.0,1.3030831497760627,21.107949192431125,0,1
2024-08-02 02:00:00,28.47867965644036,64.73553390593274,400.0,0.0,1.3705779979604649,21.425786437626908,0,1
2024-08-02 03:00:00,29.1,63.7,400.0,0.0,1.4624850456430731,21.84,0,1
2024-08-02 04:00:00,29.82354286469244,62.4940952255126,400.0,0.0,1.575363789732265,22.32236190979496,0,1
2024-08-02 05:00:00,30.6,61.2,400.0,0.0,1.7038212753261166,22.84,0,1
2024-08-02 06:00:00,31.376457135307565,59.90590477448739,400.0,0.0,1.8402304487622299,23.357638090205043,0,1
2024-08-02 07:00:00,33.17358139908526,58.16320930045737,397.3160465022869,53.6790699542628,2.125029121587709,24.806223259176733,0,1
2024-08-02 08:00:00,34.795320343559645,56.62746609406726,394.815,103.7,2.4112457942558394,26.120813562373097,0,1
2024-08-02 09:00:00,36.13115513971512,55.40333351689691,392.6673026790955,146.65394641808996,2.668612410558673,27.2118218430945,0,1
2024-08-02 10:00:00,37.09005085376506,54.57423418110572,391.01931656275536,179.61366874489258,2.8643932285922697,28.0048976899862,0,1
2024-08-02 11:00:00,37.60666032744706,54.19666983627647,389.3047862884143,200.3330163723528,2.970413144707815,28.445994294702352,0,1
2024-08-02 12:00:00,37.64577747886721,54.296370868554654,389.63,207.4,2.97024036295239,28.50505165257814,0,1
2024-08-02 13:00:00,37.204736538800375,54.86654281735428,389.9833491813824,200.3330163723528,2.8637754239210773,28.17804510227123,0,1
2024-08-02 14:00:00,34.22132034355965,62.26446609406726,440.0,179.6136687448926,2.0321189535215347,26.674213562373097,0,0
2024-08-02 15:00:00,33.6,63.3,440.0,146.65394641808996,1.9091084773626066,26.26,0,0
2024-08-02 16:00:00,32.87645713530756,64.50590477448739,440.0,103.7,1.7730702409526728,25.77763809020504,0,0
2024-08-02 17:00:00,32.1,65.8,440.0,53.67906995426286,1.6353448782384965,25.26,0,0
2024-08-02 18:00:00,31.32354286469244,67.0940952255126,440.0,2.5399174614316107e-14,1.5057772889651155,24.74236190979496,0,0
2024-08-02 19:00:00,30.6,68.3,440.0,0.0,1.3920395471092244,24.26,0,0
2024-08-02 20:00:00,29.97867965644036,69.33553390593273,440.0,0.0,1.2995229774276198,23.845786437626906,0,0
2024-08-02 21:00:00,29.501923788646685,70.1301270189222,440.0,0.0,1.231637058191949,23.527949192431123,0,0
2024-08-02 22:00:00,29.2022225211328,70.62962913144534,440.0,0.0,1.1903011948435254,23.328148347421862,0,0
2024-08-02 23:00:00,29.1,70.8,440.0,0.0,1.1764342515916733,23.26,0,0
2024-08-03 00:00:00,29.4022225211328,70.92962913144534,440.0,0.0,1.1918076166464424,23.588148347421864,0,0
2024-08-03 01:00:00,28.201923788646685,65.8301270189222,400.0,0.0,1.3068608783778928,21.367949192431126,0,1
2024-08-03 02:00:00,28.67867965644036,65.03553390593274,400.0,0.0,1.3747660025131003,21.685786437626906,0,1
2024-08-03 03:00:00,29.3,64.0,400.0,0.0,1.467233714073954,22.1,0,1
2024-08-03 04:00:00,30.02354286469244,62.794095225512606,400.0,0.0,1.580803780429678,22.58236190979496,0,1
2024-08-03 05:00:00,30.8,61.5,400.0,0.0,1.710051073130706,23.1,0,1
2024-08-03 06:00:00,31.576457135307564,60.205904774487394,400.0,0.0,1.8473019004880604,23.61763809020504,0,1
2024-08-03 07:00:00,33.5526841782962,58.3736579108519,396.8682895542595,62.63420891481002,2.1596584046006155,25.227415760466577,0,1
2024-08-03 08:00:00,35.341320343559644,56.75446609406726,393.95,121.0,2.477806785720842,26.69221356237309,0,1
2024-08-03 09:00:00,36.820473032296206,55.45867457060636,391.4440079476428,171.11984104714452,2.7676717071577652,27.91220794641748,0,1
2024-08-03 10:00:00,37.88934043318389,54.57458939139632,389.5210926142082,209.5781477158341,2.9913631639272875,28.80425831146315,0,1
2024-08-03 11:00:00,38.47508099923909,54.16245950038046,388.3122975019023,233.7540499619545,3.1155062240235254,29.307572899315183,0,1
2024-08-03 12:00:00,38.53777747886721,54.250370868554654,387.9,242.0,3.1200519286223343,29.387851652578146,0,1
2024-08-03 13:00:00,38.073157210592406,54.832332481458266,388.3122975019023,233.7540499619545,3.0041055315820633,29.039623706884058,0,1
2024-08-03 14:00:00,34.42132034355964,62.564466094067264,440.0,209.57814771583412,2.0384845779626244,26.93421356237309,0,0
2024-08-03 15:00:00,33.8,63.6,440.0,171.11984104714452,1.9147533834493145,26.52,0,0
2024-08-03 16:00:00,33.076457135307564,64.8059047744874,440.0,121.0,1.7779213333140034,26.037638090205043,0,0
2024-08-03 17:00:00,32.3,66.1,440.0,62.63420891481009,1.6393963812281453,25.52,0,0
2024-08-03 18:00:00,31.52354286469244,67.39409522551261,440.0,2.963645253936595e-14,1.5090809956004105,25.00236190979496,0,0
2024-08-03 19:00:00,30.8,68.6,440.0,0.0,1.3946910050988097,24.52,0,0
2024-08-03 20:00:00,30.17867965644036,69.63553390593273,440.0,0.0,1.301647249809455,24.105786437626904,0,0
2024-08-03 21:00:00,29.701923788646685,70.43012701892219,440.0,0.0,1.2333766870477063,23.78794919243112,0,0
2024-08-03 22:00:00,29.4022225211328,70.92962913144534,440.0,0.0,1.1918076166464424,23.588148347421864,0,0
2024-08-03 23:00:00,29.3,71.1,440.0,0.0,1.1778626204649245,23.52,0,0
2024-08-04 00:00:00,29.602222521132795,70.92962913144534,440.0,0.0,1.2056098740336434,23.788148347421863,0,0
2024-08-04 01:00:00,28.401923788646684,65.8301270189222,400.0,0.0,1.3221334605330868,21.56794919243112,0,1
2024-08-04 02:00:00,28.950961894323342,65.03553390593274,400.0,0.0,1.3965996464941146,21.885786437626905,0,1
2024-08-04 03:00:00,29.5,64.0,400.0,0.0,1.4842387689772252,22.3,0,1
2024-08-04 04:00:00,30.22354286469244,62.794095225512606,400.0,0.0,1.5990255232923025,22.78236190979496,0,1
2024-08-04 05:00:00,31.0,61.5,400.0,0.0,1.7296480166806545,23.3,0,1
2024-08-04 06:00:00,31.776457135307563,60.205904774487394,400.0,0.0,1.8683489806121019,23.817638090205044,0,1
2024-08-04 07:00:00,33.351514658387295,58.57424267080636,397.8712133540318,42.57573291936466,2.1252160002115437,25.066363192548565,0,1
2024-08-04 08:00:00,34.76632034355965,57.141966094067264,395.8875,82.24999999999999,2.378820657864159,26.096078589605405,0,1
2024-08-04 09:00:00,35.92445752145706,56.00668232602594,394.1840467247407,116.31906550518708,2.602828443336457,27.125793986662245,0,1
2024-08-04 10:00:00,36.74700105731801,55.24575907932925,392.876941053873,142.46117892254014,2.769777676210462,27.79615287318386,0,1
2024-08-04 11:00:00,37.17789596849104,54.911052015754485,392.0552600787724,158.89479842455174,2.8567775887800715,28.16010637164193,0,1
2024-08-04 12:00:00,37.1877774788672,55.02537086855465,391.775,164.5,2.851066546263383,28.19285165257813,0,1
2024-08-04 13:00:00,36.77597217984435,55.58092499683229,392.0552600787724,158.89479842455174,2.753383658982126,27.892157179210813,0,1
2024-08-04 14:00:00,34.621320343559645,59.590462498416144,440.0,142.46117892254017,2.224974062416212,27.1342135623731,0,0
2024-08-04 15:00:00,34.0,63.6,440.0,116.31906550518708,1.9362107163889952,26.72,0,0
2024-08-04 16:00:00,33.27645713530757,64.8059047744874,440.0,82.24999999999999,1.7979526204340819,26.23763809020505,0,0
2024-08-04 17:00:00,32.5,66.1,440.0,42.575732919364704,1.6579740573554653,25.72,0,0
2024-08-04 18:00:00,31.72354286469244,67.39409522551261,440.0,21.287866459682352,1.5262813892722453,25.20236190979496,0,0
2024-08-04 19:00:00,31.0,68.6,440.0,0.0,1.4106739668512354,24.72,0,0
2024-08-04 20:00:00,30.37867965644036,69.63553390593273,440.0,0.0,1.3166336948670674,24.305786437626907,0,0
2024-08-04 21:00:00,29.901923788646684,70.43012701892219,440.0,0.0,1.2476281331906267,23.987949192431124,0,0
2024-08-04 22:00:00,29.602222521132795,70.92962913144534,440.0,0.0,1.2056098740336434,23.788148347421863,0,0
2024-08-04 23:00:00,29.5,71.1,440.0,0.0,1.1915139006511615,23.72,0,0
2024-08-05 00:00:00,27.0022225211328,86.52962913144535,440.0,0.0,0.48032716927715746,24.308148347421863,0,0
2024-08-05 01:00:00,25.801923788646683,81.4301270189222,400.0,0.0,0.616943342490805,22.087949192431125,0,1
2024-08-05 02:00:00,26.27867965644036,80.63553390593275,400.0,0.0,0.6617253651852134,22.405786437626904,0,1
2024-08-05 03:00:00,26.9,79.60000000000001,400.0,0.0,0.7230732408450429,22.82,0,1
2024-08-05 04:00:00,27.623542864692435,78.39409522551261,400.0,0.0,0.798956623292586,23.30236190979496,0,1
2024-08-05 05:00:00,28.4,77.10000000000001,400.0,0.0,0.8859697910850873,23.82,0,1
2024-08-05 06:00:00,29.17645713530756,75.8059047744874,400.0,0.0,0.9790640274163435,24.33763809020504,0,1
2024-08-05 07:00:00,31.159931111559068,73.97003444422047,396.8501722211023,62.99655557795355,1.1801100488972918,25.953938000403163,0,1
2024-08-05 08:00:00,32.95532034355964,72.34746609406727,393.915,121.7,1.3874811456265135,27.424813562373096,0,1
2024-08-05 09:00:00,34.44027202216943,71.04877507566975,391.3945104729597,172.10979054080568,1.5781459363515704,28.65002703730338,0,1
2024-08-05 10:00:00,35.51358914448985,70.16246503574334,390.4174289071252,210.7905832811324,1.7258826441137485,29.546082151638515,0,1
2024-08-05 11:00:00,36.102126922375184,69.74893653881242,388.244682694062,235.10634611875923,1.8073099705822175,30.05191423013767,0,1
2024-08-05 12:00:00,36.165777478867206,69.83637086855467,387.83,243.4,1.8083845850512308,30.13305165257814,0,1
2024-08-05 13:00:00,35.7002031337285,70.41880951989022,388.244682694062,235.10634611875923,1.7287154118256665,29.783965037706544,0,1
2024-08-05 14:00:00,32.02132034355964,78.16446609406727,440.0,210.7905832811324,1.0394820989222089,27.65421356237309,0,0
2024-08-05 15:00:00,31.4,79.2,440.0,166.2452916405662,0.9559508018626889,27.24,0,0
2024-08-05 16:00:00,30.67645713530756,80.4059047744874,440.0,121.7,0.8641975334853429,26.75763809020504,0,0
2024-08-05 17:00:00,29.9,81.7,440.0,62.996555577953615,0.7720382765650526,26.24,0,0
2024-08-05 18:00:00,29.123542864692435,82.99409522551261,440.0,2.9807903091246575e-14,0.6860802622762239,25.72236190979496,0,0
2024-08-05 19:00:00,28.4,84.2,440.0,0.0,0.611280467211545,25.24,0,0
2024-08-05 20:00:00,27.77867965644036,85.23553390593274,440.0,0.0,0.5509349355503445,24.825786437626903,0,0
2024-08-05 21:00:00,27.301923788646683,86.0301270189222,440.0,0.0,0.5069642417140378,24.507949192431123,0,0
2024-08-05 22:00:00,27.0022225211328,86.52962913144535,440.0,0.0,0.48032716927715746,24.308148347421863,1,0
2024-08-05 23:00:00,26.9,86.7,440.0,0.0,0.4714153972176016,24.24,1,0
2024-08-06 00:00:00,27.7022225211328,83.52962913144535,440.0,0.0,0.6118553650002645,24.408148347421864,0,0
2024-08-06 01:00:00,26.501923788646685,78.4301270189222,400.0,0.0,0.7468513738977641,22.187949192431127,0,1
2024-08-06 02:00:00,26.97867965644036,77.63553390593275,400.0,0.0,0.7963724836054431,22.50578643762691,0,1
2024-08-06 03:00:00,27.6,76.60000000000001,400.0,0.0,0.8641109787083988,22.92,0,1
2024-08-06 04:00:00,28.32354286469244,75.39409522551261,400.0,0.0,0.9477518690821458,23.40236190979496,0,1
2024-08-06 05:00:00,29.1,74.10000000000001,400.0,0.0,1.0434810656241207,23.92,0,1
2024-08-06 06:00:00,29.876457135307565,72.8059047744874,400.0,0.0,1.1457118621808777,24.437638090205045,0,1
2024-08-06 07:00:00,31.51311359112169,71.14344320443917,397.124520408911,45.65567955608466,1.3347623099858221,25.74180223200953,0,1
2024-08-06 08:00:00,32.98532034355964,69.68246609406727,395.59,88.19999999999999,1.523761504629127,26.921813562373096,0,1
2024-08-06 09:00:00,34.192748935379456,68.52253661906474,393.7633181899346,124.733636201307,1.6924214539286941,27.897256259192403,0,1
2024-08-06 10:00:00,35.053115103418705,67.74270205627892,392.36165593862125,152.76688122757497,1.8190563881203747,28.601655514674487,0,1
2024-08-06 11:00:00,35.50778631514783,67.3961068424261,391.4805342121304,170.38931575739164,1.8852936862060616,28.987007683633053,0,1
2024-08-06 12:00:00,35.525777478867205,67.50637086855467,391.18,176.4,1.8807799743584344,29.027051652578137,0,1
2024-08-06 13:00:00,35.10586252650115,68.0659798235039,391.4805342121304,170.38931575739164,1.8060807703909973,28.719058491201928,0,1
2024-08-06 14:00:00,32.72132034355964,75.16446609406727,440.0,152.766881227575,1.229868066605798,27.75421356237309,0,0
2024-08-06 15:00:00,32.1,76.2,440.0,124.733636201307,1.138047020528544,27.340000000000003,0,0
2024-08-06 16:00:00,31.376457135307565,77.4059047744874,440.0,88.19999999999999,1.037019086285916,26.857638090205043,0,0
2024-08-06 17:00:00,30.6,78.7,440.0,45.65567955608471,0.9353451846506773,26.340000000000003,0,0
2024-08-06 18:00:00,29.82354286469244,79.99409522551261,440.0,2.160276953695931e-14,0.840309763277535,25.82236190979496,0,0
2024-08-06 19:00:00,29.1,81.2,440.0,0.0,0.7574302715727208,25.340000000000003,0,0
2024-08-06 20:00:00,28.47867965644036,82.23553390593274,440.0,0.0,0.6904283283091982,24.925786437626908,0,0
2024-08-06 21:00:00,28.001923788646685,83.0301270189222,440.0,0.0,0.6415212364612295,24.607949192431125,0,0
2024-08-06 22:00:00,27.7022225211328,83.52962913144535,440.0,0.0,0.6118553650002645,24.408148347421864,0,0
2024-08-06 23:00:00,27.6,83.7,440.0,0.0,0.6019234595276454,24.340000000000003,0,0
2024-08-07 00:00:00,26.4022225211328,88.52962913144535,440.0,0.0,0.3948327930498711,24.108148347421864,0,0
2024-08-07 01:00:00,25.201923788646685,83.4301270189222,400.0,0.0,0.5312432258802496,21.88794919243113,0,1
2024-08-07 02:00:00,25.67867965644036,82.63553390593275,400.0,0.0,0.5727004373765824,22.20578643762691,0,1
2024-08-07 03:00:00,26.3,81.60000000000001,400.0,0.0,0.629558698885912,22.62,0,1
2024-08-07 04:00:00,27.02354286469244,80.39409522551261,400.0,0.0,0.6999832598997462,23.10236190979496,0,1
2024-08-07 05:00:00,27.8,79.10000000000001,400.0,0.0,0.7808522026182558,23.620000000000005,0,1
2024-08-07 06:00:00,28.576457135307564,77.8059047744874,400.0,0.0,0.8674942351852826,24.137638090205044,0,1
2024-08-07 07:00:00,30.280924180938555,76.10953790953073,397.124520408911,49.04620904692768,1.0301364622146005,25.5028317628447,0,1
2024-08-07 08:00:00,31.81632034355964,74.61696609406727,395.2625,94.75,1.194435436889601,26.739713562373097,0,1
2024-08-07 09:00:00,33.07801091205033,73.42990563072931,393.3001632482575,133.99673503485076,1.342374402290917,27.7639920381962,0,1
2024-08-07 10:00:00,33.98001375921023,72.84973809495577,391.7944092991424,164.11181401715112,1.442586739332837,28.50586430488686,0,1
2024-08-07 11:00:00,34.46085888163557,72.26957055918223,390.8478527959111,183.04294408177844,1.5133276783184924,28.91477299347202,0,1
2024-08-07 12:00:00,34.48777747886721,72.37537086855467,390.525,189.5,1.5098071773002275,28.96285165257814,0,1
2024-08-07 13:00:00,34.05893509298889,72.93944354026003,390.8478527959111,183.04294408177844,1.444151516261256,28.64682380104089,0,1
2024-08-07 14:00:00,31.421320343559643,80.16446609406727,440.0,164.11181401715115,0.9127285452252093,27.45421356237309,0,0
2024-08-07 15:00:00,30.8,81.2,440.0,133.99673503485076,0.8350379266196691,27.040000000000003,0,0
2024-08-07 16:00:00,30.076457135307564,82.4059047744874,440.0,94.75,0.7498089908651637,26.55763809020504,0,0
2024-08-07 17:00:00,29.3,83.7,440.0,49.046209046927736,0.66433082053904,26.040000000000003,0,0
2024-08-07 18:00:00,28.52354286469244,84.99409522551261,440.0,2.3207056843842342e-14,0.5847346341096528,25.52236190979496,0,0
2024-08-07 19:00:00,27.8,86.2,440.0,0.0,0.5155866218244944,25.040000000000003,0,0
2024-08-07 20:00:00,27.17867965644036,87.23553390593274,440.0,0.0,0.4598890891493751,24.625786437626907,0,0
2024-08-07 21:00:00,26.701923788646685,88.0301270189222,440.0,0.0,0.41936028310141144,24.307949192431124,1,0
2024-08-07 22:00:00,26.4022225211328,88.52962913144535,440.0,0.0,0.3948327930498711,24.108148347421864,1,0
2024-08-07 23:00:00,26.3,88.7,440.0,0.0,0.38663115746797866,24.040000000000003,1,0
2024-08-08 00:00:00,26.0022225211328,91.32962913144534,440.0,0.0,0.29148759290513027,24.268148347421864,1,0
2024-08-08 01:00:00,24.801923788646683,86.2301270189222,400.0,0.0,0.43107888372227826,22.047949192431123,1,1
2024-08-08 02:00:00,25.27867965644036,85.43553390593274,400.0,0.0,0.4690841414859418,22.41397459621556,1,1
2024-08-08 03:00:00,25.9,84.4,400.0,0.0,0.5212927535630748,22.78,0,1
2024-08-08 04:00:00,26.623542864692435,83.19409522551261,400.0,0.0,0.5860807941559757,23.26236190979496,0,1
2024-08-08 05:00:00,27.4,81.9,400.0,0.0,0.6606260464569587,23.78,0,1
2024-08-08 06:00:00,28.17645713530756,80.6059047744874,400.0,0.0,0.7406490241653853,24.29763809020504,0,1
2024-08-08 07:00:00,29.873677247675683,78.91316137616217,397.5658068808108,48.68386238378415,0.8882658339499604,25.65630952290812,0,1
2024-08-08 08:00:00,31.40232034355964,77.42396609406727,395.2975,94.04999999999998,1.0377125149438733,26.88711356237309,0,1
2024-08-08 09:00:00,32.65821192217711,76.23980512566591,393.3496607229405,133.0067855411896,1.1724495083641537,27.90617294731029,0,1
2024-08-08 10:00:00,33.55576504790426,75.44137708403613,391.8550310774074,157.34871673308163,1.2743700893945678,28.644040464711487,0,1
2024-08-08 11:00:00,34.033812958499475,75.08309352075027,390.9154676037513,181.6906479249737,1.3278924091625204,29.05043166264953,0,1
2024-08-08 12:00:00,34.059777478867204,75.18937086855466,390.595,188.1,1.3241408242922756,29.097651652578136,0,1
2024-08-08 13:00:00,33.63188916985279,79.07691848131097,390.9154676037513,181.6906479249737,1.090343878847832,28.782482470218405,0,1
2024-08-08 14:00:00,31.02132034355964,82.96446609406726,440.0,162.89937845185293,0.766266523449122,27.61421356237309,0,0
2024-08-08 15:00:00,30.4,84.0,440.0,133.0067855411896,0.6946225020259595,27.2,0,0
2024-08-08 16:00:00,29.67645713530756,85.2059047744874,440.0,94.04999999999998,0.6161675600404298,26.71763809020504,0,0
2024-08-08 17:00:00,28.9,86.5,440.0,48.6838623837842,0.5376492673642723,26.2,0,0
2024-08-08 18:00:00,28.123542864692435,87.7940952255126,440.0,2.303560629196172e-14,0.46470395576538365,25.68236190979496,1,0
2024-08-08 19:00:00,27.4,89.0,440.0,0.0,0.4014854425981518,25.2,1,0
2024-08-08 20:00:00,26.77867965644036,90.03553390593274,440.0,0.0,0.3506802357647542,24.785786437626903,1,0
2024-08-08 21:00:00,26.301923788646683,90.8301270189222,440.0,0.0,0.31378414987638004,24.46794919243112,1,0
2024-08-08 22:00:00,26.0022225211328,91.32962913144534,440.0,0.0,0.29148759290513027,24.268148347421864,1,0
2024-08-08 23:00:00,25.9,91.5,440.0,0.0,0.28403771828757285,24.2,1,0
2024-08-09 00:00:00,27.9022225211328,82.32962913144534,440.0,0.0,0.6641344955700282,24.368148347421865,0,0
2024-08-09 01:00:00,26.701923788646685,77.2301270189222,400.0,0.0,0.7977344784378961,22.147949192431128,0,1
2024-08-09 02:00:00,27.17867965644036,76.43553390593274,400.0,0.0,0.8490007156138575,22.465786437626907,0,1
2024-08-09 03:00:00,27.8,75.4,400.0,0.0,0.9190891954262727,22.880000000000003,0,1
2024-08-09 04:00:00,28.52354286469244,74.19409522551261,400.0,0.0,1.005577905027982,23.36236190979496,0,1
2024-08-09 05:00:00,29.3,72.9,400.0,0.0,1.1045009347612262,23.880000000000003,0,1
2024-08-09 06:00:00,30.076457135307564,71.6059047744874,400.0,0.0,1.2100734715075794,24.39763809020504,0,1
2024-08-09 07:00:00,32.14844722498413,69.72577638750793,396.6288819375397,67.42236124920666,1.4515905641677664,26.09360250248572,0,1
2024-08-09 08:00:00,34.02632034355964,68.06196609406727,393.4875,130.24999999999997,1.701358380786816,27.63871356237309,0,1
2024-08-09 09:00:00,35.58210254133523,66.72785981608685,390.7899341750452,184.20131649909564,1.9318216927681535,28.9276745045526,0,1
2024-08-09 10:00:00,36.709769832584136,65.8143746916962,388.7200191157077,225.59961768584623,2.1114061995727025,29.872644770923376,0,1
2024-08-09 11:00:00,37.33247355496604,65.38376322251699,387.41881611258486,251.6236777483023,2.2117494001436615,30.40922619946944,0,1
2024-08-09 12:00:00,37.40777747886721,65.46537086855466,386.975,260.5,2.2155797030956217,30.50085165257814,0,1
2024-08-09 13:00:00,36.93054976631936,66.05363620359478,387.41881611258486,251.6236777483023,2.122027111459462,30.141277007038315,0,1
2024-08-09 14:00:00,32.92132034355964,73.96446609406726,440.0,225.59961768584628,1.3038571627745033,27.714213562373097,0,0
2024-08-09 15:00:00,32.3,75.0,440.0,184.20131649909564,1.208994381436685,27.3,0,0
2024-08-09 16:00:00,31.576457135307564,76.2059047744874,440.0,130.24999999999997,1.1045577762577994,26.817638090205044,0,0
2024-08-09 17:00:00,30.8,77.5,440.0,67.42236124920673,0.9993804972841788,26.3,0,0
2024-08-09 18:00:00,30.02354286469244,78.7940952255126,440.0,3.190204911778855e-14,0.9009960821575876,25.78236190979496,0,0
2024-08-09 19:00:00,29.3,80.0,440.0,0.0,0.8151298411521966,25.3,0,0
2024-08-09 20:00:00,28.67867965644036,81.03553390593274,440.0,0.0,0.7456628444373675,24.885786437626905,0,0
2024-08-09 21:00:00,28.201923788646685,81.8301270189222,440.0,0.0,0.6949249175499012,24.56794919243113,0,0
2024-08-09 22:00:00,27.9022225211328,82.32962913144534,440.0,0.0,0.6641344955700282,24.368148347421865,0,0
2024-08-09 23:00:00,27.4522225211328,82.5,440.0,0.0,0.6406804278480317,24.3,0,0
2024-08-10 00:00:00,27.0022225211328,83.92962913144534,440.0,0.0,0.5730381014635862,23.78814834742186,0,0
2024-08-10 01:00:00,25.801923788646683,78.8301270189222,400.0,0.0,0.7033226457908641,21.56794919243112,0,1
2024-08-10 02:00:00,26.27867965644036,78.03553390593274,400.0,0.0,0.7505729451352057,21.885786437626905,0,1
2024-08-10 03:00:00,26.9,77.0,400.0,0.0,0.8152296342860779,22.3,0,1
2024-08-10 04:00:00,27.623542864692435,75.7940952255126,400.0,0.0,0.8951010450255573,22.78236190979496,0,1
2024-08-10 05:00:00,28.4,74.5,400.0,0.0,0.9865602477148359,23.3,0,1
2024-08-10 06:00:00,29.17645713530756,73.2059047744874,400.0,0.0,1.084278396771979,23.81763809020504,0,1
2024-08-10 07:00:00,31.017580636752683,71.44120968162366,397.124520408911,55.87903183763423,1.284314722465246,25.30582257307741,0,1
2024-08-10 08:00:00,32.68032034355964,69.88496609406727,394.6025,107.95,1.4878782484573183,26.657313562373098,0,1
2024-08-10 09:00:00,34.051363292516825,68.64322944049604,392.3667822970912,152.66435405817563,1.6727242240272007,27.78000918061604,0,1
2024-08-10 10:00:00,35.03727517240841,67.80062202178405,390.65125576614696,186.9748846770603,1.8142016883614902,28.597399576765216,0,1
2024-08-10 11:00:00,35.570867717916194,67.4145661410419,389.5728307052095,208.54338589580985,1.8907811740717744,29.053780946124576,0,1
2024-08-10 12:00:00,35.6157774788672,67.51137086855465,389.205,215.9,1.8898288233505012,29.11805165257813,0,1
2024-08-10 13:00:00,35.16894392926951,68.0844391221197,389.5728307052095,208.54338589580985,1.8113347442264787,28.78583175369345,0,1
2024-08-10 14:00:00,32.02132034355964,75.56446609406726,440.0,186.97488467706032,1.1632552784029924,27.134213562373088,0,0
2024-08-10 15:00:00,31.4,76.6,440.0,152.66435405817563,1.0754446520955256,26.72,0,0
2024-08-10 16:00:00,30.67645713530756,77.80590477448739,440.0,107.95,0.978870528650554,26.23763809020504,0,0
2024-08-10 17:00:00,29.9,79.1,440.0,55.87903183763429,0.8817267748748422,25.72,0,0
2024-08-10 18:00:00,29.123542864692435,80.3940952255126,440.0,2.6440124393591362e-14,0.7909737510716156,25.20236190979496,0,0
2024-08-10 19:00:00,28.4,81.6,440.0,0.0,0.7118709238412935,24.72,0,0
2024-08-10 20:00:00,27.77867965644036,82.63553390593273,440.0,0.0,0.6479537388924094,24.305786437626903,0,0
2024-08-10 21:00:00,27.301923788646683,83.43012701892219,440.0,0.0,0.6013177859618541,23.98794919243112,0,0
2024-08-10 22:00:00,27.0022225211328,83.92962913144534,440.0,0.0,0.5730381014635862,23.78814834742186,0,0
2024-08-10 23:00:00,26.9,84.1,440.0,0.0,0.5635717906586366,23.72,0,0
2024-08-11 00:00:00,26.300961894323343,89.02962913144535,440.0,0.0,0.37537414335816977,24.708148347421865,0,0
2024-08-11 01:00:00,25.701923788646685,83.9301270189222,400.0,0.0,0.5307337083072419,22.487949192431127,0,1
2024-08-11 02:00:00,26.17867965644036,83.13553390593275,400.0,0.0,0.5729042294018581,22.805786437626907,0,1
2024-08-11 03:00:00,26.8,82.10000000000001,400.0,0.0,0.6307458071129768,23.22,0,1
2024-08-11 04:00:00,27.52354286469244,80.89409522551261,400.0,0.0,0.7023951243049646,23.70236190979496,0,1
2024-08-11 05:00:00,28.3,79.60000000000001,400.0,0.0,0.7846781199672637,24.22,0,1
2024-08-11 06:00:00,29.076457135307564,78.3059047744874,400.0,0.0,0.8728424772313275,24.73763809020505,0,1
2024-08-11 07:00:00,30.80732372353901,76.59633813823051,397.4816906911525,50.366186176950535,1.039952515326126,26.126591351185112,0,1
2024-08-11 08:00:00,32.36732034355964,75.09146609406727,395.135,97.29999999999998,1.2091508849041508,27.38561356237309,0,1
2024-08-11 09:00:00,33.65013580373136,73.8938431848888,393.1198510190549,137.60297961890214,1.3618308792371967,28.285489499663683,0,1
2024-08-11 10:00:00,34.56834835039624,73.08508543279015,391.57357282117744,168.52854357645174,1.4776063862059385,29.18536543695427,0,1
2024-08-11 11:00:00,35.05938331591705,72.72030834204148,390.60154171020736,187.9691657958527,1.5388916098363141,29.60344498432535,0,1
2024-08-11 12:00:00,35.089777478867205,72.82437086855467,390.27,194.6,1.5355973575962516,29.65465165257814,0,1
2024-08-11 13:00:00,34.65745952727037,73.39018132311928,390.60154171020736,187.9691657958527,1.4680902894674175,29.335495791894225,0,1
2024-08-11 14:00:00,31.921320343559643,80.66446609406727,440.0,168.52854357645177,0.9152815155611509,28.054213562373096,0,0
2024-08-11 15:00:00,31.3,81.7,440.0,137.60297961890214,0.8362906730180928,27.64,0,0
2024-08-11 16:00:00,30.576457135307564,82.9059047744874,440.0,97.29999999999998,0.7496430974153284,27.157638090205044,0,0
2024-08-11 17:00:00,29.8,84.2,440.0,50.36618617695059,0.6627519525249387,26.64,0,0
2024-08-11 18:00:00,29.02354286469244,85.49409522551261,440.0,2.3831626711407492e-14,0.5818507935935401,26.12236190979496,0,0
2024-08-11 19:00:00,28.3,86.7,440.0,0.0,0.5115793625276769,25.64,0,0
2024-08-11 20:00:00,27.67867965644036,87.73553390593274,440.0,0.0,0.4549852496463903,25.22578643762691,1,0
2024-08-11 21:00:00,27.201923788646685,88.5301270189222,440.0,0.0,0.4138094866074103,24.90794919243113,1,0
2024-08-11 22:00:00,26.9022225211328,89.02962913144535,440.0,0.0,0.3888929782401032,24.708148347421865,1,0
2024-08-11 23:00:00,27.502222521132797,89.2,440.0,0.0,0.39654868941677296,24.64,1,0
2024-08-12 00:00:00,28.102222521132795,85.02962913144535,440.0,0.0,0.5692463822333221,25.108148347421864,1,0
2024-08-12 01:00:00,26.901923788646684,79.9301270189222,400.0,0.0,0.711452318272177,22.88794919243113,0,1
2024-08-12 02:00:00,27.37867965644036,79.13553390593275,400.0,0.0,0.7605762719600784,23.205786437626905,0,1
2024-08-12 03:00:00,28.0,78.10000000000001,400.0,0.0,0.8278047497149621,23.62,0,1
2024-08-12 04:00:00,28.72354286469244,76.89409522551261,400.0,0.0,0.910863610475929,24.10236190979496,0,1
2024-08-12 05:00:00,29.5,75.60000000000001,400.0,0.0,1.0059840545290077,24.62,0,1
2024-08-12 06:00:00,30.276457135307563,74.3059047744874,400.0,0.0,1.1076243526600635,25.137638090205044,0,1
2024-08-12 07:00:00,32.21903770243287,72.49048114878357,396.9524057439178,60.95188512164364,1.3242932137152978,26.717133932189583,0,1
2024-08-12 08:00:00,33.97632034355964,70.88696609406728,394.1125,117.75,1.5465574363346093,28.1537135623731,0,1
2024-08-12 09:00:00,35.42854915074196,69.60463651138349,391.6738176515284,166.52364696943195,1.749933025245176,29.349476453018656,0,1
2024-08-12 10:00:00,36.47675713069191,68.73088104264231,389.8025508704382,203.94898259123528,1.906845964062613,30.22293333922037,0,1
2024-08-12 11:00:00,37.04951064182151,68.32524467908925,388.62622339544623,227.4755320910756,1.9928984018037097,30.714559577639363,0,1
2024-08-12 12:00:00,37.107777478867206,68.41537086855466,388.225,235.5,1.9935410521950234,30.790851652578137,0,1
2024-08-12 13:00:00,36.64758685317483,68.99511766016705,388.62622339544623,227.4755320910756,1.908463954341829,29.62253260747562,0,1
2024-08-12 14:00:00,33.121320343559645,76.66446609406727,440.0,203.9489825912353,1.1818233306415473,28.4542135623731,0,0
2024-08-12 15:00:00,32.5,77.7,440.0,166.52364696943195,1.0906437014462202,28.04,0,0
2024-08-12 16:00:00,31.776457135307563,78.9059047744874,440.0,117.75,0.9903763633317636,27.55763809020504,0,0
2024-08-12 17:00:00,31.0,80.2,440.0,60.9518851216437,0.8895332657214792,27.04,0,0
2024-08-12 18:00:00,30.22354286469244,81.49409522551261,440.0,2.8840432119920165e-14,0.7953418750432717,26.52236190979496,0,0
2024-08-12 19:00:00,29.5,82.7,440.0,0.0,0.713259186202944,26.04,0,0
2024-08-12 20:00:00,28.87867965644036,83.73553390593274,440.0,0.0,0.6469482866682595,25.625786437626907,0,0
2024-08-12 21:00:00,28.401923788646684,84.5301270189222,440.0,0.0,0.5985751457082108,25.307949192431124,0,0
2024-08-12 22:00:00,28.102222521132795,85.02962913144535,440.0,0.0,0.5692463822333221,25.108148347421864,0,0
2024-08-12 23:00:00,28.0,85.2,440.0,0.0,0.559429693871299,25.04,0,0
2024-08-13 00:00:00,26.802222521132794,89.42962913144534,440.0,0.0,0.3725188717778824,24.688148347421865,1,0
2024-08-13 01:00:00,25.601923788646683,84.3301270189222,400.0,0.0,0.5144647530815726,22.467949192431124,0,1
2024-08-13 02:00:00,26.07867965644036,83.53553390593274,400.0,0.0,0.556022434171835,22.785786437626903,0,1
2024-08-13 03:00:00,26.7,82.5,400.0,0.0,0.6130369848460113,23.2,0,1
2024-08-13 04:00:00,27.42354286469244,81.2940952255126,400.0,0.0,0.6836814831502771,23.68236190979496,0,1
2024-08-13 05:00:00,28.2,80.0,400.0,0.0,0.7648344036108099,24.2,0,1
2024-08-13 06:00:00,28.97645713530756,78.7059047744874,400.0,0.0,0.851812996986246,24.717638090205043,0,1
2024-08-13 07:00:00,30.90402619781693,76.89798690109154,396.9899345054577,60.201309890846325,1.0322218450874387,26.28362357803524,0,1
2024-08-13 08:00:00,32.64732034355964,75.30146609406727,394.185,116.29999999999998,1.2180056984838983,27.70761356237309,0,1
2024-08-13 09:00:00,34.08753695743314,74.0251426080379,391.77634813480046,164.47303730399096,1.3884187140491957,28.89256547904072,0,1
2024-08-13 10:00:00,35.12652765727241,73.15599577935205,389.928124553987,201.4375089202604,1.5199401571538265,29.757726813142824,0,1
2024-08-13 11:00:00,35.693486943896744,72.75325652805162,388.7662826402581,224.67434719483728,1.591703117784211,30.03818923286048,0,1
2024-08-13 12:00:00,35.7497774788672,72.84437086855466,388.37,232.6,1.591297511403891,30.318651652578133,0,1
2024-08-13 13:00:00,35.29156315525006,73.42312950912942,388.7662826402581,224.67434719483728,1.5185826258333774,29.976189057075945,0,1
2024-08-13 14:00:00,31.82132034355964,81.06446609406726,440.0,201.43750892026043,0.8912911160957904,28.034213562373093,0,0
2024-08-13 15:00:00,31.2,82.1,440.0,164.47303730399096,0.8133759260095278,27.62,0,0
2024-08-13 16:00:00,30.47645713530756,83.30590477448739,440.0,116.29999999999998,0.7279307765389509,27.13763809020504,0,0
2024-08-13 17:00:00,29.7,84.6,440.0,60.20130989084639,0.6422719682840389,26.62,0,0
2024-08-13 18:00:00,28.92354286469244,85.8940952255126,440.0,2.8485284548167443e-14,0.5625452973117933,26.10236190979496,0,0
2024-08-13 19:00:00,28.2,87.1,440.0,0.0,0.49331819032897256,25.62,0,0
2024-08-13 20:00:00,27.57867965644036,88.13553390593273,440.0,0.0,0.4375836247422764,25.205786437626905,1,0
2024-08-13 21:00:00,27.101923788646683,88.93012701892219,440.0,0.0,0.39704479948451776,24.88794919243112,1,0
2024-08-13 22:00:00,26.802222521132794,89.42962913144534,440.0,0.0,0.3725188717778824,24.688148347421865,1,0
2024-08-13 23:00:00,26.7,89.6,440.0,0.0,0.36431912242277265,24.62,1,0
2024-08-14 00:00:00,26.4022225211328,92.12962913144534,440.0,0.0,0.27091369128166104,24.828148347421862,1,0
2024-08-14 01:00:00,25.201923788646685,87.0301270189222,400.0,0.0,0.41582438016230877,22.607949192431125,1,1
2024-08-14 02:00:00,25.67867965644036,86.23553390593274,400.0,0.0,0.45396821932928516,22.925786437626908,1,1
2024-08-14 03:00:00,26.3,85.2,400.0,0.0,0.5063841708430165,23.34,1,1
2024-08-14 04:00:00,27.02354286469244,83.99409522551261,400.0,0.0,0.5714536273923901,23.82236190979496,0,1
2024-08-14 05:00:00,27.8,82.7,400.0,0.0,0.6463513447509963,24.34,0,1
2024-08-14 06:00:00,28.576457135307564,81.4059047744874,400.0,28.75479591089005,0.7267820676049129,24.857638090205043,0,1
2024-08-14 07:00:00,30.450191836435604,79.6249040817822,397.124520408911,57.509591821780106,0.8871046312236404,26.375172652792045,0,1
2024-08-14 08:00:00,32.143320343559644,78.05346609406726,394.445,111.09999999999998,1.0519894320994814,27.754013562373096,0,1
2024-08-14 09:00:00,33.540458746946335,76.7986817132813,392.1440436610175,157.11912677965086,1.2029092447875864,28.9001950896026,0,1
2024-08-14 10:00:00,34.54639437328525,75.94606242134563,390.3784577639549,192.43084472090223,1.3189345297353083,29.73560685755438,0,1
2024-08-14 11:00:00,35.09257437202862,75.5537128139857,389.26856406992846,214.62871860143096,1.381585445539608,30.20331693482576,0,1
2024-08-14 12:00:00,35.141777478867205,75.64837086855466,388.89,222.2,1.3799803562000554,30.271451652578136,0,1
2024-08-14 13:00:00,34.69065058338194,76.2235857950635,389.26856406992846,214.62871860143096,1.314182952886283,29.93536774239464,0,1
2024-08-14 14:00:00,31.421320343559643,83.76446609406726,440.0,185.87392269054092,0.7470751890618056,28.17421356237309,0,0
2024-08-14 15:00:00,30.8,84.8,440.0,157.11912677965086,0.6751370470542009,27.76,0,0
2024-08-14 16:00:00,30.076457135307564,86.00590477448739,440.0,111.09999999999998,0.5963874973176916,27.27763809020504,0,0
2024-08-14 17:00:00,29.3,87.3,440.0,57.50959182178017,0.5176074491316449,26.76,0,0
2024-08-14 18:00:00,28.52354286469244,88.5940952255126,440.0,2.7211651877054183e-14,0.44445354380354324,26.24236190979496,1,0
2024-08-14 19:00:00,27.8,89.8,440.0,0.0,0.3810857639572349,25.76,1,0
2024-08-14 20:00:00,27.17867965644036,90.83553390593272,440.0,0.0,0.330185213661215,25.345786437626906,1,0
2024-08-14 21:00:00,26.701923788646685,91.6301270189222,440.0,0.0,0.29323555132258344,25.027949192431123,1,0
2024-08-14 22:00:00,26.4022225211328,92.12962913144534,440.0,0.0,0.27091369128166104,24.828148347421862,1,0
2024-08-14 23:00:00,26.3,92.3,440.0,0.0,0.2634566294250831,24.76,1,0
2024-08-15 00:00:00,27.302222521132794,89.92962913144534,440.0,0.0,0.36545838387581664,25.288148347421863,1,0
2024-08-15 01:00:00,26.101923788646683,84.8301270189222,400.0,0.0,0.5130065841598634,23.06794919243112,0,1
2024-08-15 02:00:00,26.57867965644036,84.03553390593274,400.0,0.0,0.5552690517917077,23.385786437626905,0,1
2024-08-15 03:00:00,27.2,83.0,400.0,0.0,0.6132560114293374,23.8,0,1
2024-08-15 04:00:00,27.92354286469244,81.7940952255126,400.0,0.0,0.685112869382104,24.28236190979496,0,1
2024-08-15 05:00:00,28.7,80.5,400.0,0.0,0.767666933075196,24.8,0,1
2024-08-15 06:00:00,29.47645713530756,79.2059047744874,400.0,0.0,0.8561553807820587,25.31763809020504,0,1
2024-08-15 07:00:00,31.46458985437092,77.36770507281454,396.8385253640727,61.075,1.0439811066916065,26.938130868933825,0,1
2024-08-15 08:00:00,33.26432034355964,75.74296609406726,393.8925,122.15,1.2383718419158372,28.41291356237309,0,1
2024-08-15 09:00:00,34.75299994423079,74.44241111463907,391.3626906678063,172.7461866438736,1.4175194687390418,29.6414821671586,0,1
2024-08-15 10:00:00,35.82917760175797,73.55467080710928,389.42149969277307,211.57000614453835,1.556450772741688,30.540111763179823,0,1
2024-08-15 11:00:00,36.41951358724839,73.1402432063758,388.201216031879,235.9756793624194,1.6328356831038253,31.04756222852355,0,1
2024-08-15 12:00:00,36.4837774788672,73.22737086855466,387.785,244.3,1.633268877817045,31.129251652578134,0,1
2024-08-15 13:00:00,36.017589798601705,77.39591848131096,440.0,235.9756793624194,1.3442045441905597,30.779613036092424,0,1
2024-08-15 14:00:00,32.32132034355964,81.56446609406726,440.0,211.5700061445384,0.892610563809593,28.63421356237309,0,0
2024-08-15 15:00:00,31.7,82.6,440.0,172.7461866438736,0.8134082714065904,28.22,0,0
2024-08-15 16:00:00,30.97645713530756,83.80590477448739,440.0,122.15,0.7265601067508001,27.73763809020504,0,0
2024-08-15 17:00:00,30.2,85.1,440.0,63.229492718545885,0.6395054733300771,27.22,0,0
2024-08-15 18:00:00,29.42354286469244,86.3940952255126,440.0,2.991812130316984e-14,0.558491342432458,26.70236190979496,0,0
2024-08-15 19:00:00,28.7,87.6,440.0,0.0,0.48815743436576614,26.22,1,0
2024-08-15 20:00:00,28.07867965644036,88.63553390593273,440.0,0.0,0.4315407686253643,25.805786437626903,1,0
2024-08-15 21:00:00,27.601923788646683,89.43012701892219,440.0,0.0,0.39036621858779247,25.48794919243112,1,0
2024-08-15 22:00:00,27.302222521132794,89.92962913144534,440.0,0.0,0.36545838387581664,25.288148347421863,1,0
2024-08-15 23:00:00,27.2,90.1,440.0,0.0,0.35713144195002616,25.22,1,0
2024-08-16 00:00:00,28.2022225211328,86.4150635094611,440.0,0.0,0.519578471445855,25.768148347421864,1,0
2024-08-16 01:00:00,27.001923788646685,82.7301270189222,400.0,0.0,0.6157992164678414,23.54794919243113,0,1
2024-08-16 02:00:00,27.47867965644036,81.93553390593274,400.0,0.0,0.6623694113679912,23.86578643762691,0,1
2024-08-16 03:00:00,28.1,80.9,400.0,0.0,0.7261810783147001,24.28,0,1
2024-08-16 04:00:00,28.82354286469244,79.69409522551261,400.0,0.0,0.8051313759164234,24.76236190979496,0,1
2024-08-16 05:00:00,29.6,78.4,400.0,0.0,0.8956832364259317,25.28,0,1
2024-08-16 06:00:00,30.376457135307565,77.1059047744874,400.0,0.0,0.9925847389655471,25.797638090205044,0,1
2024-08-16 07:00:00,32.18496943706977,75.35751528146513,397.2875764073256,54.24847185348835,1.1839975953733617,27.2564724933628,0,1
2024-08-16 08:00:00,33.81732034355964,73.81646609406727,394.76,104.79999999999998,1.3786662324557384,28.58061356237309,0,1
2024-08-16 09:00:00,35.162267838087324,72.5877771677108,392.589520933165,148.20958133670038,1.5551791805073778,29.679823271629484,0,1
2024-08-16 10:00:00,36.12815597153157,71.75518162222248,390.9240537683391,181.51892463321832,1.6898590929870076,30.479192295976063,0,1
2024-08-16 11:00:00,36.649161063803774,71.37541946809812,389.87709734049054,202.4580531901887,1.7620991387583074,30.9242449574234,0,1
2024-08-16 12:00:00,36.68977747886721,71.47437086855466,389.52,209.6,1.7599062752647958,30.984651652578137,0,1
2024-08-16 13:00:00,36.24723727515709,72.04529244917592,389.87709734049054,202.4580531901887,1.6834502439851848,30.656295764992272,0,1
2024-08-16 14:00:00,33.22132034355964,79.46446609406726,440.0,181.51892463321835,1.0458604959202944,29.11421356237309,0,0
2024-08-16 15:00:00,32.6,80.5,440.0,148.20958133670038,0.9590843480743707,28.700000000000003,0,0
2024-08-16 16:00:00,31.876457135307565,81.7059047744874,440.0,104.79999999999998,0.8637889008767913,28.217638090205043,0,0
2024-08-16 17:00:00,31.1,83.0,440.0,54.2484718534884,0.7680995051786295,27.700000000000003,0,0
2024-08-16 18:00:00,30.32354286469244,84.2940952255126,440.0,2.5668596910128522e-14,0.6788790566581997,27.18236190979496,0,0
2024-08-16 19:00:00,29.6,85.5,440.0,0.0,0.601268839267408,26.700000000000003,0,0
2024-08-16 20:00:00,28.97867965644036,86.53553390593274,440.0,0.0,0.5386789398735118,26.285786437626907,0,0
2024-08-16 21:00:00,28.501923788646685,87.3301270189222,440.0,0.0,0.4930878655654556,25.967949192431124,1,0
2024-08-16 22:00:00,28.2022225211328,87.82962913144534,440.0,0.0,0.4654760585164835,25.768148347421864,1,0
2024-08-16 23:00:00,28.1,88.0,440.0,0.0,0.45623942093070174,25.700000000000003,1,0
2024-08-17 00:00:00,27.102222521132795,91.02962913144536,440.0,0.0,0.32174727586128793,25.308148347421863,1,0
2024-08-17 01:00:00,25.901923788646684,85.9301270189222,400.0,0.0,0.47021523095401746,23.087949192431125,1,1
2024-08-17 02:00:00,26.37867965644036,85.13553390593275,400.0,0.0,0.5109547594045764,23.405786437626908,1,1
2024-08-17 03:00:00,27.0,84.10000000000001,400.0,0.0,0.5668890879539242,23.82,0,1
2024-08-17 04:00:00,27.72354286469244,82.89409522551261,400.0,0.0,0.6362557843815565,24.30236190979496,0,1
2024-08-17 05:00:00,28.5,81.60000000000001,400.0,0.0,0.7160138337380795,24.82,0,1
2024-08-17 06:00:00,29.276457135307563,80.3059047744874,400.0,0.0,0.8015732917235607,25.337638090205044,0,1
2024-08-17 07:00:00,31.138803798451093,78.53059810077447,397.1529905038723,56.940189922554566,0.9721808748732419,26.844923418605987,0,1
2024-08-17 08:00:00,32.82132034355964,76.96446609406728,394.5,110.0,1.1471585922807666,28.214213562373097,0,1
2024-08-17 09:00:00,34.209346048574126,75.7142380624674,392.221825406948,155.56349186104046,1.3069569101107437,29.35219366106761,0,1
2024-08-17 10:00:00,35.208289255518736,74.8651149802289,390.4737205583712,190.5255888325765,1.4296056893872837,30.18131225156452,0,1
2024-08-17 11:00:00,35.7500736356719,74.47496318216406,389.37481591082025,212.50368178359503,1.4957704936476228,30.64506627210472,0,1
2024-08-17 12:00:00,35.797777478867204,74.57037086855466,389.0,220.0,1.4940915201809928,30.711851652578137,0,1
2024-08-17 13:00:00,35.34814984702522,75.14483616324186,440.0,212.50368178359503,1.424643904777093,30.377117079673592,0,1
2024-08-17 14:00:00,32.121320343559645,82.66446609406727,440.0,190.5255888325765,0.8299334615356138,28.65421356237309,0,0
2024-08-17 15:00:00,31.5,83.7,440.0,155.56349186104046,0.7533972311931569,28.24,0,0
2024-08-17 16:00:00,30.776457135307563,84.9059047744874,440.0,110.0,0.6695336738124786,27.75763809020504,0,0
2024-08-17 17:00:00,30.0,86.2,440.0,56.94018992255462,0.5855429781087439,27.24,0,0
2024-08-17 18:00:00,29.22354286469244,87.49409522551261,440.0,2.694222958124177e-14,0.5074541298048129,26.72236190979496,0,0
2024-08-17 19:00:00,28.5,88.7,440.0,0.0,0.43972588702392934,26.24,1,0
2024-08-17 20:00:00,27.87867965644036,89.73553390593274,440.0,0.0,0.38525733338437645,25.825786437626903,1,0
2024-08-17 21:00:00,27.401923788646684,90.5301270189222,440.0,0.0,0.34567672533216853,25.507949192431123,1,0
2024-08-17 22:00:00,27.102222521132795,91.02962913144536,440.0,0.0,0.32174727586128793,25.37397459621556,1,0
2024-08-17 23:00:00,27.0,91.2,440.0,0.0,0.3137499354713543,25.24,1,0
2024-08-18 00:00:00,28.102222521132795,83.72962913144535,440.0,0.0,0.6186787111583013,24.848148347421866,0,0
2024-08-18 01:00:00,26.901923788646684,78.63012701892221,400.0,0.0,0.7575357197279721,22.627949192431124,0,1
2024-08-18 02:00:00,27.37867965644036,77.83553390593275,400.0,0.0,0.807965414298556,22.945786437626907,0,1
2024-08-18 03:00:00,28.0,76.80000000000001,400.0,0.0,0.8769438444469005,23.360000000000003,0,1
2024-08-18 04:00:00,28.72354286469244,75.59409522551262,400.0,0.0,0.9621112333314585,23.84236190979496,0,1
2024-08-18 05:00:00,29.5,74.30000000000001,400.0,0.0,1.059581565630963,24.360000000000003,0,1
2024-08-18 06:00:00,30.276457135307563,73.0059047744874,400.0,0.0,1.1636649194058555,24.877638090205046,0,1
2024-08-18 07:00:00,32.25941347346887,71.17029326326558,397.124520408911,62.9706736734433,1.391010822189414,26.493472126121983,0,1
2024-08-18 08:00:00,34.05432034355964,69.54796609406728,393.9175,121.65,1.6247285029045102,27.963913562373094,0,1
2024-08-18 09:00:00,35.538857808607055,68.24948218245095,391.3980460068656,172.03907986268703,1.8390915045359386,29.188754245097243,0,1
2024-08-18 10:00:00,36.61185709368228,67.36333106114712,389.46480096296233,210.703980740754,2.004990072725174,30.084523305911706,0,1
2024-08-18 11:00:00,37.20019507072261,66.94990246463871,389.3047862884143,235.00975353613032,2.0965529336993822,30.590175563650348,0,1
2024-08-18 12:00:00,37.263777478867205,67.03737086855466,387.835,243.3,2.0982461312494354,30.67125165257813,0,1
2024-08-18 13:00:00,36.79827128207592,67.61977544571651,388.2495123231935,235.00975353613032,2.0095803762076434,30.322226371219227,0,1
2024-08-18 14:00:00,33.121320343559645,75.36446609406727,440.0,210.703980740754,1.2476615641281787,28.1942135623731,0,0
2024-08-18 15:00:00,32.5,76.4,440.0,172.03907986268703,1.1542238275394978,27.78,0,0
2024-08-18 16:00:00,31.776457135307563,77.6059047744874,440.0,121.65,1.0514118928753164,27.29763809020504,0,0
2024-08-18 17:00:00,31.0,78.9,440.0,62.970673673443365,0.9479369649860209,26.78,0,0
2024-08-18 18:00:00,30.22354286469244,80.19409522551261,440.0,2.9795656623255104e-14,0.8512129308038995,26.26236190979496,0,0
2024-08-18 19:00:00,29.5,81.4,440.0,0.0,0.7668566973048995,25.78,0,0
2024-08-18 20:00:00,28.87867965644036,82.43553390593274,440.0,0.0,0.6986581164164067,25.365786437626905,0,0
2024-08-18 21:00:00,28.401923788646684,83.2301270189222,440.0,0.0,0.6488759911238435,25.04794919243113,0,0
2024-08-18 22:00:00,28.102222521132795,83.72962913144535,440.0,0.0,0.6186787111583013,24.848148347421866,0,0
2024-08-18 23:00:00,28.0,83.9,440.0,0.0,0.608568788603237,24.78,0,0
2024-08-19 00:00:00,26.602222521132795,92.32962913144534,440.0,0.0,0.2671573588935199,25.068148347421864,0,0
2024-08-19 01:00:00,25.401923788646684,87.2301270189222,400.0,0.0,0.4143074016838523,22.847949192431123,0,1
2024-08-19 02:00:00,25.87867965644036,86.43553390593274,400.0,0.0,0.45270154980438526,23.165786437626902,1,1
2024-08-19 03:00:00,26.5,85.4,400.0,0.0,0.5054640243844821,23.58,1,1
2024-08-19 04:00:00,27.22354286469244,84.19409522551261,400.0,0.0,0.5709671721810071,24.06236190979496,0,1
2024-08-19 05:00:00,28.0,82.9,400.0,0.0,0.6463680922431897,24.58,0,1
2024-08-19 06:00:00,28.776457135307563,81.6059047744874,400.0,0.0,0.7273430965974798,25.09763809020504,0,1
2024-08-19 07:00:00,30.58445179897956,79.85777410051023,397.2888705025511,54.2225899489781,0.8837189667077787,26.556006619081607,0,1
2024-08-19 08:00:00,32.216320343559644,78.31696609406727,394.7625,104.75,1.0436493992348537,27.87971356237309,0,1
2024-08-19 09:00:00,33.56085362452495,77.08848427449199,392.5930564670709,148.1388706585817,1.1892381390397513,28.97855047942335,0,1
2024-08-19 10:00:00,34.526423920724,76.25604764762626,390.928383895358,175.25016563307076,1.3004961430913575,29.77763345024925,0,1
2024-08-19 11:00:00,35.047229212151194,75.87638539392441,389.881926969622,202.36146060755985,1.3599386802360738,30.222506290936074,0,1
2024-08-19 12:00:00,35.0877774788672,75.97537086855466,389.525,209.5,1.3573956873983488,30.088531694720515,0,1
2024-08-19 13:00:00,34.64530542350451,76.54625837500221,389.881926969622,202.36146060755985,1.293095185775812,29.95455709850496,0,1
2024-08-19 14:00:00,31.62132034355964,83.96446609406726,440.0,181.4323220928399,0.7462888716564638,28.414213562373096,0,0
2024-08-19 15:00:00,31.0,85.0,440.0,148.1388706585817,0.6738888376677875,28.0,0,0
2024-08-19 16:00:00,30.276457135307563,86.2059047744874,440.0,104.75,0.5946376262947339,27.517638090205043,0,0
2024-08-19 17:00:00,29.5,87.5,440.0,54.22258994897816,0.5153606836726476,27.0,0,0
2024-08-19 18:00:00,28.72354286469244,88.7940952255126,440.0,2.5656350442137048e-14,0.4417507551060826,26.48236190979496,1,0
2024-08-19 19:00:00,28.0,90.0,440.0,0.0,0.3779930363995262,26.0,1,0
2024-08-19 20:00:00,27.37867965644036,91.03553390593274,440.0,0.0,0.3267833536309334,25.585786437626904,1,0
2024-08-19 21:00:00,26.901923788646684,91.8301270189222,440.0,0.0,0.2896119510998957,25.267949192431125,1,0
2024-08-19 22:00:00,26.602222521132795,92.32962913144534,440.0,0.0,0.2671573588935199,25.068148347421864,1,0
2024-08-19 23:00:00,26.5,92.5,440.0,0.0,0.2596561769098367,25.0,1,0
2024-08-20 00:00:00,27.0022225211328,89.82962913144534,440.0,0.0,0.36265560150207565,24.968148347421863,1,0
2024-08-20 01:00:00,25.801923788646683,84.7301270189222,400.0,0.0,0.5073080729176528,22.74794919243112,0,1
2024-08-20 02:00:00,26.27867965644036,83.93553390593274,400.0,0.0,0.5489572829409923,23.065786437626905,0,1
2024-08-20 03:00:00,26.9,82.9,400.0,0.0,0.6061055107083446,23.48,0,1
2024-08-20 04:00:00,27.623542864692435,81.69409522551261,400.0,0.0,0.6769271649392002,23.96236190979496,0,1
2024-08-20 05:00:00,28.4,80.4,400.0,0.0,0.7582972884396384,24.48,0,1
2024-08-20 06:00:00,29.17645713530756,79.1059047744874,400.0,0.0,0.8455227124649602,24.997638090205044,0,1
2024-08-20 07:00:00,30.953393513567256,77.37330324321637,397.3665162160818,52.66967567836297,1.0138311323176659,26.42805416221053,0,1
2024-08-20 08:00:00,32.55632034355964,75.84696609406727,394.9125,101.75,1.1850222520116234,27.72571356237309,0,1
2024-08-20 09:00:00,33.876000810782564,74.63091068136319,392.80518850142687,143.89622997146242,1.34015895949668,28.8021829470552,0,1
2024-08-20 10:00:00,34.82250087226987,73.80800917185333,391.18819151649336,176.23616967013325,1.458305619199507,29.584102706640536,0,1
2024-08-20 11:00:00,35.331318112996506,73.43434094350175,390.1717047175087,196.5659056498254,1.521273395547054,30.018186301696858,0,1
2024-08-20 12:00:00,35.367777478867204,73.53537086855466,389.825,203.5,1.5185371003727486,30.074851652578136,0,1
2024-08-20 13:00:00,34.92939432434982,74.10421392457955,390.1717047175087,196.5659056498254,1.4503650346960255,29.750237109265733,0,1
2024-08-20 14:00:00,32.02132034355964,81.46446609406726,440.0,176.23616967013328,0.8823853711196761,28.31421356237309,0,0
2024-08-20 15:00:00,31.4,82.5,440.0,143.89622997146242,0.8042855304133204,27.9,0,0
2024-08-20 16:00:00,30.67645713530756,83.7059047744874,440.0,101.75,0.7186510396218058,27.41763809020504,0,0
2024-08-20 17:00:00,29.9,85.0,440.0,52.66967567836303,0.6328182594795516,26.9,0,0
2024-08-20 18:00:00,29.15,86.2940952255126,440.0,2.4921562362648644e-14,0.553791418184837,26.382361909794955,0,0
2024-08-20 19:00:00,28.4,87.5,440.0,0.0,0.483607964566096,25.9,0,0
2024-08-20 20:00:00,27.77867965644036,88.53553390593274,440.0,0.0,0.4277956851546467,25.485786437626903,1,0
2024-08-20 21:00:00,27.301923788646683,89.3301270189222,440.0,0.0,0.3872078201687323,25.167949192431124,1,0
2024-08-20 22:00:00,27.0022225211328,89.82962913144534,440.0,0.0,0.36265560150207565,24.968148347421863,1,0
2024-08-20 23:00:00,26.9,87.97962913144534,440.0,0.0,0.42605924118064536,24.9,1,0
2024-08-21 00:00:00,26.602222521132795,86.12962913144534,440.0,0.0,0.4831020183532442,23.828148347421862,1,0
2024-08-21 01:00:00,25.401923788646684,81.0301270189222,400.0,0.0,0.6154609992369486,21.607949192431125,0,1
2024-08-21 02:00:00,25.87867965644036,80.23553390593274,400.0,0.0,0.6596208335655641,21.925786437626908,0,1
2024-08-21 03:00:00,26.5,79.2,400.0,0.0,0.7201131306299474,22.34,0,1
2024-08-21 04:00:00,27.22354286469244,77.99409522551261,400.0,0.0,0.7949338807009916,22.82236190979496,0,1
2024-08-21 05:00:00,28.0,76.7,400.0,0.0,0.8807237748108963,23.34,0,1
2024-08-21 06:00:00,28.776457135307563,75.4059047744874,400.0,0.0,0.9725047717773314,23.857638090205043,0,1
2024-08-21 07:00:00,30.36963199154447,73.76518400422776,397.8259200211388,43.48159957722349,1.1369793823617875,25.122668792390023,0,1
2024-08-21 08:00:00,31.80132034355964,72.32446609406726,395.8,83.99999999999999,1.3012073610644324,26.16650525313351,0,1
2024-08-21 09:00:00,32.973954996140115,71.1819335886844,394.060303038033,118.79393923934,1.4474749573427081,27.210341713877,0,1
2024-08-21 10:00:00,33.80762283558292,70.4154481901968,392.7253866082107,145.4922678357857,1.5569011921671112,27.89071247362228,0,1
2024-08-21 11:00:00,34.24551077633127,70.07724461183437,391.8862230591718,162.27553881656348,1.6135564144675985,28.260959698698148,0,1
2024-08-21 12:00:00,34.257777478867204,70.19037086855465,391.6,168.0,1.6085524138949387,28.295851652578136,0,1
2024-08-21 13:00:00,33.84358698768459,70.74711759291218,391.8862230591718,162.27553881656348,1.5425366504040816,27.993010506267023,0,1
2024-08-21 14:00:00,31.62132034355964,77.76446609406726,440.0,145.4922678357857,1.034834986267478,27.17421356237309,0,0
2024-08-21 15:00:00,31.0,78.8,440.0,118.79393923934,0.95242955723714,26.76,0,0
2024-08-21 16:00:00,30.276457135307563,80.00590477448739,440.0,83.99999999999999,0.8619080215438976,26.27763809020504,0,0
2024-08-21 17:00:00,29.5,81.3,440.0,43.481599577223534,0.7709795827742811,25.76,0,0
2024-08-21 18:00:00,28.72354286469244,82.5940952255126,440.0,2.0574066225675533e-14,0.686162494878608,25.24236190979496,0,0
2024-08-21 19:00:00,28.0,83.8,440.0,0.0,0.6123487189672328,24.76,0,0
2024-08-21 20:00:00,27.37867965644036,84.83553390593273,440.0,0.0,0.5527931093990596,24.345786437626906,0,0
2024-08-21 21:00:00,26.901923788646684,85.6301270189222,440.0,0.0,0.5093943272736895,24.027949192431123,0,0
2024-08-21 22:00:00,26.602222521132795,86.12962913144534,440.0,0.0,0.4831020183532442,23.828148347421862,0,0
2024-08-21 23:00:00,26.5,86.3,440.0,0.0,0.47430528315530207,23.76,1,0
2024-08-22 00:00:00,26.802222521132794,84.22962913144535,440.0,0.0,0.5557762198249199,23.648148347421863,0,0
2024-08-22 01:00:00,25.601923788646683,79.13012701892221,400.0,0.0,0.6851883268625875,21.427949192431125,0,1
2024-08-22 02:00:00,26.07867965644036,78.33553390593275,400.0,0.0,0.7316319341200523,21.745786437626908,0,1
2024-08-22 03:00:00,26.7,77.30000000000001,400.0,0.0,0.7951965460573969,22.160000000000004,0,1
2024-08-22 04:00:00,27.42354286469244,76.09409522551262,400.0,0.0,0.8737361078926326,22.64236190979496,0,1
2024-08-22 05:00:00,28.2,74.80000000000001,400.0,0.0,0.9636913485496204,23.160000000000004,0,1
2024-08-22 06:00:00,28.97645713530756,73.5059047744874,400.0,0.0,1.0598250086457757,23.677638090205043,0,1
2024-08-22 07:00:00,30.89004996938139,71.70497501530932,397.02487507654655,59.50249846906952,1.2632446768154952,25.231044972443254,0,1
2024-08-22 08:00:00,32.62032034355964,70.11496609406727,394.2525,114.95,1.471541062286986,26.64331356237309,0,1
2024-08-22 09:00:00,34.04935319124906,68.84423449112994,391.8718075502607,162.5638489947873,1.6618156948221383,27.81820008947505,0,1
2024-08-22 10:00:00,35.07976228546805,67.97937846525424,390.0450379834979,199.09924033004245,1.8083698347984933,28.6756379785189,0,1
2024-08-22 11:00:00,35.641326949277136,67.57933652536144,388.8966826268072,222.0663474638568,1.8885280590779103,29.157194254349424,0,1
2024-08-22 12:00:00,35.69577747886721,67.67137086855466,388.505,229.9,1.8888151398064508,29.23005165257814,0,1
2024-08-22 13:00:00,35.23940316063045,68.24920950643924,388.8966826268072,222.0663474638568,1.8090040173326638,28.889245061918302,0,1
2024-08-22 14:00:00,31.82132034355964,75.86446609406727,440.0,199.09924033004248,1.1360538899749033,26.99421356237309,0,0
2024-08-22 15:00:00,31.2,76.9,440.0,162.5638489947873,1.0496639045150886,26.58,0,0
2024-08-22 16:00:00,30.47645713530756,78.1059047744874,440.0,114.95,0.954672027674129,26.09763809020504,0,0
2024-08-22 17:00:00,29.7,79.4,440.0,59.50249846906959,0.8591430225098179,25.58,0,0
2024-08-22 18:00:00,28.92354286469244,80.69409522551261,440.0,2.815462991239765e-14,0.7699219663583645,25.06236190979496,0,0
2024-08-22 19:00:00,28.2,81.9,440.0,0.0,0.692175135267783,24.58,0,0
2024-08-22 20:00:00,27.57867965644036,82.93553390593274,440.0,0.0,0.629369317467012,24.165786437626902,0,0
2024-08-22 21:00:00,27.101923788646683,83.7301270189222,440.0,0.0,0.5835539817351766,23.847949192431123,0,0
2024-08-22 22:00:00,26.802222521132794,84.22962913144535,440.0,0.0,0.5557762198249199,23.648148347421863,0,0
2024-08-22 23:00:00,26.7,84.4,440.0,0.0,0.5464786836341582,23.58,0,0
2024-08-23 00:00:00,27.602222521132795,86.12962913144534,440.0,0.0,0.5122690405048665,24.828148347421862,0,0
2024-08-23 01:00:00,26.401923788646684,81.0301270189222,400.0,0.0,0.6529689542624165,22.607949192431125,0,1
2024-08-23 02:00:00,26.87867965644036,80.23553390593274,400.0,0.0,0.699670456056571,22.925786437626908,0,1
2024-08-23 03:00:00,27.5,79.2,400.0,0.0,0.7636242035326739,23.34,0,1
2024-08-23 04:00:00,28.22354286469244,77.99409522551261,400.0,0.0,0.8426961918822854,23.82236190979496,0,1
2024-08-23 05:00:00,29.0,76.7,400.0,0.0,0.9333228808200195,24.34,0,1
2024-08-23 06:00:00,29.776457135307563,75.4059047744874,400.0,0.0,1.030237591239635,24.857638090205043,0,1
2024-08-23 07:00:00,31.82308295856409,73.53845852071797,396.6922926035898,66.1541479282043,1.2456627482317042,26.53077466270768,0,1
2024-08-23 08:00:00,33.67732034355964,71.88646609406726,393.61,127.79999999999998,1.4687729249357442,28.05461356237309,0,1
2024-08-23 09:00:00,35.212806076778946,70.56250804836499,390.963175336436,180.73649327128155,1.6747439743526698,29.325307686451943,0,1
2024-08-23 10:00:00,36.32489934301326,69.65680993648164,388.93219533963486,221.3560932073025,1.835072660618663,30.256261330309584,0,1
2024-08-23 11:00:00,36.93781282398972,69.23109358800514,387.6554679400257,246.89064119948583,1.924161930772322,30.784031541590743,0,1
2024-08-23 12:00:00,37.00977747886721,69.31437086855466,387.22,255.6,1.926492122385419,30.87265165257814,0,1
2024-08-23 13:00:00,36.53588903534303,69.90096656908294,387.6554679400257,246.89064119948583,1.8414347298375662,30.51608234915962,0,1
2024-08-23 14:00:00,32.621320343559645,77.76446609406726,440.0,221.3560932073025,1.094940760157115,28.174213562373097,0,0
2024-08-23 15:00:00,32.0,78.8,440.0,180.73649327128155,1.0080123840075048,27.76,0,0
2024-08-23 16:00:00,31.276457135307563,80.00590477448739,440.0,127.79999999999998,0.9124878183143394,27.27763809020504,0,0
2024-08-23 17:00:00,30.5,81.3,440.0,66.15414792820437,0.8164942329337749,26.76,0,0
2024-08-23 18:00:00,29.72354286469244,82.5940952255126,440.0,3.1301972186206346e-14,0.7269132304348526,26.24236190979496,0,0
2024-08-23 19:00:00,29.0,83.8,440.0,0.0,0.6489197712139193,25.76,0,0
2024-08-23 20:00:00,28.37867965644036,84.83553390593273,440.0,0.0,0.5859667919274342,25.345786437626906,0,0
2024-08-23 21:00:00,27.901923788646684,85.6301270189222,440.0,0.0,0.540077075570882,25.027949192431123,0,0
2024-08-23 22:00:00,27.602222521132795,86.12962913144534,440.0,0.0,0.5122690405048665,24.828148347421862,0,0
2024-08-23 23:00:00,27.5,86.3,440.0,0.0,0.5029640186729633,24.76,1,0
2024-08-24 00:00:00,28.2022225211328,80.42962913144534,440.0,0.0,0.7485013557916723,24.288148347421863,0,0
2024-08-24 01:00:00,27.001923788646685,75.3301270189222,400.0,0.0,0.8796641682746635,22.06794919243113,0,1
2024-08-24 02:00:00,27.47867965644036,74.53553390593274,400.0,0.0,0.9337050610683112,22.385786437626905,0,1
2024-08-24 03:00:00,28.1,73.5,400.0,0.0,1.0075287212219666,22.8,0,1
2024-08-24 04:00:00,28.82354286469244,72.2940952255126,400.0,0.0,1.0985421964609579,23.28236190979496,0,1
2024-08-24 05:00:00,29.6,71.0,400.0,0.0,1.202537678534816,23.8,0,1
2024-08-24 06:00:00,30.376457135307565,69.7059047744874,400.0,0.0,1.3134153721918749,24.317638090205044,0,1
2024-08-24 07:00:00,32.42929461564655,67.83535269217673,396.6767634608837,66.46473078232732,1.566850570528139,25.996365154081893,0,1
2024-08-24 08:00:00,34.289320343559645,66.34468772958374,393.58,128.39999999999998,1.8192545572601826,27.525413562373096,0,1
2024-08-24 09:00:00,35.829776639527424,64.85402276699075,390.9207489295648,181.58502140870544,2.0685990801199208,28.800581192925574,0,1
2024-08-24 10:00:00,36.94568395270409,63.94641763163621,388.8802338154078,222.39532369184383,2.2556112469911618,29.73496747903133,0,1
2024-08-24 11:00:00,37.560995043820654,63.51950247808966,387.59751239044834,248.04975219103275,2.3599615523930835,30.264895539438587,0,1
2024-08-24 12:00:00,37.63377747886721,63.60237086855465,387.16,256.8,2.3639128622960834,30.35425165257814,0,1
2024-08-24 13:00:00,37.15907125517397,64.18937545916747,387.59751239044834,248.04975219103275,2.266592623584914,29.996946347007466,0,1
2024-08-24 14:00:00,33.22132034355964,72.06446609406726,440.0,222.39532369184383,1.4227373623929152,27.63421356237309,0,0
2024-08-24 15:00:00,32.6,73.1,440.0,181.58502140870544,1.3230445622154143,27.22,0,0
2024-08-24 16:00:00,31.876457135307565,74.30590477448739,440.0,128.39999999999998,1.2131933282449205,26.73763809020504,0,0
2024-08-24 17:00:00,31.1,75.6,440.0,66.4647307823274,1.1024487015505038,26.22,0,0
2024-08-24 18:00:00,30.32354286469244,76.8940952255126,440.0,3.1448929802104035e-14,0.9987399682964244,25.70236190979496,0,0
2024-08-24 19:00:00,29.6,78.1,440.0,0.0,0.9081232813762923,25.22,0,0
2024-08-24 20:00:00,28.97867965644036,79.13553390593273,440.0,0.0,0.8347340620903821,24.805786437626907,0,0
2024-08-24 21:00:00,28.501923788646685,79.93012701892219,440.0,0.0,0.7810820870255964,24.487949192431124,0,0
2024-08-24 22:00:00,28.2022225211328,80.42962913144534,440.0,0.0,0.7485013557916723,24.288148347421863,0,0
2024-08-24 23:00:00,28.1,80.6,440.0,0.0,0.7375870638379681,24.22,0,0
2024-08-25 00:00:00,28.802222521132794,67.52962913144535,440.0,0.0,1.285866296242871,22.308148347421863,0,0
2024-08-25 01:00:00,27.601923788646683,62.43012701892219,400.0,0.0,1.3875293747334632,20.08794919243112,0,1
2024-08-25 02:00:00,28.07867965644036,61.63553390593274,400.0,0.0,1.456806773771656,20.405786437626904,0,1
2024-08-25 03:00:00,28.7,60.6,400.0,0.0,1.5510808801621911,20.82,0,1
2024-08-25 04:00:00,29.42354286469244,59.39409522551261,400.0,0.0,1.6667797286595676,21.32,0,1
2024-08-25 05:00:00,30.2,58.1,400.0,0.0,1.7983408948006865,21.82,0,1
2024-08-25 06:00:00,30.97645713530756,56.8059047744874,400.0,0.0,1.9379351548217933,22.33763809020504,0,1
2024-08-25 07:00:00,32.99616577787342,54.95191711106329,396.7595855553165,64.80828889367119,2.2654978536066577,23.98654920008608,0,1
2024-08-25 08:00:00,34.82532034355964,53.31246609406726,393.74,125.2,2.59985267897718,25.48781356237309,0,1
2024-08-25 09:00:00,36.33926697153555,51.99927760098669,391.1470230995444,177.05953800911152,2.9052354067776616,26.73912249173289,0,1
2024-08-25 10:00:00,37.43483270101967,51.10184325747842,389.15736194461886,216.85276110762345,3.1416883339681925,27.655201352515355,0,1
2024-08-25 11:00:00,38.03735653805566,50.68132173097217,387.90660865486086,241.86782690278272,3.2738483933500264,28.17362088425009,0,1
2024-08-25 12:00:00,38.1057774788672,50.76637086855466,387.48,250.4,3.2803101654142703,28.259051652578137,0,1
2024-08-25 13:00:00,37.63543274940898,51.35119471204998,387.90660865486086,241.86782690278272,3.1598722317388503,27.905671691818974,0,1
2024-08-25 14:00:00,33.82132034355964,59.16446609406727,440.0,216.85276110762345,2.150631330587699,25.65421356237309,0,0
2024-08-25 15:00:00,33.2,60.2,440.0,177.05953800911152,2.024567550266261,25.24,0,0
2024-08-25 16:00:00,32.47645713530756,61.4059047744874,440.0,125.2,1.8850514489160215,24.75763809020504,0,0
2024-08-25 17:00:00,31.7,62.7,440.0,64.80828889367126,1.7436855473256216,24.24,0,0
2024-08-25 18:00:00,30.92354286469244,63.95,440.0,3.0665155850649734e-14,1.612543152500655,23.72236190979496,0,0
2024-08-25 19:00:00,30.2,65.2,440.0,0.0,1.4936100987843408,23.24,0,0
2024-08-25 20:00:00,29.57867965644036,66.23553390593274,440.0,0.0,1.3983885294308633,22.825786437626903,0,0
2024-08-25 21:00:00,29.101923788646683,67.0301270189222,440.0,0.0,1.3284656482569814,22.507949192431123,0,0
2024-08-25 22:00:00,28.802222521132794,67.52962913144535,440.0,0.0,1.285866296242871,22.308148347421863,0,0
2024-08-25 23:00:00,28.7,67.7,440.0,0.0,1.2715713814527605,22.24,0,0
2024-08-26 00:00:00,28.302222521132794,72.92962913144534,440.0,0.0,1.0413858085151768,22.88814834742186,0,0
2024-08-26 01:00:00,27.101923788646683,67.8301270189222,400.0,0.0,1.1538416736170012,20.667949192431124,0,1
2024-08-26 02:00:00,27.57867965644036,67.03553390593274,400.0,0.0,1.2157909548368786,20.985786437626903,0,1
2024-08-26 03:00:00,28.2,66.0,400.0,0.0,1.300218486138377,21.4,0,1
2024-08-26 04:00:00,28.92354286469244,64.7940952255126,400.0,0.0,1.4040160120969196,21.88236190979496,0,1
2024-08-26 05:00:00,29.7,63.5,400.0,0.0,1.5222679767771048,22.4,0,1
2024-08-26 06:00:00,30.47645713530756,62.205904774487394,400.0,0.0,1.6479770071066948,22.91763809020504,0,1
2024-08-26 07:00:00,32.46200166391989,60.368999168040055,396.8449958402003,63.10008319599456,1.9341219671717942,24.535801497527903,0,1
2024-08-26 08:00:00,34.259320343559644,58.74546609406726,393.905,121.9,2.2263198868069702,26.008413562373097,0,1
2024-08-26 09:00:00,35.74592887641892,57.44594664854501,391.380368337336,172.3926332532803,2.493105018767487,27.23511820612792,0,1
2024-08-26 10:00:00,36.82051734772013,56.55900093412819,389.44315032786767,211.1369934426461,2.699307069865506,28.132317534545766,0,1
2024-08-26 11:00:00,37.4098543289855,56.14507283550725,388.2253641775363,235.49271644927487,2.813843616882579,28.638868896086954,0,1
2024-08-26 12:00:00,37.4737774788672,56.23237086855465,387.81,243.8,2.818005439804714,28.720251652578128,0,1
2024-08-26 13:00:00,37.00793054033882,56.81494581658506,388.2253641775363,235.49271644927487,2.710952998432129,28.37091970365583,0,1
2024-08-26 14:00:00,33.32132034355964,64.56446609406726,440.0,211.13699344264617,1.8148380926425685,26.234213562373093,0,0
2024-08-26 15:00:00,32.7,65.6,440.0,172.3926332532803,1.701464858745153,25.82,0,0
2024-08-26 16:00:00,31.97645713530756,66.8059047744874,440.0,121.9,1.5762061359219053,25.337638090205044,0,0
2024-08-26 17:00:00,31.2,68.1,440.0,63.10008319599463,1.4495358681398847,24.82,0,0
2024-08-26 18:00:00,30.42354286469244,69.3940952255126,440.0,2.985688896321247e-14,1.3305118344337903,24.30236190979496,0,0
2024-08-26 19:00:00,29.7,70.6,440.0,0.0,1.2261555758149831,23.82,0,0
2024-08-26 20:00:00,29.07867965644036,71.63553390593273,440.0,0.0,1.1413653705067375,23.405786437626904,0,0
2024-08-26 21:00:00,28.601923788646683,72.43012701892219,440.0,0.0,1.0792077261400612,23.08794919243112,0,0
2024-08-26 22:00:00,28.302222521132794,72.92962913144534,440.0,0.0,1.0413858085151768,22.88814834742186,0,0
2024-08-26 23:00:00,28.2,73.1,440.0,0.0,1.0287022728565396,22.82,0,0
2024-08-27 00:00:00,29.5022225211328,68.82962913144534,440.0,0.0,1.2852831404794964,23.268148347421864,0,0
2024-08-27 01:00:00,28.301923788646683,63.73012701892219,400.0,0.0,1.3952625804936065,21.04794919243112,0,1
2024-08-27 02:00:00,28.77867965644036,62.935533905932736,400.0,0.0,1.4657993086396504,21.3657864376269,0,1
2024-08-27 03:00:00,29.4,61.9,400.0,0.0,1.5617983067278467,21.78,0,1
2024-08-27 04:00:00,30.123542864692435,60.694095225512605,400.0,0.0,1.6796296750317317,22.262361909794954,0,1
2024-08-27 05:00:00,30.9,59.4,400.0,0.0,1.8136339376930821,22.779999999999998,0,1
2024-08-27 06:00:00,31.67645713530756,58.10590477448739,400.0,0.0,1.9558386922099353,23.29763809020504,0,1
2024-08-27 07:00:00,33.62887282614677,56.28556358692661,396.9278179346331,61.44364130733842,2.2776636399055232,24.88598554353209,0,1
2024-08-27 08:00:00,35.395320343559646,54.67746609406726,394.065,118.7,2.6045521666365943,26.3308135623731,0,1
2024-08-27 09:00:00,36.85541920842704,53.39120148254094,391.60664250731566,167.8671498536864,2.9016630186110905,27.53365950493524,0,1
2024-08-27 10:00:00,37.90966609603572,52.5144265599704,389.72027845707873,205.5944308584257,3.130470619234441,28.4125514080298,0,1
2024-08-27 11:00:00,38.4862158232205,52.10689208838975,388.5344604419488,229.3107911610248,3.2571736326855403,28.907594240898447,0,1
2024-08-27 12:00:00,38.5457774788672,52.19637086855465,388.13,237.4,3.2615365010405317,28.98505165257813,0,1
2024-08-27 13:00:00,38.08429203457381,52.77676506946756,388.5344604419488,229.3107911610248,3.142712043739733,28.63964504846733,0,1
2024-08-27 14:00:00,34.521320343559644,60.46446609406726,440.0,205.59443085842577,2.1648147084632083,26.61421356237309,0,0
2024-08-27 15:00:00,33.9,61.5,440.0,167.8671498536864,2.036540122625553,26.2,0,0
2024-08-27 16:00:00,33.17645713530756,62.705904774487394,440.0,118.7,1.894595764808217,25.717638090205035,0,0
2024-08-27 17:00:00,32.4,64.0,440.0,61.44364130733849,1.750792031299034,25.2,0,0
2024-08-27 18:00:00,31.623542864692435,65.2940952255126,440.0,2.9073115011758165e-14,1.6154056942328805,24.68236190979496,0,0
2024-08-27 19:00:00,30.9,66.5,440.0,0.0,1.4964713525300057,24.2,0,0
2024-08-27 20:00:00,30.27867965644036,67.53553390593274,440.0,0.0,1.3996604142257518,23.785786437626903,0,0
2024-08-27 21:00:00,29.801923788646683,68.33012701892218,440.0,0.0,1.3285816316372037,23.46794919243112,0,0
2024-08-27 22:00:00,29.5022225211328,68.82962913144534,440.0,0.0,1.2852831404794964,23.268148347421864,0,0
2024-08-27 23:00:00,29.4,69.0,440.0,0.0,1.2707545277838126,23.2,0,0
2024-08-28 00:00:00,28.602222521132795,71.82962913144534,440.0,0.0,1.1027329842289764,22.968148347421863,0,0
2024-08-28 01:00:00,27.401923788646684,66.7301270189222,400.0,0.0,1.214442977988839,20.747949192431125,0,1
2024-08-28 02:00:00,27.87867965644036,65.93553390593274,400.0,0.0,1.2785453476385036,21.065786437626905,0,1
2024-08-28 03:00:00,28.5,64.9,400.0,0.0,1.3658742154460106,21.48,0,1
2024-08-28 04:00:00,29.22354286469244,63.694095225512605,400.0,0.0,1.4731905964691852,21.96236190979496,0,1
2024-08-28 05:00:00,30.0,62.4,400.0,0.0,1.595392462093389,22.48,0,1
2024-08-28 06:00:00,30.776457135307563,61.10590477448739,400.0,0.0,1.7252379872318893,22.997638090205044,0,1
2024-08-28 07:00:00,32.37687892480734,59.46156053759633,397.8078026879816,43.84394624036702,1.9689436798834599,24.26919103232661,0,1
2024-08-28 08:00:00,33.81532034355965,58.01746609406726,395.765,84.69999999999999,2.210299354710426,25.4188135623731,0,1
2024-08-28 09:00:00,34.99375398601334,56.87203409374779,394.01080556335,119.78388873300116,2.424111028813613,26.368160804762898,0,1
2024-08-28 10:00:00,35.831871546888884,56.103323834543815,392.6647648299458,146.7047034010839,2.583939381146744,27.05253631379765,0,1
2024-08-28 11:00:00,36.272556699467366,55.98984735154923,391.8186082513316,163.62783497336818,2.653996724104889,27.42530102952063,0,1
2024-08-28 12:00:00,36.2857774788672,55.87637086855465,391.53,169.4,2.662766722251077,27.46105165257813,0,1
2024-08-28 13:00:00,34.09807621135332,62.66987298107781,440.0,163.62783497336818,1.9965556983059374,26.63205080756888,0,0
2024-08-28 14:00:00,33.621320343559645,63.46446609406726,440.0,146.70470340108392,1.9028170353138372,26.31421356237309,0,0
2024-08-28 15:00:00,33.0,64.5,440.0,119.78388873300116,1.785702467440432,25.9,0,0
2024-08-28 16:00:00,32.27645713530757,65.7059047744874,440.0,84.69999999999999,1.6562545339316728,25.4,0,0
2024-08-28 17:00:00,31.5,67.0,440.0,43.84394624036706,1.5252827379984164,24.9,0,0
2024-08-28 18:00:00,30.72354286469244,68.2940952255126,440.0,2.0745516777556165e-14,1.4021508926783606,24.38236190979496,0,0
2024-08-28 19:00:00,30.0,69.5,440.0,0.0,1.2941348429214992,23.9,0,0
2024-08-28 20:00:00,29.37867965644036,70.53553390593274,440.0,0.0,1.2063269209157543,23.485786437626903,0,0
2024-08-28 21:00:00,28.901923788646684,71.3301270189222,440.0,0.0,1.1419297226115293,23.167949192431124,0,0
2024-08-28 22:00:00,28.602222521132795,71.82962913144534,440.0,0.0,1.1027329842289764,22.968148347421863,0,0
2024-08-28 23:00:00,28.5,72.0,440.0,0.0,1.0895862687318605,22.9,0,0
2024-08-29 00:00:00,28.5022225211328,73.62962913144534,440.0,0.0,1.0263035174353425,23.22814834742186,0,0
2024-08-29 01:00:00,27.301923788646683,68.5301270189222,400.0,0.0,1.1420361741512628,21.007949192431123,0,1
2024-08-29 02:00:00,27.77867965644036,67.73553390593274,400.0,0.0,1.2039461118911652,21.325786437626903,0,1
2024-08-29 03:00:00,28.4,66.7,400.0,0.0,1.2883316176040795,21.74,0,1
2024-08-29 04:00:00,29.123542864692435,65.49409522551261,400.0,0.0,1.3920941291682798,22.222361909794955,0,1
2024-08-29 05:00:00,29.9,64.2,400.0,0.0,1.510326245957863,22.74,0,1
2024-08-29 06:00:00,30.67645713530756,62.90590477448739,400.0,0.0,1.636035000943494,23.25763809020504,0,1
2024-08-29 07:00:00,32.30017263886656,61.24991368056671,397.7495684028336,45.00863194332836,1.8739637065739485,24.550155374979905,0,1
2024-08-29 08:00:00,33.76032034355964,59.794966094067256,395.6525,86.94999999999999,2.110235101595584,25.71931356237309,0,1
2024-08-29 09:00:00,34.95739359632013,58.6402142885944,393.85170653758297,118.77590885905693,2.3200581467715544,26.68543645403901,0,1
2024-08-29 10:00:00,35.809813833229484,57.86435269137351,392.4699091140943,150.60181771811386,2.477274111313517,27.382684371504187,0,1
2024-08-29 11:00:00,36.25949002383338,57.52025498808331,391.6012749404165,167.974501191669,2.559874391999036,27.76354102145004,0,1
2024-08-29 12:00:00,36.275777478867205,57.631370868554654,391.305,173.9,2.555456615100973,27.802051652578136,0,1
2024-08-29 13:00:00,33.998076211353315,64.4698729810778,440.0,167.974501191669,1.8897374786635965,26.892050807568875,0,0
2024-08-29 14:00:00,33.521320343559644,65.26446609406726,440.0,150.6018177181139,1.7989943043325862,26.574213562373096,0,0
2024-08-29 15:00:00,32.9,66.3,440.0,122.96586924834062,1.6856744991345587,26.16,0,0
2024-08-29 16:00:00,32.17645713530756,67.50590477448739,440.0,86.94999999999999,1.5604941627629052,25.67763809020504,0,0
2024-08-29 17:00:00,31.4,68.8,440.0,45.0086319433284,1.4339262027940338,25.16,0,0
2024-08-29 18:00:00,30.623542864692435,70.0940952255126,440.0,2.129660783717248e-14,1.3150220608259822,24.64236190979496,0,0
2024-08-29 19:00:00,29.9,71.3,440.0,0.0,1.2107922698042088,24.16,0,0
2024-08-29 20:00:00,29.27867965644036,72.33553390593273,440.0,0.0,1.1261212701985548,23.745786437626904,0,0
2024-08-29 21:00:00,28.801923788646683,73.1301270189222,440.0,0.0,1.0640613510062784,23.42794919243112,0,0
2024-08-29 22:00:00,28.5022225211328,73.62962913144534,440.0,0.0,1.0263035174353425,23.22814834742186,0,0
2024-08-29 23:00:00,28.4,73.8,440.0,0.0,1.0136422937305372,23.16,0,0
2024-08-30 00:00:00,27.9022225211328,78.42962913144534,440.0,0.0,0.8107145844651844,23.588148347421864,0,0
2024-08-30 01:00:00,26.701923788646685,73.3301270189222,400.0,0.0,0.9343696045316269,21.367949192431126,0,1
2024-08-30 02:00:00,27.17867965644036,72.53553390593274,400.0,0.0,0.9895132473926985,21.685786437626906,0,1
2024-08-30 03:00:00,27.8,71.41481456572268,400.0,0.0,1.0679811008902742,22.1,0,1
2024-08-30 04:00:00,28.52354286469244,70.2940952255126,400.0,0.0,1.1575490861929345,22.58236190979496,0,1
2024-08-30 05:00:00,29.3,69.0,400.0,0.0,1.263451253785905,23.1,0,1
2024-08-30 06:00:00,30.076457135307564,67.7059047744874,400.0,23.513710247564006,1.3762800895173408,23.61763809020504,0,1
2024-08-30 07:00:00,31.74054840990256,66.02972579504872,397.6486289752436,47.02742049512801,1.5916793400620508,24.946493568912302,0,1
2024-08-30 08:00:00,33.23832034355964,64.55596609406726,395.4575,90.84999999999998,1.8068592583512828,26.14951356237309,0,1
2024-08-30 09:00:00,34.46770225418523,63.38505995966184,393.5759348929202,128.48130214159568,1.998939372285136,27.144714246117594,0,1
2024-08-30 10:00:00,35.344913796219856,62.596802709878325,392.1321592066184,157.3568158676325,2.1434874354339657,27.86427433819552,0,1
2024-08-30 11:00:00,35.81017445273447,62.24491277363276,391.22456386816384,175.5087226367237,2.219772551555823,28.259157007461024,0,1
2024-08-30 12:00:00,35.83177747886721,62.35337086855465,390.915,181.7,2.2160243871279004,28.30245165257814,0,1
2024-08-30 13:00:00,33.39807621135331,69.2698729810778,440.0,175.5087226367237,1.5806222427753982,27.25205080756887,0,0
2024-08-30 14:00:00,32.92132034355964,70.06446609406726,440.0,157.3568158676325,1.4991688069755786,26.93421356237309,0,0
2024-08-30 15:00:00,32.3,71.1,440.0,128.48130214159568,1.397597504940808,26.52,0,0
2024-08-30 16:00:00,31.576457135307564,72.30590477448739,440.0,90.84999999999998,1.285601656538926,26.037638090205043,0,0
2024-08-30 17:00:00,30.8,73.6,440.0,47.02742049512806,1.17260645014677,25.52,0,0
2024-08-30 18:00:00,30.02354286469244,74.8940952255126,440.0,2.2251832340507406e-14,1.0666992086114098,25.00236190979496,0,0
2024-08-30 19:00:00,29.3,76.1,440.0,0.0,0.9740801601768755,24.52,0,0
2024-08-30 20:00:00,28.67867965644036,77.13553390593273,440.0,0.0,0.8990067392183276,24.105786437626904,0,0
2024-08-30 21:00:00,28.201923788646685,77.93012701892219,440.0,0.0,0.8440843080017243,23.78794919243112,0,0
2024-08-30 22:00:00,27.9022225211328,78.42962913144534,440.0,0.0,0.8107145844651844,23.588148347421864,0,0
2024-08-30 23:00:00,27.8,78.6,440.0,0.0,0.7995328773220424,23.52,0,0
2024-08-31 00:00:00,28.7022225211328,76.22962913144535,440.0,0.0,0.9359013756949358,23.948148347421867,0,0
2024-08-31 01:00:00,27.501923788646685,71.13012701892221,400.0,0.0,1.0600102236280646,21.72794919243113,0,1
2024-08-31 02:00:00,27.97867965644036,70.33553390593275,400.0,0.0,1.1199049423567633,22.04578643762691,0,1
2024-08-31 03:00:00,28.6,69.30000000000001,400.0,0.0,1.2016008546947117,22.460000000000004,0,1
2024-08-31 04:00:00,29.32354286469244,68.09409522551262,400.0,0.0,1.3021390094387761,22.94236190979496,0,1
2024-08-31 05:00:00,30.1,66.80000000000001,400.0,0.0,1.4167977507075302,23.460000000000004,0,1
2024-08-31 06:00:00,30.876457135307565,65.5059047744874,400.0,0.0,1.5388127642719314,23.977638090205048,0,1
2024-08-31 07:00:00,32.60784136162922,63.7960793191854,397.48039659592695,50.39206808146079,1.78143251839341,25.367057225466297,0,1
2024-08-31 08:00:00,34.16832034355965,62.29096609406727,395.1325,94.0328791892408,2.0247167587266346,26.626513562373106,0,1
2024-08-31 09:00:00,35.451550017293734,61.093136078107605,393.11631548514896,137.6736902970208,2.2428004726466777,27.67017723291525,0,1
2024-08-31 10:00:00,36.37008040120381,60.28421940738636,391.5692426941585,168.61514611683018,2.4078475735114324,28.42692428268108,0,1
2024-08-31 11:00:00,36.86131516756964,59.91934241621519,390.5967120810759,188.0657583784816,2.496051364072347,28.84518365081267,0,1
2024-08-31 12:00:00,36.891777478867205,60.02337086855466,390.265,194.7,2.4937107980053517,28.896451652578136,0,1
2024-08-31 13:00:00,34.19807621135332,67.06987298107782,440.0,188.0657583784816,1.7710500484684686,27.61205080756888,0,0
2024-08-31 14:00:00,33.72132034355965,67.86446609406727,440.0,168.6151461168302,1.6830269303256031,27.294213562373105,0,0
2024-08-31 15:00:00,33.1,68.9,440.0,137.6736902970208,1.5731721951112638,26.880000000000003,0,0
2024-08-31 16:00:00,32.37645713530756,70.1059047744874,440.0,97.34999999999998,1.4519155561240882,26.39763809020504,0,0
2024-08-31 17:00:00,31.6,71.4,440.0,50.39206808146084,1.3294280083663494,25.880000000000003,0,0
2024-08-31 18:00:00,30.82354286469244,72.69409522551261,440.0,2.3843873179398966e-14,1.2144729154219331,25.362361909794963,0,0
2024-08-31 19:00:00,30.1,73.9,440.0,0.0,1.1138078702851368,24.880000000000003,0,0
2024-08-31 20:00:00,29.47867965644036,74.93553390593274,440.0,0.0,1.0321114604195425,24.46578643762691,0,0
2024-08-31 21:00:00,29.001923788646685,75.7301270189222,440.0,0.0,0.9722809516107906,24.147949192431128,0,0
2024-08-31 22:00:00,28.7022225211328,76.22962913144535,440.0,0.0,0.9359013756949358,23.948148347421867,0,0
2024-08-31 23:00:00,28.6,76.4,440.0,0.0,0.923706194488443,23.880000000000003,0,0
2024-09-01 00:00:00,28.5022225211328,75.72962913144535,440.0,0.0,0.9445740113409007,23.648148347421863,0,0
2024-09-01 01:00:00,27.301923788646683,70.63012701892221,400.0,0.0,1.0658275422587955,21.427949192431125,0,1
2024-09-01 02:00:00,27.77867965644036,69.83553390593275,400.0,0.0,1.1255847707302666,21.745786437626904,0,1
2024-09-01 03:00:00,28.4,68.80000000000001,400.0,0.0,1.207085479556975,22.16,0,1
2024-09-01 04:00:00,29.123542864692435,67.59409522551262,400.0,0.0,1.3073724651412326,22.64236190979496,0,1
2024-09-01 05:00:00,29.9,66.30000000000001,400.0,0.0,1.4217316896307253,23.16,0,1
2024-09-01 06:00:00,30.67645713530756,65.0059047744874,400.0,0.0,1.5434145048485155,23.677638090205043,0,1
2024-09-01 07:00:00,32.39904151409573,63.300479242952136,397.5023962147607,49.9520757047865,1.7847155205538148,25.059137362686155,0,1
2024-09-01 08:00:00,33.951320343559644,61.79946609406726,395.175,96.5,2.026484718760302,26.31121356237309,0,1
2024-09-01 09:00:00,35.22750838673339,60.60515689338778,393.1764195615498,136.4716087690037,2.243051959479963,27.348539765410948,0,1
2024-09-01 10:00:00,36.140635537475134,59.798941839250695,391.6428548534802,167.14290293039664,2.406834716229702,28.100423905325272,0,1
2024-09-01 11:00:00,36.62847368947581,59.4357631552621,390.6788157763105,186.4236844737902,2.4942723166996745,28.515626320528224,0,1
2024-09-01 12:00:00,36.6577774788672,59.54037086855466,390.35,193.0,2.4918244477316702,28.565851652578136,0,1
2024-09-01 13:00:00,33.998076211353315,66.56987298107782,440.0,186.4236844737902,1.7780449788568795,27.31205080756888,0,0
2024-09-01 14:00:00,33.521320343559644,67.36446609406727,440.0,167.14290293039667,1.6902328254006853,26.994213562373098,0,0
2024-09-01 15:00:00,32.9,68.4,440.0,136.4716087690037,1.5806324680312176,26.58,0,0
2024-09-01 16:00:00,32.17645713530756,69.6059047744874,440.0,96.5,1.459643909230406,26.09763809020504,0,0
2024-09-01 17:00:00,31.4,70.9,440.0,49.95207570478656,1.3374119391444348,25.58,0,0
2024-09-01 18:00:00,30.623542864692435,72.19409522551261,440.0,2.3635683223543918e-14,1.2226808877847826,25.06236190979496,0,0
2024-09-01 19:00:00,29.9,73.4,440.0,0.0,1.122197713477071,24.58,0,0
2024-09-01 20:00:00,29.27867965644036,74.43553390593274,440.0,0.0,1.04063779622238,24.165786437626902,0,0
2024-09-01 21:00:00,28.801923788646683,75.2301270189222,440.0,0.0,0.9809002270706804,23.847949192431123,0,0
2024-09-01 22:00:00,28.5022225211328,75.72962913144535,440.0,0.0,0.9445740113409007,23.648148347421863,0,0
2024-09-01 23:00:00,28.4,73.72962913144534,440.0,0.0,1.0163648467310546,23.58,0,0
2024-09-02 00:00:00,29.2022225211328,71.72962913144534,440.0,0.0,1.1457211886805896,23.548148347421865,0,0
2024-09-02 01:00:00,28.001923788646685,66.6301270189222,400.0,0.0,1.261499258081988,21.327949192431124,0,1
2024-09-02 02:00:00,28.47867965644036,65.83553390593275,400.0,0.0,1.3278257330109562,21.64578643762691,0,1
2024-09-02 03:00:00,29.1,64.8,400.0,0.0,1.4181673169872222,22.06,0,1
2024-09-02 04:00:00,29.82354286469244,63.5940952255126,400.0,0.0,1.529160393783682,22.54236190979496,0,1
2024-09-02 05:00:00,30.6,62.3,400.0,0.0,1.6555170639122319,23.06,0,1
2024-09-02 06:00:00,31.376457135307565,61.00590477448739,400.0,0.0,1.7897428774065753,23.57763809020504,0,1
2024-09-02 07:00:00,33.36717804482194,59.166410977589024,396.8320548879452,63.35890224109708,2.0966731110833323,25.200460240339744,0,1
2024-09-02 08:00:00,35.16932034355965,57.54046609406726,393.88,122.4,2.4097971321034124,26.6774135623731,0,1
2024-09-02 09:00:00,36.66007101204266,56.238875580733136,391.3450129982767,173.09974003446686,2.695494227015189,27.907846128189284,0,1
2024-09-02 10:00:00,37.73783785579582,55.35034068009035,389.39984905767847,212.0030188464306,2.9162570537190864,28.80790599181389,0,1
2024-09-02 11:00:00,38.32917284551128,54.935413577244354,388.1770678862218,236.458642275564,3.038968976876349,29.31625556096015,0,1
2024-09-02 12:00:00,38.39377747886721,55.02237086855465,387.76,244.8,3.0436912773622162,29.39825165257814,0,1
2024-09-02 13:00:00,34.69807621135332,62.56987298107781,440.0,236.458642275564,2.0697096095527745,27.21205080756888,0,0
2024-09-02 14:00:00,34.22132034355965,63.36446609406726,440.0,212.0030188464306,1.97288219131099,26.8942135623731,0,0
2024-09-02 15:00:00,33.6,64.4,440.0,173.09974003446686,1.8518872423462887,26.480000000000004,0,0
2024-09-02 16:00:00,32.87645713530756,65.60590477448739,440.0,122.4,1.7181208964868913,25.980000000000004,0,0
2024-09-02 17:00:00,32.1,66.9,440.0,63.35890224109715,1.5827460663653279,25.480000000000004,0,0
2024-09-02 18:00:00,31.32354286469244,68.1940952255126,440.0,2.9979353643127213e-14,1.455441185788101,24.96236190979496,0,0
2024-09-02 19:00:00,30.6,69.39999999999999,440.0,0.0,1.3437353356953396,24.48,0,0
2024-09-02 20:00:00,29.97867965644036,70.43553390593273,440.0,0.0,1.2529063081275484,24.065786437626905,0,0
2024-09-02 21:00:00,29.501923788646685,71.23012701892219,440.0,0.0,1.1862802947109197,23.74794919243112,0,0
2024-09-02 22:00:00,29.2022225211328,71.72962913144534,440.0,0.0,1.1457211886805896,23.548148347421865,0,0
2024-09-02 23:00:00,29.1,71.9,440.0,0.0,1.132116522935822,23.480000000000004,0,0
2024-09-03 00:00:00,29.102222521132795,73.22962913144534,440.0,0.0,1.0786857322134114,23.74814834742186,0,0
2024-09-03 01:00:00,27.901923788646684,68.1301270189222,400.0,0.0,1.1977967948012427,21.527949192431123,0,1
2024-09-03 02:00:00,28.37867965644036,67.33553390593275,400.0,0.0,1.2621804347369152,21.845786437626906,0,1
2024-09-03 03:00:00,29.0,66.3,400.0,0.0,1.3499133512289556,22.26,0,1
2024-09-03 04:00:00,29.72354286469244,65.0940952255126,400.0,0.0,1.4577561080343908,22.74236190979496,0,1
2024-09-03 05:00:00,30.5,63.8,400.0,0.0,1.5805931140215315,23.26,0,1
2024-09-03 06:00:00,31.276457135307563,62.50590477448739,400.0,0.0,1.7111504554775845,23.77763809020504,0,1
2024-09-03 07:00:00,33.16727389341237,60.71636305329381,397.0818152664691,58.36369467061843,1.9946410530566545,25.310546504071134,0,1
2024-09-03 08:00:00,34.87632034355965,59.13696609406726,394.3625,112.75,2.2819385568849904,26.7037135623731,0,1
2024-09-03 09:00:00,36.28712779450465,58.077224838544,392.0273710421217,159.45257915756648,2.530136941349608,27.86219723240508,0,1
2024-09-03 10:00:00,37.30355204993502,57.01748358302074,390.2355635723305,195.2887285533909,2.7419867304073056,28.70704876653917,0,1
2024-09-03 11:00:00,37.8563254765637,56.62183726171815,389.1091863085908,217.8162738281849,2.8514477074773628,29.180692928907327,0,1
2024-09-03 12:00:00,37.9077774788672,56.71537086855465,388.725,225.5,2.853233176731036,29.25085165257813,0,1
2024-09-03 13:00:00,34.59807621135332,64.06987298107781,440.0,217.8162738281849,1.9757876931872602,27.41205080756888,0,0
2024-09-03 14:00:00,34.121320343559645,64.86446609406727,440.0,195.2887285533909,1.8816122539757831,27.0942135623731,0,0
2024-09-03 15:00:00,33.5,65.9,440.0,159.45257915756648,1.7639764226132062,26.68,0,0
2024-09-03 16:00:00,32.77645713530757,67.10590477448739,440.0,112.75,1.6339870741307294,26.18,0,0
2024-09-03 17:00:00,32.0,68.4,440.0,58.363694670618486,1.5025090252187328,25.68,0,0
2024-09-03 18:00:00,31.22354286469244,69.6940952255126,440.0,2.7615785320772814e-14,1.378944263960228,25.16236190979496,0,0
2024-09-03 19:00:00,30.5,70.89999999999999,440.0,0.0,1.2705872822659274,24.68,0,0
2024-09-03 20:00:00,29.87867965644036,71.93553390593273,440.0,0.0,1.1825322515756993,24.265786437626904,0,0
2024-09-03 21:00:00,29.401923788646684,72.73012701892219,440.0,0.0,1.1179727665984394,23.94794919243112,0,0
2024-09-03 22:00:00,29.102222521132795,73.22962913144534,440.0,0.0,1.0786857322134114,23.74814834742186,0,0
2024-09-03 23:00:00,29.0,73.4,440.0,0.0,1.0655102416228546,23.68,0,0
2024-09-04 00:00:00,30.2022225211328,65.92962913144535,440.0,0.0,1.4624806834398714,23.38814834742187,0,0
2024-09-04 01:00:00,29.001923788646685,60.83012701892219,400.0,0.0,1.5691932712712886,21.167949192431124,0,1
2024-09-04 02:00:00,29.47867965644036,60.03553390593274,400.0,0.0,1.6456677477362411,21.485786437626903,0,1
2024-09-04 03:00:00,30.1,59.0,400.0,0.0,1.74965987286171,21.9,0,1
2024-09-04 04:00:00,30.82354286469244,57.794095225512606,400.0,0.0,1.8771737703921019,22.38236190979496,0,1
2024-09-04 05:00:00,31.6,56.5,400.0,0.0,2.0220321106271406,22.9,0,1
2024-09-04 06:00:00,32.37645713530756,55.205904774487394,400.0,0.0,2.175588295608311,23.41763809020504,0,1
2024-09-04 07:00:00,34.34543724503333,53.377281377483335,396.8864068874167,62.27186225166649,2.528082464784004,25.02089352053,0,1
2024-09-04 08:00:00,36.127320343559646,51.76146609406726,393.985,120.29999999999998,2.885930801542595,26.479613562373096,0,1
2024-09-04 09:00:00,37.60067404242298,50.468574065542974,391.4935054223258,170.12989155348333,3.2111430265755643,27.69438885553157,0,1
2024-09-04 10:00:00,38.66509172187793,49.586713747049295,389.5817143924732,208.365712150536,3.4617524682573464,28.582434471287787,0,1
2024-09-04 11:00:00,39.248035076103,49.1759824619485,388.3799123097425,232.40175380514984,3.600931784963262,29.0832315684927,0,1
2024-09-04 12:00:00,39.3097774788672,49.26437086855466,387.97,240.6,3.606579410964302,29.16265165257813,0,1
2024-09-04 13:00:00,35.69807621135332,56.76987298107781,440.0,232.40175380514984,2.5260594916582813,27.05205080756888,0,0
2024-09-04 14:00:00,35.22132034355965,57.564466094067264,440.0,208.365712150536,2.4153570406707274,26.7342135623731,0,0
2024-09-04 15:00:00,34.6,58.6,440.0,170.12989155348333,2.276817280866018,26.32,0,0
2024-09-04 16:00:00,33.87645713530756,59.8059047744874,440.0,120.29999999999998,2.1233654092094087,25.83763809020504,0,0
2024-09-04 17:00:00,33.1,61.1,440.0,62.27186225166656,1.9677298517629638,25.32,0,0
2024-09-04 18:00:00,32.32354286469244,62.39409522551261,440.0,2.9465001987485325e-14,1.8210285654867822,24.802361909794964,0,0
2024-09-04 19:00:00,31.6,63.6,440.0,0.0,1.6919992833753543,24.32,0,0
2024-09-04 20:00:00,30.97867965644036,64.63553390593273,440.0,0.0,1.5868538361803488,23.905786437626908,0,0
2024-09-04 21:00:00,30.501923788646685,65.43012701892219,440.0,0.0,1.509583157103454,23.587949192431125,0,0
2024-09-04 22:00:00,30.300961894323343,65.92962913144535,440.0,0.0,1.4707712381308864,23.38814834742187,0,0
2024-09-04 23:00:00,30.1,66.1,440.0,0.0,1.4466699924393165,23.32,0,0
2024-09-05 00:00:00,30.2022225211328,67.02962913144535,440.0,0.0,1.4152628601296877,23.608148347421867,0,0
2024-09-05 01:00:00,29.001923788646685,61.93012701892219,400.0,0.0,1.525125918813131,21.38794919243112,0,1
2024-09-05 02:00:00,29.47867965644036,61.13553390593274,400.0,0.0,1.6003716459880284,21.705786437626905,0,1
2024-09-05 03:00:00,30.1,60.1,400.0,0.0,1.7027177787117618,22.12,0,1
2024-09-05 04:00:00,30.82354286469244,58.89409522551261,400.0,0.0,1.8282495461996733,22.60236190979496,0,1
2024-09-05 05:00:00,31.6,57.6,400.0,0.0,1.9709002641515114,23.12,0,1
2024-09-05 06:00:00,32.37645713530756,56.3059047744874,400.0,0.0,2.1221627913510863,23.63763809020504,0,1
2024-09-05 07:00:00,34.5887271474297,54.35563642628515,396.27818213142575,74.43635737148497,2.508670340037618,25.459854432686733,0,1
2024-09-05 08:00:00,36.597320343559645,52.62646609406726,392.81,143.79999999999998,2.9080195588391637,27.122613562373097,0,1
2024-09-05 09:00:00,38.26535441673834,51.2362338783853,389.8318044865375,203.3639102692511,3.2771224618412247,28.5126011924154,0,1
2024-09-05 10:00:00,39.479155601435295,50.27968180727061,387.54655469357976,249.06890612840456,3.5665961878989063,29.535091962889418,0,1
2024-09-05 11:00:00,39.864466540151255,49.82199732359264,386.1099866179632,277.8002676407361,3.6742858839368644,30.12040481753325,0,1
2024-09-05 12:00:00,40.24977747886721,49.89437086855466,385.62,287.6,3.7450774621684664,30.22865165257814,0,1
2024-09-05 13:00:00,35.69807621135332,57.86987298107781,440.0,277.8002676407361,2.4617833575722567,27.27205080756888,0,0
2024-09-05 14:00:00,35.22132034355965,58.66446609406727,440.0,249.0689061284046,2.352746947190406,26.9542135623731,0,0
2024-09-05 15:00:00,34.6,59.7,440.0,203.3639102692511,2.2163221357222347,26.540000000000003,0,0
2024-09-05 16:00:00,33.87645713530756,60.9059047744874,440.0,143.79999999999998,2.0652548350809043,26.05763809020504,0,0
2024-09-05 17:00:00,33.1,62.2,440.0,74.43635737148504,1.9120871053120831,25.540000000000003,0,0
2024-09-05 18:00:00,32.32354286469244,63.49409522551261,440.0,3.522084194347788e-14,1.767762158680518,25.022361909794963,0,0
2024-09-05 19:00:00,31.6,64.7,440.0,0.0,1.6408674368997254,24.540000000000003,0,0
2024-09-05 20:00:00,30.97867965644036,65.73553390593274,440.0,0.0,1.5374952734028033,24.125786437626907,0,0
2024-09-05 21:00:00,30.501923788646685,66.5301270189222,440.0,0.0,1.4615488043673959,23.807949192431124,0,0
2024-09-05 22:00:00,30.2022225211328,67.02962913144535,440.0,0.0,1.4152628601296877,23.608148347421867,0,0
2024-09-05 23:00:00,30.1,67.2,440.0,0.0,1.3997278982893677,23.540000000000003,0,0
2024-09-06 00:00:00,30.302222521132794,67.22962913144534,440.0,0.0,1.4147540810770471,23.74814834742186,0,0
2024-09-06 01:00:00,29.101923788646683,62.13012701892219,400.0,0.0,1.5259029171295422,21.527949192431123,0,1
2024-09-06 02:00:00,29.57867965644036,61.335533905932735,400.0,0.0,1.601326842600732,21.845786437626906,0,1
2024-09-06 03:00:00,30.2,60.3,400.0,0.0,1.7039172678660441,22.26,0,1
2024-09-06 04:00:00,30.92354286469244,59.0940952255126,400.0,0.0,1.8297513631329687,22.74236190979496,0,1
2024-09-06 05:00:00,31.7,57.8,400.0,0.0,1.9727487961700065,23.26,0,1
2024-09-06 06:00:00,32.47645713530756,56.50590477448739,400.0,0.0,2.124382156002596,23.77763809020504,0,1
2024-09-06 07:00:00,34.408167302538565,54.69591634873071,396.9795817436536,60.408365126928345,2.465151787620946,25.347350572284707,0,1
2024-09-06 08:00:00,36.15532034355964,53.09746609406726,394.165,116.7,2.8103125680910734,26.77481356237309,0,1
2024-09-06 09:00:00,37.598850665932126,51.819485753788406,391.748063863553,165.0387227289402,3.1232540085185208,27.96274781668981,0,1
2024-09-06 10:00:00,38.64038406373296,50.94906757612177,389.8934835378356,195.24290529240434,3.3637273784664052,28.83019757895732,0,1
2024-09-06 11:00:00,39.20894175711737,50.54552912144131,388.72764560720657,225.4470878558685,3.496564584147974,29.31804758140564,0,1
2024-09-06 12:00:00,39.2657774788672,50.63637086855465,388.33,233.4,3.5007883669302187,29.39305165257813,0,1
2024-09-06 13:00:00,35.79807621135332,58.06987298107781,440.0,225.4470878558685,2.4636016219234436,27.41205080756888,0,0
2024-09-06 14:00:00,35.32132034355964,58.86446609406726,440.0,202.130329243288,2.354314103775394,27.09421356237309,0,0
2024-09-06 15:00:00,34.7,59.9,440.0,165.0387227289402,2.2175773043428584,26.68,0,0
2024-09-06 16:00:00,33.97645713530756,61.10590477448739,440.0,116.7,2.0661677040733233,26.19763809020504,0,0
2024-09-06 17:00:00,33.2,62.4,440.0,60.40836512692841,1.9126567811560653,25.680000000000003,0,0
2024-09-06 18:00:00,32.42354286469244,63.694095225512605,440.0,2.8583256292099224e-14,1.7680125352519755,25.16236190979496,0,0
2024-09-06 19:00:00,31.7,64.9,440.0,0.0,1.6408408233546734,24.68,0,0
2024-09-06 20:00:00,31.07867965644036,65.93553390593274,440.0,0.0,1.5372459578689304,24.265786437626907,0,0
2024-09-06 21:00:00,30.601923788646683,66.73012701892219,440.0,0.0,1.46113774963349,23.94794919243112,0,0
2024-09-06 22:00:00,30.302222521132794,67.22962913144534,440.0,0.0,1.4147540810770471,23.74814834742186,0,0
2024-09-06 23:00:00,30.2,67.4,440.0,0.0,1.3991864718496985,23.68,0,0
2024-09-07 00:00:00,30.102222521132795,65.12962913144534,440.0,0.0,1.4882697785920536,23.128148347421863,0,0
2024-09-07 01:00:00,28.901923788646684,60.03012701892219,400.0,0.0,1.5920121444634447,20.90794919243112,0,1
2024-09-07 02:00:00,29.37867965644036,59.23553390593273,400.0,0.0,1.6689687404833844,21.225786437626905,0,1
2024-09-07 03:00:00,30.0,58.11481456572267,400.0,0.0,1.777215667958241,21.64,0,1
2024-09-07 04:00:00,30.72354286469244,56.9940952255126,400.0,0.0,1.9018781579925121,22.12236190979496,0,1
2024-09-07 05:00:00,31.5,55.7,400.0,0.0,2.0475765240402986,22.64,0,1
2024-09-07 06:00:00,32.27645713530756,54.40590477448739,400.0,0.0,2.201995021043419,23.15763809020504,0,1
2024-09-07 07:00:00,34.25993111155907,52.57003444422046,396.8501722211023,62.99655557795355,2.559666773055322,24.773938000403163,0,1
2024-09-07 08:00:00,36.05532034355964,50.94746609406726,393.915,121.7,2.9230669343590114,26.244813562373096,0,1
2024-09-07 09:00:00,37.54027202216943,49.64877507566975,391.3945104729597,172.10979054080568,3.253613599755295,27.47002703730338,0,1
2024-09-07 10:00:00,38.61358914448985,48.762465035743325,389.4604708359434,210.7905832811324,3.5086122026309536,28.36608215163852,0,1
2024-09-07 11:00:00,39.20212692237519,48.3489365388124,389.3047862884143,235.10634611875923,3.650535861303882,28.871914230137666,0,1
2024-09-07 12:00:00,39.26577747886721,52.159404759945105,387.83,243.4,3.3927772781340013,28.95305165257814,0,1
2024-09-07 13:00:00,37.193548911213426,55.969872981077806,440.0,235.10634611875923,2.7920682839370676,26.79205080756888,0,0
2024-09-07 14:00:00,35.121320343559645,56.76446609406726,440.0,210.7905832811324,2.447344662435509,26.47421356237309,0,0
2024-09-07 15:00:00,34.5,57.8,440.0,172.10979054080568,2.3079795709225364,26.06,0,0
2024-09-07 16:00:00,33.77645713530757,59.00590477448739,440.0,121.7,2.1535878236201387,25.57763809020505,0,0
2024-09-07 17:00:00,33.0,60.3,440.0,62.996555577953615,1.99696867485592,25.06,0,0
2024-09-07 18:00:00,32.22354286469243,61.5940952255126,440.0,2.9807903091246575e-14,1.8493092496726111,24.542361909794955,0,0
2024-09-07 19:00:00,31.5,62.8,440.0,1.4903951545623288e-14,1.7194096319254877,24.06,0,0
2024-09-07 20:00:00,30.87867965644036,63.835533905932735,440.0,0.0,1.613533852904324,23.645786437626903,0,0
2024-09-07 21:00:00,30.401923788646684,64.6301270189222,440.0,0.0,1.5357132946728378,23.327949192431124,0,0
2024-09-07 22:00:00,30.102222521132795,65.12962913144534,440.0,0.0,1.4882697785920536,23.128148347421863,0,0
2024-09-07 23:00:00,30.0,65.3,440.0,0.0,1.4723435753893774,23.06,0,0
2024-09-08 00:00:00,29.602222521132795,67.52962913144535,440.0,0.0,1.3466150779317585,23.108148347421864,0,0
2024-09-08 01:00:00,28.401923788646684,62.43012701892219,400.0,0.0,1.453689517773974,20.88794919243112,0,1
2024-09-08 02:00:00,28.87867965644036,61.63553390593274,400.0,0.0,1.5260153923867685,21.205786437626905,0,1
2024-09-08 03:00:00,29.5,60.6,400.0,0.0,1.6244168749361854,21.62,0,1
2024-09-08 04:00:00,30.22354286469244,59.39409522551261,400.0,0.0,1.7451498229739442,22.10236190979496,0,1
2024-09-08 05:00:00,31.0,58.1,400.0,0.0,1.8823961532186864,22.62,0,1
2024-09-08 06:00:00,31.776457135307563,56.8059047744874,400.0,0.0,2.027980365572163,23.137638090205044,0,1
2024-09-08 07:00:00,33.620686465293915,55.03965676735304,397.1982838367652,56.03432326469574,2.3415089381315677,24.628617818764525,0,1
2024-09-08 08:00:00,35.286320343559645,53.48196609406726,394.5875,104.56147069579166,2.657237404280564,25.982713562373096,0,1
2024-09-08 09:00:00,36.65984857389107,52.23898679980893,392.3455690936556,153.08861812688755,2.941834183518698,27.10764593385285,0,1
2024-09-08 10:00:00,37.64766747725383,51.39542586936135,390.6252750040334,187.49449991933096,3.1590939993394906,27.92675265112609,0,1
2024-09-08 11:00:00,38.18245882783167,51.00877058608417,389.5438529304208,209.12294139158328,3.2777079689396107,28.3842129450485,0,1
2024-09-08 12:00:00,38.2277774788672,51.10537086855466,389.175,216.5,3.2792590792922156,28.44885165257813,0,1
2024-09-08 13:00:00,35.09807621135332,58.36987298107781,440.0,209.12294139158328,2.3534476830226,26.77205080756888,0,0
2024-09-08 14:00:00,34.621320343559645,59.16446609406727,440.0,187.494499919331,2.248429687225619,26.4542135623731,0,0
2024-09-08 15:00:00,34.0,60.2,440.0,153.08861812688755,2.117065563524231,26.04,0,0
2024-09-08 16:00:00,33.27645713530757,61.4059047744874,440.0,108.25,1.9716476357571202,25.55763809020505,0,0
2024-09-08 17:00:00,32.5,62.7,440.0,56.0343232646958,1.8242605409840367,25.04,0,0
2024-09-08 18:00:00,31.72354286469244,63.99409522551261,440.0,2.65136032015402e-14,1.685435283617974,24.52236190979496,0,0
2024-09-08 19:00:00,31.0,65.2,440.0,0.0,1.5634221033892668,24.04,0,0
2024-09-08 20:00:00,30.37867965644036,66.23553390593274,440.0,0.0,1.464061103887859,23.625786437626907,0,0
2024-09-08 21:00:00,29.901923788646684,67.0301270189222,440.0,0.0,1.3910827789228757,23.307949192431124,0,0
2024-09-08 22:00:00,29.602222521132795,67.52962913144535,440.0,0.0,1.3466150779317585,23.108148347421864,0,0
2024-09-08 23:00:00,29.5,67.7,440.0,0.0,1.3316920066101214,23.04,0,0
2024-09-09 00:00:00,30.0022225211328,66.52962913144535,440.0,0.0,1.4203506629508675,23.308148347421863,0,0
2024-09-09 01:00:00,28.801923788646683,61.43012701892219,400.0,0.0,1.5273876129331814,21.08794919243112,0,1
2024-09-09 02:00:00,29.27867965644036,60.63553390593274,400.0,0.0,1.6023863394943851,21.405786437626904,0,1
2024-09-09 03:00:00,29.9,59.6,400.0,0.0,1.704390512198259,21.82,0,1
2024-09-09 04:00:00,30.623542864692435,58.39409522551261,400.0,0.0,1.829494310626948,22.30236190979496,0,1
2024-09-09 05:00:00,31.4,57.1,400.0,0.0,1.971648528841796,22.82,0,1
2024-09-09 06:00:00,32.17645713530756,55.8059047744874,400.0,0.0,2.122374146729683,23.33763809020504,0,1
2024-09-09 07:00:00,33.7830905818898,54.1584547090551,397.7922735452755,44.15452909449004,2.4091353197734064,24.61478152370082,0,1
2024-09-09 08:00:00,35.22732034355965,52.71146609406726,395.735,85.29999999999998,2.6924726613381496,25.7696135623731,0,1
2024-09-09 09:00:00,36.41072454876181,51.56354881237356,393.9683791564788,120.63241687042502,2.9430926127839534,26.723434311236524,0,1
2024-09-09 10:00:00,37.25265615657971,50.79293152969841,392.6128033057187,147.7439338856252,3.130397580708018,27.4112424625194,0,1
2024-09-09 11:00:00,37.6957389192983,50.45213054035085,391.7606527017542,164.78694596491505,3.228806150147683,27.78616502736847,0,1
2024-09-09 12:00:00,37.7097774788672,50.564370868554654,391.47,170.6,3.2239436286367953,27.82265165257813,0,1
2024-09-09 13:00:00,35.498076211353315,57.36987298107781,440.0,164.78694596491505,2.463734801293414,26.97205080756888,0,0
2024-09-09 14:00:00,35.021320343559644,58.16446609406727,440.0,147.74393388562524,2.3550520338694825,26.65421356237309,0,0
2024-09-09 15:00:00,34.4,59.28518543427734,440.0,120.63241687042502,2.214429555459644,26.24,0,0
2024-09-09 16:00:00,33.67645713530756,60.4059047744874,440.0,82.39347298245755,2.068467578174514,25.75763809020504,0,0
2024-09-09 17:00:00,32.9,61.7,440.0,44.15452909449009,1.9157665672656852,25.24,0,0
2024-09-09 18:00:00,32.12354286469244,62.99409522551261,440.0,2.089247439345384e-14,1.7718688560984537,24.72236190979496,0,0
2024-09-09 19:00:00,31.4,64.2,440.0,0.0,1.6453383993598205,24.24,0,0
2024-09-09 20:00:00,30.77867965644036,65.23553390593274,440.0,0.0,1.542254142961879,23.825786437626903,0,0
2024-09-09 21:00:00,30.301923788646683,66.0301270189222,440.0,0.0,1.4665136082300678,23.507949192431123,0,0
2024-09-09 22:00:00,30.0022225211328,66.52962913144535,440.0,0.0,1.4203506629508675,23.308148347421863,0,0
2024-09-09 23:00:00,29.9,66.7,440.0,0.0,1.4048565360446044,23.24,0,0
2024-09-10 00:00:00,30.102222521132795,66.82962913144534,440.0,0.0,1.415713664028671,23.468148347421863,0,0
2024-09-10 01:00:00,28.901923788646684,61.73012701892219,400.0,0.0,1.5243006296715638,21.24794919243112,0,1
2024-09-10 02:00:00,29.37867965644036,60.935533905932736,400.0,0.0,1.5993677587785196,21.565786437626905,0,1
2024-09-10 03:00:00,30.0,59.9,400.0,0.0,1.7014690885623645,21.98,0,1
2024-09-10 04:00:00,30.72354286469244,58.694095225512605,400.0,0.0,1.8266979499364004,22.46236190979496,0,1
2024-09-10 05:00:00,31.5,57.4,400.0,0.0,1.9690013526888652,22.98,0,1
2024-09-10 06:00:00,32.27645713530756,56.10590477448739,400.0,0.0,2.1198924698850146,23.49763809020504,0,1
2024-09-10 07:00:00,34.315836025301216,54.242081987349394,396.7104099367469,65.79180126506077,2.4771131881958866,25.164252422771096,0,1
2024-09-10 08:00:00,36.16332034355965,52.59346609406726,393.645,127.09999999999998,2.8417569325609957,26.6820135623731,0,1
2024-09-10 09:00:00,37.69300708690572,51.2724075433016,391.012672811119,179.7465437776204,3.174882417523297,27.947488595566043,0,1
2024-09-10 10:00:00,38.80065063170729,50.36893429213461,388.9928171178998,220.14365764200429,3.4329787324902927,28.874437490134213,0,1
2024-09-10 11:00:00,39.41076690085362,49.94461654957319,387.72308274786593,245.5383450426812,3.5775157833893334,29.399690210768263,0,1
2024-09-10 12:00:00,39.4817774788672,50.02837086855465,387.29,254.2,3.5851263309035586,29.48745165257813,0,1
2024-09-10 13:00:00,35.59807621135332,57.66987298107781,440.0,245.5383450426812,2.459901088007696,27.13205080756888,0,0
2024-09-10 14:00:00,35.121320343559645,58.46446609406726,440.0,220.1436576420043,2.3511162699472306,26.81421356237309,0,0
2024-09-10 15:00:00,34.5,59.5,440.0,179.7465437776204,2.215004090577316,26.4,0,0
2024-09-10 16:00:00,33.77645713530757,60.705904774487394,440.0,122.76917252134062,2.0642798567040703,25.917638090205045,0,0
2024-09-10 17:00:00,33.0,62.0,440.0,65.79180126506084,1.9114561623306034,25.4,0,0
2024-09-10 18:00:00,32.22354286469243,63.294095225512606,440.0,3.113052163432572e-14,1.7674513753977197,24.882361909794955,0,0
2024-09-10 19:00:00,31.5,64.5,440.0,0.0,1.6408344605740541,24.4,0,0
2024-09-10 20:00:00,30.87867965644036,65.53553390593274,440.0,0.0,1.5376857111730862,23.985786437626903,0,0
2024-09-10 21:00:00,30.401923788646684,66.33012701892218,440.0,0.0,1.4619015339594055,23.66794919243112,0,0
2024-09-10 22:00:00,30.200961894323342,66.82962913144534,440.0,0.0,1.423745123958682,23.533974596215558,0,0
2024-09-10 23:00:00,30.0,67.0,440.0,0.0,1.4002114693904741,23.4,0,0
2024-09-11 00:00:00,29.7022225211328,69.12962913144534,440.0,0.0,1.2876433264985845,23.528148347421865,0,0
2024-09-11 01:00:00,28.501923788646685,64.03012701892219,400.0,0.0,1.3998804817845472,21.307949192431124,0,1
2024-09-11 02:00:00,28.97867965644036,63.23553390593273,400.0,0.0,1.4708525003671706,21.625786437626907,0,1
2024-09-11 03:00:00,29.6,62.2,400.0,0.0,1.5674456637453806,22.04,0,1
2024-09-11 04:00:00,30.32354286469244,60.9940952255126,400.0,0.0,1.6860086838434203,22.52236190979496,0,1
2024-09-11 05:00:00,31.1,59.7,400.0,0.0,1.820847650511692,23.04,0,1
2024-09-11 06:00:00,31.876457135307565,58.40590477448739,400.0,0.0,1.9639406789413054,23.55763809020504,0,1
2024-09-11 07:00:00,33.740874350811914,56.62956282459404,397.1478141229702,57.04371754059557,2.2739092068862132,25.066786915730724,0,1
2024-09-11 08:00:00,35.42532034355965,55.06246609406726,394.49,110.2,2.5866999840564397,26.4378135623731,0,1
2024-09-11 09:00:00,36.81500290282362,53.811409635342656,392.2076832713242,155.8463345735151,2.869171960721169,27.42268059842243,0,1
2024-09-11 10:00:00,37.81521745874901,52.96165087861375,390.4564000502955,190.87199899409023,3.085175102251288,28.40754763447176,0,1
2024-09-11 11:00:00,38.35780104228221,52.57109947885889,389.3554973942945,212.89005211411063,3.203351150341079,28.87202093805399,0,1
2024-09-11 12:00:00,38.40577747886721,52.66637086855465,388.98,220.4,3.2051977489210723,28.939051652578136,0,1
2024-09-11 13:00:00,35.19807621135332,59.969872981077806,440.0,212.89005211411063,2.275524664583862,27.19205080756888,0,0
2024-09-11 14:00:00,34.72132034355965,60.76446609406726,440.0,190.8719989940903,2.1723351018868624,26.8742135623731,0,0
2024-09-11 15:00:00,34.1,61.8,440.0,155.8463345735151,2.0432984746848657,26.46,0,0
2024-09-11 16:00:00,33.37645713530756,63.00590477448739,440.0,110.2,1.9005136928337705,25.97763809020504,0,0
2024-09-11 17:00:00,32.6,64.3,440.0,57.04371754059564,1.755862114166925,25.46,0,0
2024-09-11 18:00:00,31.82354286469244,65.5940952255126,440.0,2.6991215453207664e-14,1.6196815004416485,24.94236190979496,0,0
2024-09-11 19:00:00,31.1,66.8,440.0,0.0,1.5000531512900295,24.46,0,0
2024-09-11 20:00:00,30.47867965644036,67.83553390593273,440.0,0.0,1.40268033354142,24.04578643762691,0,0
2024-09-11 21:00:00,30.001923788646685,68.6301270189222,440.0,0.0,1.3311909994839353,23.72794919243113,0,0
2024-09-11 22:00:00,29.7022225211328,69.12962913144534,440.0,0.0,1.2876433264985845,23.528148347421865,0,0
2024-09-11 23:00:00,29.6,69.3,440.0,0.0,1.273031266586857,23.46,0,0
2024-09-12 00:00:00,31.2022225211328,62.829629131445344,440.0,0.0,1.6892349045168769,23.768148347421864,0,0
2024-09-12 01:00:00,30.001923788646685,57.73012701892219,400.0,0.0,1.7937361268782115,21.547949192431123,0,1
2024-09-12 02:00:00,30.47867965644036,56.935533905932736,400.0,0.0,1.8780252558195352,21.86578643762691,0,1
2024-09-12 03:00:00,31.1,55.9,400.0,0.0,1.9925404810810328,22.28,0,1
2024-09-12 04:00:00,31.82354286469244,54.694095225512605,400.0,0.0,2.132806455897118,22.76236190979496,0,1
2024-09-12 05:00:00,32.6,53.4,400.0,0.0,2.2919656728341375,23.28,0,1
2024-09-12 06:00:00,33.37645713530756,52.10590477448739,400.0,0.0,2.4604841185357023,23.79763809020504,0,1
2024-09-12 07:00:00,35.28590886465975,50.30704556767012,397.124520408911,59.2954432329875,2.838533132426898,25.34731797819378,0,1
2024-09-12 08:00:00,37.01232034355965,48.71896609406726,394.2725,114.54999999999998,3.219949977496408,26.75611356237309,0,1
2024-09-12 09:00:00,38.43803948275008,47.44989134537943,391.9000918215081,161.99816356983806,3.564625833067669,27.92801775182596,0,1
2024-09-12 10:00:00,39.4659058790075,46.5863066684845,390.0796789996493,198.40642000701487,3.8288187071069517,28.7831672127044,0,1
2024-09-12 11:00:00,40.02587213605651,46.18706393197174,388.9353196598588,221.2936068028256,3.974510264449833,29.26328492245086,0,1
2024-09-12 12:00:00,40.07977747886721,46.27937086855466,388.545,221.2936068028256,3.9791035311533345,29.33565165257814,0,1
2024-09-12 13:00:00,36.69807621135332,53.66987298107781,440.0,221.2936068028256,2.859660946808941,27.43205080756888,0,0
2024-09-12 14:00:00,36.22132034355965,54.46446609406726,440.0,198.4064200070149,2.7382888801290375,27.1142135623731,0,0
2024-09-12 15:00:00,35.6,55.5,440.0,161.99816356983806,2.5862711755344665,26.700000000000003,0,0
2024-09-12 16:00:00,34.87645713530756,56.705904774487394,440.0,114.54999999999998,2.4177160470304973,26.21763809020504,0,0
2024-09-12 17:00:00,34.1,58.0,440.0,59.295443232987566,2.24655853237603,25.700000000000003,0,0
2024-09-12 18:00:00,33.32354286469244,59.294095225512606,440.0,2.805665816846586e-14,2.085020504609075,25.182361909794963,0,0
2024-09-12 19:00:00,32.6,60.5,440.0,0.0,1.9427606025096233,24.700000000000003,0,0
2024-09-12 20:00:00,31.97867965644036,61.53553390593274,440.0,0.0,1.8266966824307553,24.285786437626907,0,0
2024-09-12 21:00:00,31.501923788646685,62.33012701892219,440.0,0.0,1.741317478944401,23.967949192431124,0,0
2024-09-12 22:00:00,31.2022225211328,62.829629131445344,440.0,0.0,1.6892349045168769,23.768148347421864,0,0
2024-09-12 23:00:00,31.1,63.0,440.0,0.0,1.6717459818593696,23.700000000000003,0,0
2024-09-13 00:00:00,30.602222521132795,66.12962913144534,440.0,0.0,1.487535635574824,23.828148347421862,0,0
2024-09-13 01:00:00,29.401923788646684,61.03012701892219,400.0,0.0,1.5976332834727924,22.876967392524385,0,1
2024-09-13 02:00:00,29.87867965644036,60.23553390593273,400.0,0.0,1.675526748497929,21.925786437626904,0,1
2024-09-13 03:00:00,30.5,59.2,400.0,0.0,1.7814419627645988,22.34,0,1
2024-09-13 04:00:00,31.22354286469244,57.9940952255126,400.0,0.0,1.9113041459168476,22.82236190979496,0,1
2024-09-13 05:00:00,32.0,56.7,400.0,0.0,2.0588177465813646,23.34,0,1
2024-09-13 06:00:00,32.77645713530756,55.40590477448739,400.0,0.0,2.215174932810662,23.85763809020504,0,1
2024-09-13 07:00:00,34.89037591029074,53.504812044854624,396.5240602242732,69.51879551453708,2.598477865440983,25.591338319261663,0,1
2024-09-13 08:00:00,36.807320343559645,51.82146609406726,393.285,134.29999999999998,2.991530731129045,27.171613562373096,0,1
2024-09-13 09:00:00,38.39665383988745,50.47058416681074,390.50355592866464,189.92888142670668,3.3522361085420984,28.4907706732496,0,1
2024-09-13 10:00:00,39.55006594799721,49.54422663398965,388.369278827175,232.61442345650025,3.633105053630669,29.458911274795145,0,1
2024-09-13 11:00:00,40.18895353882488,49.10552323058756,387.0276161529378,259.4476769412438,3.7917468733809976,30.010058184942388,0,1
2024-09-13 12:00:00,40.269777478867205,49.18437086855465,386.57,268.6,3.802188506621783,30.106651652578137,0,1
2024-09-13 13:00:00,36.09807621135332,56.969872981077806,440.0,259.4476769412438,2.570207429092116,27.49205080756888,0,0
2024-09-13 14:00:00,35.621320343559645,57.76446609406726,440.0,232.61442345650025,2.457545219012729,27.174213562373097,0,0
2024-09-13 15:00:00,35.0,58.8,440.0,189.92888142670668,2.3165446702604022,26.76,0,0
2024-09-13 16:00:00,34.27645713530757,60.00590477448739,440.0,134.29999999999998,2.160356009593454,26.277638090205045,0,0
2024-09-13 17:00:00,33.5,61.3,440.0,69.51879551453715,2.0019321863674806,25.76,0,0
2024-09-13 18:00:00,32.72354286469243,62.5940952255126,440.0,3.2894013025097915e-14,1.852590535623693,25.242361909794955,0,0
2024-09-13 19:00:00,32.0,63.8,440.0,0.0,1.7212286934467762,24.76,0,0
2024-09-13 20:00:00,31.37867965644036,64.83553390593273,440.0,0.0,1.6141750111625635,24.345786437626906,0,0
2024-09-13 21:00:00,30.901923788646684,65.6301270189222,440.0,0.0,1.5354975504670239,24.027949192431123,0,0
2024-09-13 22:00:00,30.602222521132795,66.12962913144534,440.0,0.0,1.487535635574824,23.828148347421862,0,0
2024-09-13 23:00:00,30.5,66.3,440.0,0.0,1.4714361310089952,23.76,0,0
2024-09-14 00:00:00,30.5022225211328,64.52962913144535,440.0,0.0,1.5489321734327728,23.408148347421864,0,0
2024-09-14 01:00:00,29.301923788646683,59.43012701892219,400.0,0.0,1.6536691267136743,21.18794919243112,0,1
2024-09-14 02:00:00,29.77867965644036,58.63553390593274,400.0,0.0,1.7329635207205705,21.505786437626902,0,1
2024-09-14 03:00:00,30.4,57.6,400.0,0.0,1.840749630368792,21.92,0,1
2024-09-14 04:00:00,31.123542864692435,56.39409522551261,400.0,0.0,1.9728563965750925,22.402361909794955,0,1
2024-09-14 05:00:00,31.9,55.1,400.0,0.0,2.122859652667931,22.92,0,1
2024-09-14 06:00:00,32.67645713530756,53.8059047744874,400.0,0.0,2.2817926160880915,23.43763809020504,0,1
2024-09-14 07:00:00,34.60609675017775,51.99695162491113,396.9847581245557,60.30483750888733,2.6408481389147425,25.005487075159973,0,1
2024-09-14 08:00:00,36.35132034355964,50.39946609406727,394.175,116.5,3.0040447272301685,26.43121356237309,0,1
2024-09-14 09:00:00,37.79319381168263,49.12231418091316,391.76220599917673,164.7558800164656,3.3330142322617555,27.61765664786526,0,1
2024-09-14 10:00:00,38.83345586050269,48.25253167773692,389.9108040459113,201.7839190817742,3.5856875820072958,28.483962196050072,0,1
2024-09-14 11:00:00,39.401214350507054,47.84939282474648,388.7469641237324,225.0607175253529,3.7253585835204954,28.97109291545635,0,1
2024-09-14 12:00:00,39.4577774788672,47.94037086855466,388.35,233.0,3.730133649181634,29.045851652578133,0,1
2024-09-14 13:00:00,35.998076211353315,55.36987298107781,440.0,225.0607175253529,2.651194963659893,27.07205080756888,0,0
2024-09-14 14:00:00,35.521320343559644,56.16446609406727,440.0,201.78391908177423,2.536643848784766,26.754213562373096,0,0
2024-09-14 15:00:00,34.9,57.2,440.0,164.7558800164656,2.3932384699720375,26.34,0,0
2024-09-14 16:00:00,34.17645713530756,58.4059047744874,440.0,116.5,2.2343286762738064,25.85763809020504,0,0
2024-09-14 17:00:00,33.4,59.7,440.0,60.3048375088874,2.073077346217667,25.34,0,0
2024-09-14 18:00:00,32.62354286469244,60.99409522551261,440.0,2.8534270420133334e-14,1.921001527257734,24.82236190979496,0,0
2024-09-14 19:00:00,31.9,62.2,440.0,0.0,1.7871736051413762,24.34,0,0
2024-09-14 20:00:00,31.27867965644036,63.23553390593274,440.0,0.0,1.6780636136105578,23.925786437626904,0,0
2024-09-14 21:00:00,30.801923788646683,64.0301270189222,440.0,0.0,1.5978458980446315,23.60794919243112,0,0
2024-09-14 22:00:00,30.5022225211328,64.52962913144535,440.0,0.0,1.5489321734327728,23.408148347421864,0,0
2024-09-14 23:00:00,30.4,64.7,440.0,0.0,1.5325108950947728,23.34,0,0
2024-09-15 00:00:00,30.4022225211328,64.92962913144535,440.0,0.0,1.5227353204193952,23.38814834742187,0,0
2024-09-15 01:00:00,29.201923788646685,59.83012701892219,400.0,0.0,1.6279475609841743,21.167949192431124,0,1
2024-09-15 02:00:00,29.67867965644036,59.03553390593274,400.0,0.0,1.7063700354423772,21.485786437626903,0,1
2024-09-15 03:00:00,30.3,58.0,400.0,0.0,1.8129826608056567,21.9,0,1
2024-09-15 04:00:00,31.02354286469244,56.794095225512606,400.0,0.0,1.943668291297505,22.38236190979496,0,1
2024-09-15 05:00:00,31.8,55.5,400.0,0.0,2.0920789189942375,22.9,0,1
2024-09-15 06:00:00,32.576457135307564,54.205904774487394,400.0,0.0,2.249346766769981,23.41763809020504,0,1
2024-09-15 07:00:00,34.41240425585063,52.44379787207468,397.2189893603734,55.62021279253171,2.588306028485951,24.901163830265567,0,1
2024-09-15 08:00:00,36.07032034355965,50.88996609406726,394.6275,103.78873003476039,2.928901790430733,26.24831356237309,0,1
2024-09-15 09:00:00,37.437221156893095,49.65030050830792,392.40213763615054,151.95724727698908,3.2353689526516662,27.36728125855468,0,1
2024-09-15 10:00:00,38.41995466433273,48.8092822758219,390.6945570363362,186.10885927327587,3.4690309693768056,28.18181111949711,0,1
2024-09-15 11:00:00,38.951549201390414,48.4242253993048,389.621126996524,207.5774600695208,3.5965362702088717,28.636394281251373,0,1
2024-09-15 12:00:00,38.99577747886721,48.521370868554655,389.255,214.9,3.598296804354012,28.700051652578143,0,1
2024-09-15 13:00:00,35.89807621135331,55.76987298107781,440.0,207.5774600695208,2.6130515810517916,27.052050807568875,0,0
2024-09-15 14:00:00,35.42132034355964,56.564466094067264,440.0,186.1088592732759,2.499690686126828,26.734213562373096,0,0
2024-09-15 15:00:00,34.8,57.6,440.0,146.77942963663796,2.35778956328976,26.32,0,0
2024-09-15 16:00:00,34.076457135307564,58.8059047744874,440.0,107.45,2.2005664928744033,25.82,0,0
2024-09-15 17:00:00,33.3,60.1,440.0,55.62021279253177,2.0410499048590087,25.32,0,0
2024-09-15 18:00:00,32.52354286469244,61.39409522551261,440.0,2.6317659713676624e-14,1.8906335307243531,24.80236190979496,0,0
2024-09-15 19:00:00,31.8,62.6,440.0,0.0,1.7582865521434716,24.32,0,0
2024-09-15 20:00:00,31.17867965644036,63.63553390593274,440.0,0.0,1.6503995649649619,23.905786437626908,0,0
2024-09-15 21:00:00,30.701923788646685,64.43012701892219,440.0,0.0,1.5710906430601206,23.587949192431125,0,0
2024-09-15 22:00:00,30.4022225211328,64.92962913144535,440.0,0.0,1.5227353204193952,23.38814834742187,0,0
2024-09-15 23:00:00,30.3,65.1,440.0,0.0,1.5065022586218435,23.32,0,0
2024-09-16 00:00:00,30.8022225211328,63.22962913144534,440.0,0.0,1.6334332624434105,23.448148347421867,0,0
2024-09-16 01:00:00,29.601923788646687,58.13012701892219,400.0,0.0,1.736402504496955,21.22794919243113,0,1
2024-09-16 02:00:00,30.07867965644036,57.335533905932735,400.0,0.0,1.8184666971914842,21.54578643762691,0,1
2024-09-16 03:00:00,30.700000000000003,56.3,400.0,0.0,1.9299794875635472,21.96,0,1
2024-09-16 04:00:00,31.42354286469244,55.0940952255126,400.0,0.0,2.066597826458835,22.44236190979496,0,1
2024-09-16 05:00:00,32.2,53.8,400.0,0.0,2.221655142751487,22.96,0,1
2024-09-16 06:00:00,32.97645713530756,52.50590477448739,400.0,0.0,2.3858701494421584,23.47763809020504,0,1
2024-09-16 07:00:00,35.20115046159462,50.54942476920269,396.24712384601344,75.05752307973101,2.811509869485033,25.31103541543516,0,1
2024-09-16 08:00:00,37.22132034355965,48.81446609406726,392.75,144.99999999999997,3.250717844051978,26.9842135623731,0,1
2024-09-16 09:00:00,38.89929554223529,47.41926331563682,389.74695167279503,205.0609665440988,3.656339074437234,28.38314820536266,0,1
2024-09-16 10:00:00,40.12072482081695,46.45889719757978,390.4174289071252,251.1473670974872,3.974463753368337,29.41250426033291,0,1
2024-09-16 11:00:00,40.8023697924766,45.9988151037617,385.9940755188085,280.1184896238298,4.156420315187147,30.002132813228936,0,1
2024-09-16 12:00:00,40.897777478867205,46.070370868554654,385.5,290.0,4.171943573070708,30.11185165257813,0,1
2024-09-16 13:00:00,36.29807621135332,54.06987298107781,440.0,280.1184896238298,2.7736520320129148,27.11205080756888,0,0
2024-09-16 14:00:00,35.82132034355965,54.86446609406726,440.0,251.14736709748723,2.655324058042947,26.794213562373105,0,0
2024-09-16 15:00:00,35.2,55.9,440.0,205.0609665440988,2.5071440027644094,26.380000000000003,0,0
2024-09-16 16:00:00,34.47645713530757,57.10590477448739,440.0,140.05924481191494,2.342878536309015,25.89763809020505,0,0
2024-09-16 17:00:00,33.7,58.4,440.0,75.0575230797311,2.1761169253346964,25.380000000000003,0,0
2024-09-16 18:00:00,32.92354286469244,59.694095225512605,440.0,3.5514757175273243e-14,2.018767832090845,24.86236190979496,0,0
2024-09-16 19:00:00,32.2,60.9,440.0,0.0,1.8802319498178166,24.380000000000003,0,0
2024-09-16 20:00:00,31.57867965644036,61.935533905932736,440.0,0.0,1.7672325431968052,23.96578643762691,0,0
2024-09-16 21:00:00,31.101923788646687,62.73012701892219,440.0,0.0,1.6841237720684068,23.647949192431124,0,0
2024-09-16 22:00:00,30.8022225211328,63.22962913144534,440.0,0.0,1.6334332624434105,23.448148347421867,0,0
2024-09-16 23:00:00,30.700000000000003,63.4,440.0,0.0,1.616413026197387,23.380000000000003,0,0
2024-09-17 00:00:00,31.2022225211328,60.829629131445344,440.0,0.0,1.7801263788306794,23.368148347421865,0,0
2024-09-17 01:00:00,30.001923788646685,55.73012701892219,400.0,0.0,1.8786067924551428,21.147949192431124,0,1
2024-09-17 02:00:00,30.47867965644036,54.935533905932736,400.0,0.0,1.9652445076136849,21.465786437626907,0,1
2024-09-17 03:00:00,31.1,53.9,400.0,0.0,2.0829051287491063,21.880000000000003,0,1
2024-09-17 04:00:00,31.82354286469244,52.694095225512605,400.0,0.0,2.2269578238705985,22.36236190979496,0,1
2024-09-17 05:00:00,32.6,51.4,400.0,0.0,2.390333298277663,22.880000000000003,0,1
2024-09-17 06:00:00,33.37645713530756,50.10590477448739,400.0,0.0,2.5632309856369737,23.39763809020504,0,1
2024-09-17 07:00:00,35.531786957507144,48.18410652124643,396.42053260623214,71.58934787535725,3.0001740846728806,25.16860826175643,0,1
2024-09-17 08:00:00,37.487320343559645,46.48146609406726,393.085,138.29999999999998,3.4483572306036825,26.78361356237309,0,1
2024-09-17 09:00:00,39.1097909248773,45.11401562431582,390.22071321619006,195.58573567619908,3.8600109469145445,28.132594049740465,0,1
2024-09-17 10:00:00,40.28863001260272,44.174944601686896,388.0228686656613,239.5426266867757,4.181200394310356,29.123618932940104,0,1
2024-09-17 11:00:00,40.94350167103113,43.72824916448444,386.6412458224222,267.1750835515563,4.363678607878091,29.689151503928016,0,1
2024-09-17 12:00:00,41.02977747886721,43.804370868554656,386.17,276.6,4.377716823463013,29.79065165257814,0,1
2024-09-17 13:00:00,36.69807621135332,51.66987298107781,440.0,267.1750835515563,2.9831080914990897,27.03205080756888,0,0
2024-09-17 14:00:00,36.22132034355965,52.46446609406726,440.0,224.21672236770422,2.8585592995243956,26.7142135623731,0,0
2024-09-17 15:00:00,35.6,53.5,440.0,181.25836118385212,2.702508082300061,26.3,0,0
2024-09-17 16:00:00,34.87645713530756,54.705904774487394,440.0,138.29999999999998,2.529404074436404,25.81763809020504,0,0
2024-09-17 17:00:00,34.1,56.0,440.0,71.58934787535732,2.3535375101082217,25.3,0,0
2024-09-17 18:00:00,33.32354286469244,57.294095225512606,440.0,3.387373046441579e-14,2.1874636521651944,24.782361909794965,0,0
2024-09-17 19:00:00,32.6,58.5,440.0,0.0,2.0411282279531484,24.3,0,0
2024-09-17 20:00:00,31.97867965644036,59.53553390593274,440.0,0.0,1.9216776801112354,23.885786437626905,0,0
2024-09-17 21:00:00,31.501923788646685,60.33012701892219,440.0,0.0,1.833768944327313,23.56794919243112,0,0
2024-09-17 22:00:00,31.2022225211328,60.829629131445344,440.0,0.0,1.7801263788306794,23.368148347421865,0,0
2024-09-17 23:00:00,31.1,62.97962913144534,440.0,0.0,1.6726663850391867,23.3,0,0
2024-09-18 00:00:00,29.7022225211328,65.12962913144534,440.0,0.0,1.4544885298790475,22.728148347421865,0,0
2024-09-18 01:00:00,28.501923788646685,60.03012701892219,400.0,0.0,1.5555530339251638,20.507949192431123,0,1
2024-09-18 02:00:00,28.97867965644036,59.23553390593273,400.0,0.0,1.630882296160073,20.825786437626903,0,1
2024-09-18 03:00:00,29.6,58.2,400.0,0.0,1.7333129297501826,21.24,0,1
2024-09-18 04:00:00,30.32354286469244,56.9940952255126,400.0,0.0,1.8589064739181365,21.72236190979496,0,1
2024-09-18 05:00:00,31.1,55.7,400.0,0.0,2.0015769458478396,22.24,0,1
2024-09-18 06:00:00,31.876457135307565,54.40590477448739,400.0,0.0,2.152807936978132,22.75763809020504,0,1
2024-09-18 07:00:00,34.000728672094844,52.499635663952574,396.49817831976287,70.03643360474211,2.5267704925486294,24.50065580488536,0,1
2024-09-18 08:00:00,35.76283339161488,50.81146609406726,393.235,135.29999999999998,2.8844768006345873,26.089613562373096,0,1
2024-09-18 09:00:00,37.52493811113492,49.45644203118701,390.432845250546,191.3430949890798,3.2633257341825193,27.41622651737232,0,1
2024-09-18 10:00:00,38.68470696414859,48.52690612591396,388.2826762867966,234.34647426406912,3.538259314038714,28.39008818933138,0,1
2024-09-18 11:00:00,39.32759057187644,48.08620471406178,386.9310235703089,261.379528593822,3.693852617287923,28.9448315146888,0,1
2024-09-18 12:00:00,39.409777478867206,48.16437086855465,386.47,270.6,3.704555801916528,29.042651652578137,0,1
2024-09-18 13:00:00,35.19807621135332,55.969872981077806,440.0,261.379528593822,2.5029058730929656,26.39205080756888,0,0
2024-09-18 14:00:00,34.72132034355965,56.76446609406726,440.0,234.3464742640692,2.39380119505588,26.0742135623731,0,0
2024-09-18 15:00:00,34.1,57.8,440.0,191.3430949890798,2.2572564301492495,25.66,0,0
2024-09-18 16:00:00,33.37645713530756,59.00590477448739,440.0,135.29999999999998,2.106007427036314,25.17763809020504,0,0
2024-09-18 17:00:00,32.6,60.3,440.0,70.0364336047422,1.9525973650539759,24.66,0,0
2024-09-18 18:00:00,31.82354286469244,61.5940952255126,440.0,3.3138942384927385e-14,1.8079842363886098,24.14236190979496,0,0
2024-09-18 19:00:00,31.1,62.8,440.0,0.0,1.6807824466261772,23.66,0,0
2024-09-18 20:00:00,30.47867965644036,63.835533905932735,440.0,0.0,1.577118837129719,23.245786437626904,0,0
2024-09-18 21:00:00,30.001923788646685,64.6301270189222,440.0,0.0,1.5009323306377982,22.927949192431125,0,0
2024-09-18 22:00:00,29.7022225211328,65.12962913144534,440.0,0.0,1.4544885298790475,22.728148347421865,0,0
2024-09-18 23:00:00,29.6,65.3,440.0,0.0,1.4388985325916588,22.66,0,0
2024-09-19 00:00:00,30.102222521132795,63.72962913144534,440.0,0.0,1.5480218729383686,22.848148347421866,0,0
2024-09-19 01:00:00,28.901923788646684,58.63012701892219,400.0,0.0,1.6477745684096998,20.62794919243112,0,1
2024-09-19 02:00:00,29.37867965644036,57.835533905932735,400.0,0.0,1.7262871960050377,20.945786437626907,0,1
2024-09-19 03:00:00,30.0,56.8,400.0,0.0,1.833004105383894,21.36,0,1
2024-09-19 04:00:00,30.72354286469244,55.5940952255126,400.0,0.0,1.9637912705093092,21.84236190979496,0,1
2024-09-19 05:00:00,31.5,54.3,400.0,0.0,2.112285488682656,22.36,0,1
2024-09-19 06:00:00,32.27645713530756,53.00590477448739,400.0,0.0,2.2696088867032818,22.87763809020504,0,1
2024-09-19 07:00:00,34.41884600525202,51.09057699737399,396.45288498687,70.94230026260094,2.6629087881254354,24.63696140472682,0,1
2024-09-19 08:00:00,36.362320343559645,49.39396609406726,393.1475,137.04999999999998,3.0667881385997124,26.24111356237309,0,1
2024-09-19 09:00:00,37.97443558581797,48.03169329384548,392.2041477374184,193.8179687232327,3.4380181363002538,27.58077424458707,0,1
2024-09-19 10:00:00,39.1453287424135,47.0965952367815,388.1311218411343,237.37756317731464,3.7276785806204367,28.5646477897698,0,1
2024-09-19 11:00:00,39.79520537971668,46.65239731014166,386.76198655070834,264.76026898583365,3.8919692355399347,29.12568484174501,0,1
2024-09-19 12:00:00,39.8797774788672,46.72937086855465,386.295,274.1,3.903930817622817,29.225651652578136,0,1
2024-09-19 13:00:00,35.59807621135332,54.56987298107781,440.0,264.76026898583365,2.640049221496997,26.51205080756888,0,0
2024-09-19 14:00:00,35.121320343559645,55.36446609406726,440.0,237.37756317731467,2.5265915738964435,26.194213562373097,0,0
2024-09-19 15:00:00,34.5,56.4,440.0,193.8179687232327,2.384547613559777,25.78,0,0
2024-09-19 16:00:00,33.77645713530757,57.60590477448739,440.0,137.04999999999998,2.22713556108043,25.297638090205044,0,0
2024-09-19 17:00:00,33.0,58.9,440.0,70.94230026260102,2.067390743994416,24.78,0,0
2024-09-19 18:00:00,32.22354286469243,60.194095225512605,440.0,3.356756876462895e-14,1.9167216167225216,24.262361909794954,0,0
2024-09-19 19:00:00,31.5,61.4,440.0,0.0,1.7841185965678448,23.78,0,0
2024-09-19 20:00:00,30.87867965644036,62.435533905932736,440.0,0.0,1.6759970284476962,23.365786437626905,0,0
2024-09-19 21:00:00,30.401923788646684,63.23012701892219,440.0,0.0,1.5964994505544883,23.047949192431123,0,0
2024-09-19 22:00:00,30.102222521132795,63.72962913144534,440.0,0.0,1.5480218729383686,22.848148347421866,0,0
2024-09-19 23:00:00,30.0,63.9,440.0,0.0,1.5317464862120038,22.78,0,0
2024-09-20 00:00:00,30.302222521132794,60.02962913144535,440.0,0.0,1.725590642085549,22.308148347421863,0,0
2024-09-20 01:00:00,29.101923788646683,54.93012701892219,400.0,0.0,1.816014822411671,20.08794919243112,0,1
2024-09-20 02:00:00,29.57867965644036,54.13553390593274,400.0,0.0,1.8995219150136002,20.405786437626904,0,1
2024-09-20 03:00:00,30.2,53.1,400.0,0.0,2.0129400469248733,20.82,0,1
2024-09-20 04:00:00,30.92354286469244,51.89409522551261,400.0,0.0,2.1518126862398956,21.30236190979496,0,1
2024-09-20 05:00:00,31.7,50.6,400.0,0.0,2.3093315291658367,21.82,0,1
2024-09-20 06:00:00,32.47645713530756,49.3059047744874,400.0,0.0,2.476051766415521,22.33763809020504,0,1
2024-09-20 07:00:00,34.57018802477274,47.41490598761363,396.5745299380681,68.50940123863724,2.8871723349994203,24.053169222295463,0,1
2024-09-20 08:00:00,36.46832034355964,45.74096609406726,393.3825,132.34999999999997,3.307285464739035,25.616513562373093,0,1
2024-09-20 09:00:00,38.0414995109549,44.39816133127702,390.641441750996,187.1711649800792,3.691760780179436,26.921131777210302,0,1
2024-09-20 10:00:00,39.18251596650202,43.478001624737246,388.538153780913,229.2369243817409,3.9906008430366398,27.878116291449462,0,1
2024-09-20 11:00:00,39.81361132437433,43.04319433781284,387.2159716890642,255.6805662187164,4.159362188923431,28.422250191936897,0,1
2024-09-20 12:00:00,39.8917774788672,43.12337086855466,386.765,264.7,4.170864840977178,28.51645165257813,0,1
2024-09-20 13:00:00,35.79807621135332,50.86987298107781,440.0,255.6805662187164,2.8866371083135522,25.97205080756888,0,0
2024-09-20 14:00:00,35.32132034355964,51.66446609406727,440.0,229.2369243817409,2.766392419956871,25.65421356237309,0,0
2024-09-20 15:00:00,34.7,52.7,440.0,187.1711649800792,2.615745797890703,25.239999999999995,0,0
2024-09-20 16:00:00,33.97645713530756,53.9059047744874,440.0,132.34999999999997,2.4486526901122767,24.75763809020504,0,0
2024-09-20 17:00:00,33.2,55.2,440.0,68.50940123863731,2.278910207334886,24.24,0,0
2024-09-20 18:00:00,32.42354286469244,56.49409522551261,440.0,3.2416400773430445e-14,2.118635673082699,23.72236190979496,0,0
2024-09-20 19:00:00,31.7,57.7,440.0,0.0,1.9774235563505036,23.24,0,0
2024-09-20 20:00:00,31.07867965644036,58.73553390593274,440.0,0.0,1.862164330759089,22.825786437626903,0,0
2024-09-20 21:00:00,30.601923788646683,59.530127018922194,440.0,0.0,1.7773455032171743,22.50794919243112,0,0
2024-09-20 22:00:00,30.302222521132794,60.02962913144535,440.0,0.0,1.725590642085549,22.308148347421863,0,0
2024-09-20 23:00:00,30.2,60.2,440.0,0.0,1.708209250908528,22.24,0,0
2024-09-21 00:00:00,30.102222521132795,63.12962913144534,440.0,0.0,1.5736299133725038,22.728148347421865,0,0
2024-09-21 01:00:00,28.901923788646684,58.03012701892219,400.0,0.0,1.671672750100952,20.50794919243112,0,1
2024-09-21 02:00:00,29.37867965644036,57.23553390593273,400.0,0.0,1.7508522483714606,20.825786437626903,0,1
2024-09-21 03:00:00,30.0,56.2,400.0,0.0,1.8584624957364475,21.24,0,1
2024-09-21 04:00:00,30.72354286469244,54.9940952255126,400.0,0.0,1.9903254615879369,21.722361909794955,0,1
2024-09-21 05:00:00,31.5,53.7,400.0,0.0,2.1400179021008086,22.24,0,1
2024-09-21 06:00:00,32.27645713530756,52.40590477448739,400.0,0.0,2.2985862577003657,23.321644040058892,0,1
2024-09-21 07:00:00,34.29254231124199,50.553728844379,396.76864422189504,64.62711556209942,2.673321165264074,24.40328808011779,0,1
2024-09-21 08:00:00,36.118320343559645,48.91596609406726,393.7575,124.84999999999998,3.0546589930813943,25.901513562373097,0,1
2024-09-21 09:00:00,37.62936747659894,47.604227348455,391.171771836886,176.56456326228093,3.4021290038349505,27.150212946289937,0,1
2024-09-21 10:00:00,38.72270834536669,46.70790543530491,389.18767283375126,216.2465433249743,3.670794178541728,28.06428943242767,0,1
2024-09-21 11:00:00,39.32383357648761,46.2880832117562,387.940416058781,241.19167882438035,3.8210265082951573,28.58145021883885,0,1
2024-09-21 12:00:00,39.391777478867205,46.37337086855465,387.515,249.7,3.828863048559064,28.666451652578136,0,1
2024-09-21 13:00:00,35.59807621135332,53.969872981077806,440.0,241.19167882438035,2.674916602172346,26.39205080756888,0,0
2024-09-21 14:00:00,35.121320343559645,54.76446609406726,440.0,216.2465433249744,2.560554535951131,26.074213562373096,0,0
2024-09-21 15:00:00,34.5,55.8,440.0,176.56456326228093,2.4173624889757375,25.66,0,0
2024-09-21 16:00:00,33.77645713530757,57.00590477448739,440.0,124.84999999999998,2.258656019991984,25.177638090205043,0,0
2024-09-21 17:00:00,33.0,58.3,440.0,64.62711556209949,2.097571630768057,24.660000000000004,0,0
2024-09-21 18:00:00,32.22354286469243,59.5940952255126,440.0,3.0579430574709406e-14,1.9456126311724833,24.14236190979496,0,0
2024-09-21 19:00:00,31.5,60.8,440.0,0.0,1.811851009985998,23.66,0,0
2024-09-21 20:00:00,30.87867965644036,61.835533905932735,440.0,0.0,1.702766960823427,23.245786437626904,0,0
2024-09-21 21:00:00,30.401923788646684,62.63012701892219,440.0,0.0,1.6225506602180528,22.92794919243112,0,0
2024-09-21 22:00:00,30.102222521132795,63.12962913144534,440.0,0.0,1.5736299133725038,22.728148347421865,0,0
2024-09-21 23:00:00,30.0,63.3,440.0,0.0,1.5572048765645579,22.66,0,0
2024-09-22 00:00:00,30.102222521132795,61.62962913144534,440.0,0.0,1.6376500144578414,22.428148347421864,0,0
2024-09-22 01:00:00,28.901923788646684,56.53012701892219,400.0,0.0,1.7314182043290824,20.207949192431123,0,1
2024-09-22 02:00:00,29.37867965644036,55.73553390593273,400.0,0.0,1.8122648792875178,20.525786437626905,0,1
2024-09-22 03:00:00,30.0,54.7,400.0,0.0,1.922108471617833,20.94,0,1
2024-09-22 04:00:00,30.72354286469244,53.4940952255126,400.0,0.0,2.0566609392845057,21.42236190979496,0,1
2024-09-22 05:00:00,31.5,52.2,400.0,0.0,2.209348935646191,21.94,0,1
2024-09-22 06:00:00,32.27645713530756,50.90590477448739,400.0,0.0,2.3710296851930757,22.45763809020504,0,1
2024-09-22 07:00:00,34.113439532031045,49.14328023398448,397.2164011699224,55.67197660155221,2.7223347010284784,23.94209557882794,0,1
2024-09-22 08:00:00,35.77232034355964,47.58896609406726,394.46624999999995,107.54999999999998,3.0750511421941047,25.290113562373094,0,1
2024-09-22 09:00:00,37.140049584017845,46.34888629474554,392.2041477374184,152.09866863322637,3.3922734262071046,26.40982684296696,0,1
2024-09-22 10:00:00,38.12341876594786,45.50755022501433,390.6858967822984,186.2820643540328,3.634153993821897,27.224928810950725,0,1
2024-09-22 11:00:00,38.65541290469557,45.12229354765221,389.611467738261,207.77064523477856,3.7663506324514002,27.679871614226016,0,1
2024-09-22 12:00:00,38.699777478867205,45.219370868554655,389.245,215.1,3.768673690396608,27.743651652578137,0,1
2024-09-22 13:00:00,35.59807621135332,52.469872981077806,440.0,200.69103217701638,2.762085053860717,26.09205080756888,0,0
2024-09-22 14:00:00,35.121320343559645,53.26446609406726,440.0,186.2820643540328,2.6454619410878464,25.7742135623731,0,0
2024-09-22 15:00:00,34.5,54.3,440.0,152.09866863322637,2.4993996775156377,25.36,0,0
2024-09-22 16:00:00,33.77645713530757,55.50590477448739,440.0,107.54999999999998,2.337457167270868,24.877638090205046,0,0
2024-09-22 17:00:00,33.0,56.8,440.0,55.67197660155227,2.1730238477021597,24.36,0,0
2024-09-22 18:00:00,32.22354286469243,58.0940952255126,440.0,2.6342152649659572e-14,2.0178401672973876,23.84236190979496,0,0
2024-09-22 19:00:00,31.5,59.3,440.0,0.0,1.8811820435313806,23.36,0,0
2024-09-22 20:00:00,30.87867965644036,60.335533905932735,440.0,0.0,1.7696917917627544,22.945786437626907,0,0
2024-09-22 21:00:00,30.401923788646684,61.13012701892219,440.0,0.0,1.687678684376964,22.686967392524387,0,0
2024-09-22 22:00:00,30.102222521132795,61.62962913144534,440.0,0.0,1.6376500144578414,22.428148347421864,0,0
2024-09-22 23:00:00,30.0,61.8,440.0,0.0,1.620850852445943,22.36,0,0
2024-09-23 00:00:00,30.302222521132794,65.12962913144534,440.0,0.0,1.5054147447045267,23.328148347421862,0,0
2024-09-23 01:00:00,29.101923788646683,60.03012701892219,400.0,0.0,1.6105188895034965,21.10794919243112,0,1
2024-09-23 02:00:00,29.57867965644036,59.23553390593273,400.0,0.0,1.6883004053878188,21.425786437626904,0,1
2024-09-23 03:00:00,30.2,58.2,400.0,0.0,1.7940489117582024,21.84,0,1
2024-09-23 04:00:00,30.92354286469244,56.9940952255126,400.0,0.0,1.9236859157058226,22.32236190979496,0,1
2024-09-23 05:00:00,31.7,55.7,400.0,0.0,2.0709187599604566,22.84,0,1
2024-09-23 06:00:00,32.47645713530756,54.40590477448739,400.0,0.0,2.226952459039699,23.35763809020504,0,1
2024-09-23 07:00:00,34.33828616036088,52.63085691981955,397.15428459909776,56.91430801804431,2.56753684668617,24.86445754432479,0,1
2024-09-23 08:00:00,36.02032034355964,51.06496609406726,394.5025,109.95,2.9104721201969372,26.23331356237309,0,1
2024-09-23 09:00:00,37.40793183501175,49.81494516924859,392.22536094085393,155.49278118292182,3.2196645431014037,27.370920868861468,0,1
2024-09-23 10:00:00,38.40655720471116,48.96598100563267,390.4780506853901,190.43898629219805,3.4559150064499966,28.199753405837697,0,1
2024-09-23 11:00:00,38.94814178401933,48.57592910799033,389.3796455399517,212.4070892009661,3.5853013972090406,28.6633276056174,0,1
2024-09-23 12:00:00,38.9957774788672,48.671370868554654,389.005,219.9,3.587811977353762,28.730051652578133,0,1
2024-09-23 13:00:00,35.79807621135332,55.969872981077806,440.0,212.4070892009661,2.5869869721205587,26.99205080756888,0,0
2024-09-23 14:00:00,35.32132034355964,56.76446609406726,440.0,190.43898629219808,2.4745036126616586,26.67421356237309,0,0
2024-09-23 15:00:00,34.7,57.8,440.0,155.49278118292182,2.3337097816276464,26.259999999999994,0,0
2024-09-23 16:00:00,33.97645713530756,59.00590477448739,440.0,109.95,2.177725825001352,25.77763809020504,0,0
2024-09-23 17:00:00,33.2,60.3,440.0,56.91430801804437,2.019480697124888,25.26,0,0
2024-09-23 18:00:00,32.42354286469244,61.5940952255126,440.0,2.6929983113250296e-14,1.87027761711927,24.74236190979496,0,0
2024-09-23 19:00:00,31.7,62.8,440.0,0.0,1.7390107871451241,24.26,0,0
2024-09-23 20:00:00,31.07867965644036,63.835533905932735,440.0,0.0,1.63201381662856,23.845786437626906,0,0
2024-09-23 21:00:00,30.601923788646683,64.6301270189222,440.0,0.0,1.5533650110953983,23.527949192431123,0,0
2024-09-23 22:00:00,30.302222521132794,65.12962913144534,440.0,0.0,1.5054147447045267,23.328148347421862,0,0
2024-09-23 23:00:00,30.2,65.3,440.0,0.0,1.4893181157418571,23.26,0,0
2024-09-24 00:00:00,30.7022225211328,61.42962913144535,440.0,0.0,1.7036490879610193,22.988148347421863,0,0
2024-09-24 01:00:00,29.501923788646685,56.33012701892219,400.0,0.0,1.800658272772139,20.767949192431125,0,1
2024-09-24 02:00:00,29.97867965644036,55.53553390593274,400.0,0.0,1.8843502831921504,21.085786437626908,0,1
2024-09-24 03:00:00,30.6,54.5,400.0,0.0,1.9980378357561417,21.5,0,1
2024-09-24 04:00:00,31.32354286469244,53.294095225512606,400.0,0.0,2.1372665833676674,21.98236190979496,0,1
2024-09-24 05:00:00,32.1,52.0,400.0,0.0,2.29522088173824,22.5,0,1
2024-09-24 06:00:00,32.87645713530756,50.705904774487394,400.0,0.0,2.462434744250657,23.01763809020504,0,1
2024-09-24 07:00:00,34.78487358847934,48.90756320576033,397.03781602880167,59.243679423967,2.8387827394729066,24.56638622963141,0,1
2024-09-24 08:00:00,36.51032034355965,47.31996609406726,394.46624999999995,114.45,3.218421275591514,25.9743135623731,0,1
2024-09-24 09:00:00,37.93521105562533,46.0513055589418,391.90716288932,161.85674221360074,3.561468490919821,27.14547216741369,0,1
2024-09-24 10:00:00,38.96244177739237,45.18803871929208,390.0883392536871,198.233214926258,3.824441776605905,28.00004952125078,0,1
2024-09-24 11:00:00,39.52200843275136,44.78899578362432,388.9449789181216,221.1004216375677,3.9695487443126845,28.47980758947622,0,1
2024-09-24 12:00:00,39.57577747886721,44.881370868554654,388.555,228.9,3.9743169055734144,28.55205165257814,0,1
2024-09-24 13:00:00,36.19807621135332,52.26987298107781,440.0,221.1004216375677,2.86660859065207,26.65205080756888,0,0
2024-09-24 14:00:00,35.72132034355965,53.064466094067264,440.0,198.23321492625803,2.746084360034721,26.3342135623731,0,0
2024-09-24 15:00:00,35.1,54.1,440.0,161.85674221360074,2.595109231253756,25.92,0,0
2024-09-24 16:00:00,34.37645713530756,55.3059047744874,440.0,114.45,2.4276825303750105,25.43763809020504,0,0
2024-09-24 17:00:00,33.6,56.6,440.0,59.24367942396706,2.257637817916543,24.92,0,0
2024-09-24 18:00:00,32.82354286469244,57.89409522551261,440.0,2.8032165232482922e-14,2.0971157221365115,24.40236190979496,0,0
2024-09-24 19:00:00,32.1,59.1,440.0,0.0,1.9557194596477923,23.92,0,0
2024-09-24 20:00:00,31.47867965644036,60.13553390593274,440.0,0.0,1.8403360919282181,23.50578643762691,0,0
2024-09-24 21:00:00,31.001923788646685,60.93012701892219,440.0,0.0,1.755442335809071,23.187949192431123,0,0
2024-09-24 22:00:00,30.7022225211328,61.42962913144535,440.0,0.0,1.7036490879610193,22.988148347421863,0,0
2024-09-24 23:00:00,30.6,61.6,440.0,0.0,1.6862561075392495,22.92,0,0
2024-09-25 00:00:00,31.0022225211328,60.829629131445344,440.0,0.0,1.759987722264177,23.168148347421862,0,0
2024-09-25 01:00:00,29.801923788646683,55.73012701892219,400.0,0.0,1.8571637503160716,20.94794919243112,0,1
2024-09-25 02:00:00,30.27867965644036,54.935533905932736,400.0,0.0,1.9428919329004835,21.265786437626904,0,1
2024-09-25 03:00:00,30.9,53.9,400.0,0.0,2.0593232642278587,21.68,0,1
2024-09-25 04:00:00,31.623542864692435,52.694095225512605,400.0,0.0,2.201879721623654,22.16236190979496,0,1
2024-09-25 05:00:00,32.4,51.4,400.0,0.0,2.363569242253696,22.68,0,1
2024-09-25 06:00:00,33.17645713530756,50.10590477448739,400.0,0.0,2.5346945925779534,23.19763809020504,0,1
2024-09-25 07:00:00,35.214800749120805,48.2425996254396,396.712998127198,65.74003745604027,2.9448818645345103,24.86332067420872,0,1
2024-09-25 08:00:00,37.06132034355964,46.59446609406726,393.65,127.0,3.3623072481575025,26.380213562373093,0,1
2024-09-25 09:00:00,38.590178659780975,45.27382175686397,391.01974387893085,179.60512242138307,3.742785164530513,27.64494301115377,0,1
2024-09-25 10:00:00,39.69718653009216,44.37066634294218,389.00147737193765,219.9704525612474,4.037248224407984,28.57131979868059,0,1
2024-09-25 11:00:00,40.30690319754847,43.94654840122576,387.7327420061288,245.34515987742336,4.202388731259184,29.09621287779362,0,1
2024-09-25 12:00:00,40.3777774788672,44.030370868554655,387.3,254.0,4.211945086605141,29.18385165257813,0,1
2024-09-25 13:00:00,36.49807621135332,51.66987298107781,440.0,245.34515987742336,2.950693476411183,26.83205080756888,0,0
2024-09-25 14:00:00,36.021320343559644,52.46446609406726,440.0,219.97045256124744,2.8273902161476667,26.514213562373097,0,0
2024-09-25 15:00:00,35.4,53.5,440.0,179.60512242138307,2.6729069032484496,26.1,0,0
2024-09-25 16:00:00,34.67645713530756,54.705904774487394,440.0,127.0,2.5015522073838925,25.61763809020504,0,0
2024-09-25 17:00:00,33.9,56.0,440.0,65.74003745604034,2.3274744258577744,25.1,0,0
2024-09-25 18:00:00,33.12354286469244,57.294095225512606,440.0,3.110602869834277e-14,2.163101193858628,24.58236190979496,0,0
2024-09-25 19:00:00,32.4,58.5,440.0,0.0,2.018274147191942,24.1,0,0
2024-09-25 20:00:00,31.77867965644036,59.53553390593274,440.0,0.0,1.9000621789381873,23.685786437626906,0,0
2024-09-25 21:00:00,31.301923788646683,60.33012701892219,440.0,0.0,1.8130694166970636,23.36794919243112,0,0
2024-09-25 22:00:00,31.0022225211328,60.829629131445344,440.0,0.0,1.759987722264177,23.168148347421862,0,0
2024-09-25 23:00:00,30.9,61.0,440.0,0.0,1.7421606790647832,23.1,0,0
2024-09-26 00:00:00,29.9022225211328,61.5650635094611,440.0,0.0,1.6216955125693733,23.348148347421866,0,0
2024-09-26 01:00:00,28.701923788646685,62.13012701892219,400.0,0.0,1.491009677021871,21.127949192431124,0,1
2024-09-26 02:00:00,29.17867965644036,61.335533905932735,400.0,0.0,1.564838172005734,21.445786437626907,0,1
2024-09-26 03:00:00,29.8,60.3,400.0,0.0,1.6652691465341825,21.86,0,1
2024-09-26 04:00:00,30.52354286469244,59.0940952255126,400.0,0.0,1.7884703115510723,22.34236190979496,0,1
2024-09-26 05:00:00,31.3,57.8,400.0,0.0,1.9284954317684988,22.86,0,1
2024-09-26 06:00:00,32.076457135307564,56.50590477448739,400.0,31.174753982598627,2.0769983448655704,23.377638090205043,0,1
2024-09-26 07:00:00,34.046990159303945,54.67650492034802,396.88252460174016,62.34950796519725,2.4171895177122256,24.98229114337355,0,1
2024-09-26 08:00:00,35.83032034355964,53.059966094067256,393.9775,120.45,2.7628485215963443,26.44231356237309,0,1
2024-09-26 09:00:00,37.3049166831101,51.766452745199416,391.48289882060806,170.34202358783932,3.0771943222845,27.658207232149984,0,1
2024-09-26 10:00:00,38.37028787430064,50.88411567083794,390.4174289071252,208.6255197716713,3.3195248126299695,28.547111008468224,0,1
2024-09-26 11:00:00,38.953830631060725,50.47308468446963,388.36542342234816,232.69153155303653,3.454086201688262,29.048447567954653,0,1
2024-09-26 12:00:00,39.01577747886721,50.561370868554654,387.955,240.9,3.4594151721178905,29.128051652578137,0,1
2024-09-26 13:00:00,35.39807621135331,58.06987298107781,440.0,232.69153155303653,2.409966549980396,27.01205080756888,0,0
2024-09-26 14:00:00,34.92132034355964,58.86446609406726,440.0,208.6255197716713,2.302880746946483,26.694213562373093,0,0
2024-09-26 15:00:00,34.3,59.9,440.0,170.34202358783932,2.1689118655194086,26.28,0,0
2024-09-26 16:00:00,33.576457135307564,61.10590477448739,440.0,120.45,2.020585314594504,25.79763809020504,0,0
2024-09-26 17:00:00,32.8,62.4,440.0,62.34950796519731,1.8702209895012742,25.28,0,0
2024-09-26 18:00:00,32.02354286469244,63.694095225512605,440.0,2.9501741391459744e-14,1.7285621474586352,24.76236190979496,0,0
2024-09-26 19:00:00,31.3,64.9,440.0,0.0,1.604032930215031,24.28,0,0
2024-09-26 20:00:00,30.67867965644036,65.93553390593274,440.0,0.0,1.502603784390184,23.86578643762691,0,0
2024-09-26 21:00:00,30.201923788646685,66.73012701892219,440.0,0.0,1.4280946432188049,23.547949192431123,0,0
2024-09-26 22:00:00,29.9022225211328,67.22962913144534,440.0,0.0,1.3826889865123353,23.348148347421866,0,0
2024-09-26 23:00:00,29.8,67.4,440.0,0.0,1.3674502311590513,23.28,0,0
2024-09-27 00:00:00,29.302222521132794,70.92962913144534,440.0,0.0,1.1849581797886288,23.488148347421863,0,0
2024-09-27 01:00:00,28.101923788646683,65.8301270189222,400.0,0.0,1.29928234102277,21.267949192431125,0,1
2024-09-27 02:00:00,28.57867965644036,65.03553390593274,400.0,0.0,1.3668221578831112,21.585786437626904,0,1
2024-09-27 03:00:00,29.2,64.0,400.0,0.0,1.4587949258096584,22.0,0,1
2024-09-27 04:00:00,29.92354286469244,62.794095225512606,400.0,0.0,1.5717608132035767,22.48236190979496,0,1
2024-09-27 05:00:00,30.7,61.5,400.0,0.0,1.7003251778305841,23.0,0,1
2024-09-27 06:00:00,31.47645713530756,60.205904774487394,400.0,0.0,1.8368558257383925,23.51763809020504,0,1
2024-09-27 07:00:00,33.54948250116454,58.32525874941773,396.6262937470887,67.47412505822716,2.161782765486566,25.21453425104809,0,1
2024-09-27 08:00:00,35.42832034355964,56.82585217597111,393.4825,130.34999999999997,2.4856065529273144,26.76051356237309,0,1
2024-09-27 09:00:00,36.98493096845998,55.32644560252448,390.78286310723337,178.0614113833016,2.800882940031013,28.05022008896488,0,1
2024-09-27 10:00:00,38.11323393419927,54.41264264088863,388.71135886166985,225.7728227666032,3.0385923594682676,28.99576246237699,0,1
2024-09-27 11:00:00,38.736337258271206,53.9818313708644,387.409156854322,251.8168629135601,3.1720859041137546,29.532703532444085,0,1
2024-09-27 12:00:00,38.8117774788672,54.06337086855466,386.965,260.7,3.1793358594350116,29.62445165257813,0,1
2024-09-27 13:00:00,34.79807621135332,61.76987298107781,440.0,251.8168629135601,2.1256838792708956,27.15205080756888,0,0
2024-09-27 14:00:00,34.32132034355964,62.564466094067264,440.0,225.7728227666032,2.027196896558428,26.83421356237309,0,0
2024-09-27 15:00:00,33.7,63.6,440.0,184.34273785533296,1.904102309667859,26.419999999999995,0,0
2024-09-27 16:00:00,32.97645713530756,64.8059047744874,440.0,130.34999999999997,1.7679785421003147,25.93763809020504,0,0
2024-09-27 17:00:00,32.2,66.1,440.0,67.47412505822723,1.6301755268241431,25.42,0,0
2024-09-27 18:00:00,31.42354286469244,67.39409522551261,440.0,33.737062529113615,1.5005441327832272,24.90236190979496,0,0
2024-09-27 19:00:00,30.7,68.6,440.0,0.0,1.3867587164644246,24.42,0,0
2024-09-27 20:00:00,30.07867965644036,69.63553390593273,440.0,0.0,1.2942098056100955,24.005786437626902,0,0
2024-09-27 21:00:00,29.601923788646683,70.43012701892219,440.0,0.0,1.2263042098361436,23.68794919243112,0,0
2024-09-27 22:00:00,29.302222521132794,70.92962913144534,440.0,0.0,1.1849581797886288,23.488148347421863,0,0
2024-09-27 23:00:00,29.2,71.1,440.0,0.0,1.171088148774976,23.42,0,0
2024-09-28 00:00:00,29.102222521132795,78.12962913144534,440.0,0.0,0.8812450574540522,24.728148347421865,0,0
2024-09-28 01:00:00,27.901923788646684,73.0301270189222,400.0,0.0,1.0136352734167415,22.507949192431123,0,1
2024-09-28 02:00:00,28.37867965644036,72.23553390593274,400.0,0.0,1.072840614750261,22.825786437626903,0,1
2024-09-28 03:00:00,29.0,71.2,400.0,0.0,1.153635148824745,23.24,0,1
2024-09-28 04:00:00,29.72354286469244,69.99409522551261,400.0,0.0,1.2531201023065197,23.72236190979496,0,1
2024-09-28 05:00:00,30.5,68.7,400.0,0.0,1.3666454273169595,24.24,0,1
2024-09-28 06:00:00,31.276457135307563,67.4059047744874,400.0,0.0,1.4875249170718752,24.75763809020504,0,1
2024-09-28 07:00:00,33.23456684513902,65.58271657743049,396.9135828871524,61.7283422569512,1.7541490546805354,26.35111016062512,0,1
2024-09-28 08:00:00,35.00632034355964,63.971966094067255,394.0375,119.25,2.0264492618335446,27.80071356237309,0,1
2024-09-28 09:00:00,36.47097555761314,62.68342330794789,391.5677516343504,168.64496731299158,2.2749113322684122,29.007660219202723,0,1
2024-09-28 10:00:00,37.528718654918976,61.80490028052876,389.67264705987054,206.5470588025886,2.4665580998736414,29.889698711024728,0,1
2024-09-28 11:00:00,38.107466191398856,61.39626690430057,388.4813345215029,230.3733095699428,2.5723022067389456,30.38671957225897,0,1
2024-09-28 12:00:00,38.16777747886721,61.485370868554654,388.075,238.5,2.574739576692912,30.46485165257814,0,1
2024-09-28 13:00:00,34.59807621135332,68.9698729810778,440.0,230.3733095699428,1.7063380557974737,28.392050807568875,0,0
2024-09-28 14:00:00,34.121320343559645,69.76446609406726,440.0,206.54705880258865,1.6192026924997722,28.074213562373096,0,0
2024-09-28 15:00:00,33.5,70.8,440.0,168.64496731299158,1.5105018047010448,27.66,0,0
2024-09-28 16:00:00,32.77645713530757,72.00590477448739,440.0,119.25,1.3905836119485344,27.177638090205043,0,0
2024-09-28 17:00:00,32.0,73.3,440.0,61.72834225695127,1.2695250308019042,26.66,0,0
2024-09-28 18:00:00,31.22354286469244,74.5940952255126,440.0,2.9207826159664383e-14,1.1559901253630112,26.14236190979496,0,0
2024-09-28 19:00:00,30.5,75.8,440.0,0.0,1.0566395955613554,25.694074173710934,0,0
2024-09-28 20:00:00,29.87867965644036,76.83553390593273,440.0,0.0,0.9760644708133972,25.245786437626904,0,0
2024-09-28 21:00:00,29.401923788646684,77.6301270189222,440.0,0.0,0.9170893022664451,24.92794919243112,0,0
2024-09-28 22:00:00,29.102222521132795,78.12962913144534,440.0,0.0,0.8812450574540522,24.728148347421865,0,0
2024-09-28 23:00:00,29.0,78.3,440.0,0.0,0.8692320392186451,24.66,0,0
2024-09-29 00:00:00,28.9022225211328,79.32962913144534,440.0,0.0,0.8233213548591305,24.768148347421864,0,0
2024-09-29 01:00:00,27.701923788646685,74.2301270189222,400.0,0.0,0.9573045010465989,22.54794919243113,0,1
2024-09-29 02:00:00,28.17867965644036,73.43553390593274,400.0,0.0,1.0146123610381528,22.86578643762691,0,1
2024-09-29 03:00:00,28.8,72.4,400.0,0.0,1.0928530857560033,23.28,0,1
2024-09-29 04:00:00,29.52354286469244,71.19409522551261,400.0,0.0,1.1892451692396773,23.76236190979496,0,1
2024-09-29 05:00:00,30.3,69.9,400.0,0.0,1.2993042402440536,24.28,0,1
2024-09-29 06:00:00,31.076457135307564,68.6059047744874,400.0,0.0,1.4165595127281854,24.797638090205044,0,1
2024-09-29 07:00:00,33.00040273118549,66.79979863440727,396.99899317203625,60.02013655927456,1.6700569229725752,26.36036245806694,0,1
2024-09-29 08:00:00,34.740320343559645,65.20496609406727,394.2025,111.99909955821748,1.9285082071099304,27.7813135623731,0,1
2024-09-29 09:00:00,36.17763746249652,63.9300923555062,391.801096872142,163.9780625571604,2.1638865332667074,28.96365593359776,0,1
2024-09-29 10:00:00,37.21440330161944,63.06205795717854,389.9584354431194,200.8312911376113,2.344992025210956,29.826814893055143,0,1
2024-09-29 11:00:00,37.779963982328695,62.66001800883565,388.8000900441783,223.99819911643496,2.44440272292227,30.311967584095825,0,1
2024-09-29 12:00:00,37.83577747886721,62.75137086855465,388.405,231.9,2.4458030015891183,30.38605165257814,0,1
2024-09-29 13:00:00,34.39807621135331,66.85791848131096,440.0,223.99819911643496,1.8023652547145947,28.432050807568874,0,0
2024-09-29 14:00:00,33.92132034355964,70.96446609406726,440.0,200.8312911376113,1.5377224150689301,28.11421356237309,0,0
2024-09-29 15:00:00,33.3,72.0,440.0,163.9780625571604,1.4323157227080763,27.7,0,0
2024-09-29 16:00:00,32.576457135307564,73.2059047744874,440.0,115.95,1.3160913250330324,27.217638090205043,0,0
2024-09-29 17:00:00,31.8,74.5,440.0,60.02013655927463,1.1988317400978217,26.700000000000003,0,0
2024-09-29 18:00:00,31.02354286469244,75.7940952255126,440.0,2.839955927222712e-14,1.0889310111177097,26.18236190979496,0,0
2024-09-29 19:00:00,30.3,77.0,440.0,0.0,0.9928238380602404,25.700000000000003,0,0
2024-09-29 20:00:00,29.67867965644036,78.03553390593274,440.0,0.0,0.9149272616257645,25.285786437626907,0,0
2024-09-29 21:00:00,29.201923788646685,78.8301270189222,440.0,0.0,0.8579425457014643,24.967949192431124,0,0
2024-09-29 22:00:00,28.9022225211328,79.32962913144534,440.0,0.0,0.8233213548591305,24.768148347421864,0,0
2024-09-29 23:00:00,28.8,79.5,440.0,0.0,0.8117205890579011,24.700000000000003,0,0
2024-09-30 00:00:00,27.0022225211328,88.62962913144534,440.0,0.0,0.40544526251119645,24.72814834742186,0,0
2024-09-30 01:00:00,25.801923788646683,83.5301270189222,400.0,0.0,0.5471754436715267,22.507949192431123,0,1
2024-09-30 02:00:00,26.27867965644036,82.73553390593274,400.0,0.0,0.5899638583025273,22.825786437626903,0,1
2024-09-30 03:00:00,26.9,81.7,400.0,0.0,0.6486392307580531,23.24,0,1
2024-09-30 04:00:00,27.623542864692435,80.49409522551261,400.0,0.0,0.7213015134313406,23.72236190979496,0,1
2024-09-30 05:00:00,28.4,79.2,400.0,0.0,0.8047236530379837,24.24,0,1
2024-09-30 06:00:00,29.17645713530756,77.9059047744874,400.0,0.0,0.8940831906290996,24.75763809020504,0,1
2024-09-30 07:00:00,30.88972402847204,76.20513798576398,397.52568992881993,49.48620142360196,1.0623130590755718,26.13075162562484,0,1
2024-09-30 08:00:00,32.43332034355964,74.70846609406726,395.22,95.59999999999998,1.2323169950398667,27.37501356237309,0,1
2024-09-30 09:00:00,33.70205254261067,73.51788481544912,393.2400591718566,135.19881656286788,1.385451440533365,28.405629505700496,0,1
2024-09-30 10:00:00,34.609458622938895,72.71453029651882,391.7207971398208,165.58405720358465,1.5013673780615413,29.15236468224266,0,1
2024-09-30 11:00:00,35.0937003597294,72.3531498201353,390.7657491006765,184.68501798646983,1.5625628998580405,29.56433032375645,0,1
2024-09-30 12:00:00,35.1217774788672,72.45837086855465,390.44,191.2,1.5590315303217928,29.61345165257813,0,1
2024-09-30 13:00:00,32.498076211353315,79.4698729810778,440.0,184.68501798646983,1.003974380721153,28.392050807568875,0,0
2024-09-30 14:00:00,32.02132034355964,80.26446609406726,440.0,165.58405720358468,0.9395114539569612,28.07421356237309,0,0
2024-09-30 15:00:00,31.4,81.3,440.0,135.19881656286788,0.859436538213091,27.66,0,0
2024-09-30 16:00:00,30.67645713530756,82.50590477448739,440.0,95.59999999999998,0.7715770373903648,27.17763809020504,0,0
2024-09-30 17:00:00,29.9,83.8,440.0,49.48620142360202,0.6834437202379158,26.66,0,0
2024-09-30 18:00:00,29.123542864692435,85.0940952255126,440.0,2.34152467996974e-14,0.6013585982491775,26.14236190979496,0,0
2024-09-30 19:00:00,28.4,86.3,440.0,0.0,0.5300343291644413,25.66,0,0
2024-09-30 20:00:00,27.77867965644036,87.33553390593273,440.0,0.0,0.4725735943894459,25.245786437626904,1,0
2024-09-30 21:00:00,27.301923788646683,88.1301270189222,440.0,0.0,0.43075560982157063,24.92794919243112,1,0
2024-09-30 22:00:00,27.0022225211328,88.62962913144534,440.0,0.0,0.40544526251119645,24.72814834742186,1,0
2024-09-30 23:00:00,26.9,88.8,440.0,0.0,0.3969813871306118,24.66,1,0
2024-10-01 00:00:00,26.102222521132795,90.82962913144534,440.0,0.0,0.31012412918367604,24.268148347421864,1,0
2024-10-01 01:00:00,24.901923788646684,85.7301270189222,400.0,0.0,0.44940379468200775,22.04794919243113,1,1
2024-10-01 02:00:00,25.37867965644036,84.93553390593274,400.0,0.0,0.4880792498514565,22.365786437626905,0,1
2024-10-01 03:00:00,26.0,83.9,400.0,0.0,0.5411918124050125,22.78,0,1
2024-10-01 04:00:00,26.72354286469244,82.69409522551261,400.0,0.0,0.6070774390910928,23.26236190979496,0,1
2024-10-01 05:00:00,27.5,81.4,400.0,0.0,0.6828562589282564,23.78,0,1
2024-10-01 06:00:00,28.276457135307563,80.1059047744874,400.0,0.0,0.764172715606268,24.297638090205044,0,1
2024-10-01 07:00:00,30.265107492461123,78.26744625376945,396.8372312688472,63.25537462305607,0.9362412660364067,25.91859674321501,0,1
2024-10-01 08:00:00,32.06532034355964,76.64246609406727,393.89,122.2,1.1147042765966997,27.393813562373097,0,1
2024-10-01 09:00:00,33.55441415779316,75.34170400785789,391.3591551339004,172.81689732199223,1.2794456643557621,28.622754959364737,0,1
2024-10-01 10:00:00,34.63090965256554,74.4538047817055,389.4171695657541,211.6566086849168,1.4073370206667057,29.521670608906643,0,1
2024-10-01 11:00:00,35.221445438900965,74.03927728054953,388.1963864027476,236.0722719450483,1.4776495420697897,30.02930089501087,0,1
2024-10-01 12:00:00,35.2857774788672,74.12637086855466,387.78,244.4,1.4779282531381979,30.111051652578134,0,1
2024-10-01 13:00:00,31.59807621135332,81.6698729810778,440.0,236.0722719450483,0.8519555018787552,27.93205080756888,0,0
2024-10-01 14:00:00,31.12132034355964,82.46446609406726,440.0,211.6566086849168,0.7932576414395135,27.61421356237309,0,0
2024-10-01 15:00:00,30.5,83.5,440.0,172.81689732199223,0.7204360878827425,27.2,0,0
2024-10-01 16:00:00,29.776457135307563,84.7059047744874,440.0,122.2,0.6406640163357871,26.717638090205043,0,0
2024-10-01 17:00:00,29.0,86.0,440.0,63.25537462305614,0.5607948640120289,26.2,0,0
2024-10-01 18:00:00,28.22354286469244,87.2940952255126,440.0,2.993036777116131e-14,0.4865611151918152,25.68236190979496,0,0
2024-10-01 19:00:00,27.5,88.5,440.0,1.4965183885580655e-14,0.4221960740685457,25.2,1,0
2024-10-01 20:00:00,26.87867965644036,89.53553390593274,440.0,0.0,0.3704465240587666,24.785786437626907,1,0
2024-10-01 21:00:00,26.401923788646684,90.3301270189222,440.0,0.0,0.3328502438895098,24.467949192431124,1,0
2024-10-01 22:00:00,26.102222521132795,90.82962913144534,440.0,0.0,0.31012412918367604,24.268148347421864,1,0
2024-10-01 23:00:00,26.0,91.0,440.0,0.0,0.3025295845742306,24.2,1,0
2024-10-02 00:00:00,27.7022225211328,84.12962913144534,440.0,0.0,0.5895660539744243,24.528148347421865,0,0
2024-10-02 01:00:00,26.501923788646685,79.0301270189222,400.0,0.0,0.7260765262789689,22.307949192431124,0,1
2024-10-02 02:00:00,26.97867965644036,78.23553390593274,400.0,0.0,0.7750071852722081,22.625786437626907,0,1
2024-10-02 03:00:00,27.6,77.2,400.0,0.0,0.8419542869466453,23.040000000000003,0,1
2024-10-02 04:00:00,28.32354286469244,75.99409522551261,400.0,0.0,0.9246415170483163,23.52236190979496,0,1
2024-10-02 05:00:00,29.1,74.7,400.0,0.0,1.019307759084566,24.040000000000003,0,1
2024-10-02 06:00:00,29.876457135307565,73.4059047744874,400.0,0.0,1.1204333187468019,24.55763809020505,0,1
2024-10-02 07:00:00,32.07319800472355,71.46340099763823,396.3170049881911,73.6599002361774,1.3624736831060387,26.3658782042512,0,1
2024-10-02 08:00:00,34.06732034355964,69.74146609406726,392.885,142.29999999999998,1.6155730090547122,28.015613562373098,0,1
2024-10-02 09:00:00,35.72292800986715,68.3574470818209,389.9378705037154,201.24258992569145,1.8514927400149008,29.394417426231325,0,1
2024-10-02 10:00:00,36.92719407720824,67.40566256938415,387.6764585041474,246.47082991705125,2.0371377857602697,30.408326591085064,0,1
2024-10-02 11:00:00,37.59804980323738,66.95097509838132,386.25487549190655,274.90249016186885,2.1422771883154126,30.988244822913643,0,1
2024-10-02 12:00:00,37.68977747886721,67.02437086855466,385.77,284.6,2.1481755484259195,31.094651652578136,0,1
2024-10-02 13:00:00,33.19807621135332,74.9698729810778,440.0,274.90249016186885,1.2731086181166196,28.19205080756888,0,0
2024-10-02 14:00:00,32.72132034355964,75.76446609406726,440.0,246.47082991705128,1.2001557663686284,27.874213562373093,0,0
2024-10-02 15:00:00,32.1,76.8,440.0,201.24258992569145,1.109356759506816,27.46,0,0
2024-10-02 16:00:00,31.376457135307565,78.00590477448739,440.0,142.29999999999998,1.0094804110010145,26.97763809020504,0,0
2024-10-02 17:00:00,30.6,79.3,440.0,73.65990023617749,0.9089974329703769,26.46,0,0
2024-10-02 18:00:00,29.82354286469244,80.5940952255126,440.0,3.4853447903733684e-14,0.8151079109419442,25.94236190979496,0,0
2024-10-02 19:00:00,29.1,81.8,440.0,0.0,0.7332569650331663,25.46,0,0
2024-10-02 20:00:00,28.47867965644036,82.83553390593273,440.0,0.0,0.6671089110640123,25.045786437626905,0,0
2024-10-02 21:00:00,28.001923788646685,83.6301270189222,440.0,0.0,0.618839113719007,24.72794919243113,0,0
2024-10-02 22:00:00,27.7022225211328,84.12962913144534,440.0,0.0,0.5895660539744243,24.528148347421865,0,0
2024-10-02 23:00:00,27.6,84.3,440.0,0.0,0.5797667677658919,24.46,0,0
2024-10-03 00:00:00,28.802222521132794,81.52962913144535,440.0,0.0,0.731449217969397,25.108148347421864,0,0
2024-10-03 01:00:00,27.601923788646683,76.4301270189222,400.0,0.0,0.870481812287559,22.88794919243112,0,1
2024-10-03 02:00:00,28.07867965644036,75.63553390593275,400.0,0.0,0.9251873636958003,23.205786437626905,0,1
2024-10-03 03:00:00,28.7,74.60000000000001,400.0,0.0,0.9999353897492294,23.62,0,1
2024-10-03 04:00:00,29.42354286469244,73.39409522551261,400.0,0.0,1.0921116765418069,24.10236190979496,0,1
2024-10-03 05:00:00,30.2,72.10000000000001,400.0,0.0,1.1974632688529627,24.62,0,1
2024-10-03 06:00:00,30.97645713530756,70.8059047744874,400.0,0.0,1.3098147595257221,25.137638090205044,0,1
2024-10-03 07:00:00,32.941813778401894,68.97909311079906,396.8954655539953,62.09068892009473,1.555311910893752,26.737632400561704,0,1
2024-10-03 08:00:00,34.72032034355964,67.36496609406727,394.0025,119.95,1.8067882946246965,28.19331356237309,0,1
2024-10-03 09:00:00,36.19077454748638,66.07352381301128,391.5182541596674,169.63491680665277,2.0367645226673585,29.40547931008864,0,1
2024-10-03 10:00:00,37.25296736622494,65.19277592487579,389.61202528160567,207.7594943678868,2.2143626314538354,30.291522551200096,0,1
2024-10-03 11:00:00,37.83451211453495,64.78274394273254,388.4137197136626,231.7256057267475,2.3122614780711723,30.79106090308146,0,1
2024-10-03 12:00:00,37.8957774788672,64.87137086855466,388.005,239.9,2.3141034187669716,30.87005165257813,0,1
2024-10-03 13:00:00,34.29807621135332,72.3698729810778,440.0,231.7256057267475,1.4942869259129938,28.77205080756888,0,0
2024-10-03 14:00:00,33.82132034355964,73.16446609406727,440.0,207.75949436788684,1.4133117525558456,28.45421356237309,0,0
2024-10-03 15:00:00,33.2,74.2,440.0,169.63491680665277,1.3124081104741088,28.040000000000003,0,0
2024-10-03 16:00:00,32.47645713530756,75.4059047744874,440.0,119.95,1.2012494286686668,27.55763809020504,0,0
2024-10-03 17:00:00,31.7,76.7,440.0,62.09068892009479,1.0892191220559513,27.04,0,0
2024-10-03 18:00:00,30.92354286469244,77.99409522551261,440.0,2.9379276711545e-14,0.9843403899772851,26.52236190979496,0,0
2024-10-03 19:00:00,30.2,79.2,440.0,0.0,0.8927324728366174,26.04,0,0
2024-10-03 20:00:00,29.57867965644036,80.23553390593274,440.0,0.0,0.8185647775169531,25.625786437626907,0,0
2024-10-03 21:00:00,29.101923788646683,81.0301270189222,440.0,0.0,0.7643591657639528,25.307949192431124,0,0
2024-10-03 22:00:00,28.802222521132794,81.52962913144535,440.0,0.0,0.731449217969397,25.108148347421864,0,0
2024-10-03 23:00:00,28.7,81.7,440.0,0.0,0.7204258910397991,25.04,0,0
2024-10-04 00:00:00,27.9022225211328,86.92962913144534,440.0,0.0,0.4912451599501013,25.288148347421863,0,0
2024-10-04 01:00:00,26.701923788646685,81.8301270189222,400.0,0.0,0.6365750989427269,23.06794919243113,0,1
2024-10-04 02:00:00,27.17867965644036,81.03553390593274,400.0,0.0,0.6832679858234301,23.385786437626905,0,1
2024-10-04 03:00:00,27.8,80.0,400.0,0.0,0.747226988151441,23.8,0,1
2024-10-04 04:00:00,28.52354286469244,78.7940952255126,400.0,0.0,0.8263298451923977,24.28236190979496,0,1
2024-10-04 05:00:00,29.3,77.5,400.0,0.0,0.9170210712962212,24.8,0,1
2024-10-04 06:00:00,30.076457135307564,76.2059047744874,400.0,0.0,1.014034896419143,25.317638090205044,0,1
2024-10-04 07:00:00,31.984873588479346,74.40756320576033,397.03781602880167,59.243679423967,1.2158231265468478,26.86638622963141,0,1
2024-10-04 08:00:00,33.710320343559644,72.81996609406727,394.2775,114.45,1.4226202627903244,28.2743135623731,0,1
2024-10-04 09:00:00,35.135211055625334,71.55130555894179,391.90716288932,161.85674221360074,1.6115721939847445,29.44547216741369,0,1
2024-10-04 10:00:00,36.16244177739237,70.68803871929208,390.0883392536871,198.233214926258,1.7570037693197185,30.300049521250784,0,1
2024-10-04 11:00:00,36.72200843275135,70.28899578362433,388.9449789181216,221.1004216375677,1.8362664515879976,30.779807589476217,0,1
2024-10-04 12:00:00,36.77577747886721,70.38137086855465,388.555,228.9,1.8359360970649328,30.852051652578144,0,1
2024-10-04 13:00:00,33.39807621135331,77.7698729810778,440.0,221.1004216375677,1.1434197198141998,28.95205080756888,0,0
2024-10-04 14:00:00,32.92132034355964,78.56446609406726,440.0,198.23321492625803,1.073489582434774,28.63421356237309,0,0
2024-10-04 15:00:00,32.3,79.6,440.0,161.85674221360074,0.9865394152523353,28.219999999999995,0,0
2024-10-04 16:00:00,31.576457135307564,80.80590477448739,440.0,114.45,0.8910188405415996,27.73763809020504,0,0
2024-10-04 17:00:00,30.8,82.1,440.0,59.24367942396706,0.7950627067283025,27.22,0,0
2024-10-04 18:00:00,30.02354286469244,83.3940952255126,440.0,2.8032165232482922e-14,0.705551368904362,26.70236190979496,0,0
2024-10-04 19:00:00,29.351111260566398,84.6,440.0,0.0,0.629502061428341,26.22,0,0
2024-10-04 20:00:00,28.67867965644036,85.63553390593273,440.0,0.0,0.5647956864905941,25.805786437626907,0,0
2024-10-04 21:00:00,28.201923788646685,86.43012701892219,440.0,0.0,0.5189933288118537,25.487949192431124,0,0
2024-10-04 22:00:00,27.9022225211328,86.92962913144534,440.0,0.0,0.4912451599501013,25.288148347421863,1,0
2024-10-04 23:00:00,27.8,87.1,440.0,0.0,0.48196140735767956,25.22,1,0
2024-10-05 00:00:00,26.4022225211328,89.22962913144535,440.0,0.0,0.37073741215049655,24.248148347421864,1,0
2024-10-05 01:00:00,25.201923788646685,84.13012701892221,400.0,0.0,0.5088006725462055,22.027949192431127,0,1
2024-10-05 02:00:00,25.67867965644036,83.33553390593275,400.0,0.0,0.5496136172007189,22.34578643762691,0,1
2024-10-05 03:00:00,26.3,82.30000000000001,400.0,0.0,0.6056080962109045,22.76,0,1
2024-10-05 04:00:00,27.02354286469244,81.09409522551262,400.0,0.0,0.6749913869122046,23.24236190979496,0,1
2024-10-05 05:00:00,27.8,79.80000000000001,400.0,16.176190318907548,0.754699258032955,23.760000000000005,0,1
2024-10-05 06:00:00,28.576457135307564,78.5059047744874,400.0,32.352380637815095,0.840133535933544,24.277638090205045,0,1
2024-10-05 07:00:00,30.27057141913445,76.81471429043279,397.5735714521639,48.52857095672264,0.9991376024300371,25.63351427722101,0,1
2024-10-05 08:00:00,31.796320343559643,75.32696609406727,395.3125,93.75,1.1597120452210523,26.861713562373097,0,1
2024-10-05 09:00:00,33.049726640802874,74.14404776635304,393.3708739263761,132.58252147247768,1.3042246812870084,27.878536194073483,0,1
2024-10-05 10:00:00,33.945372743058854,73.34657323645885,391.8810118395209,162.37976320958225,1.4134585575881815,28.614687390350625,0,1
2024-10-05 11:00:00,34.42222184858401,72.988889075708,390.94444537854,181.1110924292003,1.470915000138955,29.01999966372561,0,1
2024-10-05 12:00:00,34.44777747886721,73.09537086855467,390.625,187.5,1.4671959680962117,29.066851652578144,0,1
2024-10-05 13:00:00,31.89807621135332,80.06987298107781,440.0,181.1110924292003,0.9421884157883023,27.91205080756888,0,0
2024-10-05 14:00:00,31.421320343559643,80.86446609406727,440.0,162.37976320958225,0.8805181704156585,27.594213562373096,0,0
2024-10-05 15:00:00,30.8,81.9,440.0,132.58252147247768,0.8039460889263835,27.180000000000003,0,0
2024-10-05 16:00:00,30.076457135307564,83.1059047744874,440.0,93.75,0.7199770337864881,26.697638090205043,0,0
2024-10-05 17:00:00,29.3,84.4,440.0,48.52857095672269,0.6358012760987131,26.180000000000003,0,0
2024-10-05 18:00:00,28.52354286469244,85.69409522551261,440.0,2.2962127484012872e-14,0.5574577554390202,25.66236190979496,0,0
2024-10-05 19:00:00,27.8,86.9,440.0,0.0,0.48943367723919357,25.180000000000003,0,0
2024-10-05 20:00:00,27.17867965644036,87.93553390593274,440.0,0.0,0.4346688911377883,24.813974596215566,1,0
2024-10-05 21:00:00,26.701923788646685,88.7301270189222,440.0,0.0,0.39483602969997256,24.447949192431125,1,0
2024-10-05 22:00:00,26.4022225211328,89.22962913144535,440.0,0.0,0.37073741215049655,24.248148347421864,1,0
2024-10-05 23:00:00,26.3,89.4,440.0,0.0,0.3626805547929711,24.180000000000003,1,0
2024-10-06 00:00:00,26.0022225211328,92.02962913144536,440.0,0.0,0.26795442251058543,24.408148347421864,1,0
2024-10-06 01:00:00,24.801923788646683,86.9301270189222,400.0,0.0,0.40916472234836726,22.187949192431123,1,1
2024-10-06 02:00:00,25.27867965644036,86.13553390593275,400.0,0.0,0.4465389347533782,22.505786437626902,1,1
2024-10-06 03:00:00,25.9,85.10000000000001,400.0,0.0,0.49790141205703936,22.92,1,1
2024-10-06 04:00:00,26.623542864692435,83.89409522551261,400.0,0.0,0.5616693410736053,23.40236190979496,0,1
2024-10-06 05:00:00,27.4,82.60000000000001,400.0,0.0,0.6350769728370762,23.92,0,1
2024-10-06 06:00:00,28.17645713530756,81.3059047744874,400.0,0.0,0.7139164382474945,24.43763809020504,0,1
2024-10-06 07:00:00,29.411944071212783,79.84402796439362,398.720139821968,25.597203560639304,0.826804010656291,25.380749664091507,0,1
2024-10-06 08:00:00,30.51032034355964,78.70728616943896,394.46624999999995,49.45,0.9302477853785905,26.22431356237309,0,1
2024-10-06 09:00:00,31.396733424540304,77.57054437448431,396.5033569670325,69.93286065934956,1.0306481163292758,26.910842299437167,0,1
2024-10-06 10:00:00,32.010775727552826,76.91387174421186,395.7175043782859,85.64991243428098,1.098362136341853,27.3935500763952,0,1
2024-10-06 11:00:00,32.31060128439977,76.64469935780012,395.2234967890005,95.53006421998886,1.1301323815637785,27.6395411559598,0,1
2024-10-06 12:00:00,32.275777478867205,76.78137086855466,388.925,98.9,1.121315072002811,27.63205165257813,0,1
2024-10-06 13:00:00,31.498076211353315,82.8698729810778,440.0,95.53006421998886,0.791679883623747,28.072050807568875,0,0
2024-10-06 14:00:00,31.02132034355964,83.66446609406727,440.0,85.64991243428099,0.7347801861628223,27.75421356237309,0,0
2024-10-06 15:00:00,30.4,84.7,440.0,69.93286065934956,0.6642327675623237,27.34,0,0
2024-10-06 16:00:00,29.67645713530756,85.9059047744874,440.0,49.45,0.5870128678842993,26.85763809020504,0,0
2024-10-06 17:00:00,28.9,87.2,440.0,25.59720356063933,0.5097711572046433,26.34,0,0
2024-10-06 18:00:00,28.123542864692435,88.49409522551261,440.0,1.2111756843567324e-14,0.43805351279980387,25.82236190979496,1,0
2024-10-06 19:00:00,27.4,89.7,440.0,0.0,0.3759363689782694,25.34,1,0
2024-10-06 20:00:00,26.77867965644036,90.73553390593274,440.0,0.0,0.32604508093378115,24.925786437626904,1,0
2024-10-06 21:00:00,26.301923788646683,91.5301270189222,440.0,0.0,0.28983082954503897,24.60794919243112,1,0
2024-10-06 22:00:00,26.0022225211328,92.02962913144536,440.0,0.0,0.26795442251058543,24.408148347421864,1,0
2024-10-06 23:00:00,25.9,92.2,440.0,0.0,0.2606463767815374,24.34,1,0
2024-10-07 00:00:00,26.302222521132794,92.22962913144536,440.0,0.0,0.265899231208302,24.748148347421864,1,0
2024-10-07 01:00:00,25.101923788646683,87.13012701892221,400.0,0.0,0.41017065994146806,22.527949192431127,1,1
2024-10-07 02:00:00,25.57867965644036,86.33553390593275,400.0,0.0,0.44800639617120325,22.845786437626906,1,1
2024-10-07 03:00:00,26.2,85.30000000000001,400.0,0.0,0.5000038316018272,23.26,1,1
2024-10-07 04:00:00,26.92354286469244,84.09409522551262,400.0,0.0,0.5645608346090919,23.74236190979496,0,1
2024-10-07 05:00:00,27.7,82.80000000000001,400.0,0.0,0.6388773815210507,24.26,0,1
2024-10-07 06:00:00,28.47645713530756,81.5059047744874,400.0,0.0,0.7186931951293992,24.777638090205045,0,1
2024-10-07 07:00:00,30.172124333405065,79.81393783329747,397.124520408911,48.6062166702534,0.8650001489897231,26.13491190006456,0,1
2024-10-07 08:00:00,31.69932034355964,78.32546609406728,394.46624999999995,90.70043508854351,1.0131934792485617,27.36441356237309,0,1
2024-10-07 09:00:00,32.95396928148999,77.14192644600948,392.2041477374184,132.79465350683364,1.1468295092432166,28.382354570691884,0,1
2024-10-07 10:00:00,33.85056889548156,76.3439751602475,390.4174289071252,162.6395708307176,1.247893762672215,29.11936392753105,0,1
2024-10-07 11:00:00,34.32801740354174,75.98599129822914,389.3047862884143,181.40087017708703,1.3008826450137647,29.52521566318757,0,1
2024-10-07 12:00:00,34.3537774788672,76.09237086855467,388.925,187.8,1.2969741166105595,29.57225165257813,0,1
2024-10-07 13:00:00,31.798076211353315,83.06987298107781,440.0,181.40087017708703,0.7958495691117737,28.41205080756888,0,0
2024-10-07 14:00:00,31.32132034355964,83.86446609406727,440.0,162.6395708307176,0.7382703496513732,28.094213562373096,0,0
2024-10-07 15:00:00,30.7,84.9,440.0,132.79465350683364,0.6668807840322547,27.68,0,0
2024-10-07 16:00:00,29.97645713530756,86.1059047744874,440.0,93.9,0.5887398783395686,27.197638090205043,0,0
2024-10-07 17:00:00,29.2,87.4,440.0,48.60621667025345,0.51057822403338,26.68,0,0
2024-10-07 18:00:00,28.42354286469244,88.69409522551261,440.0,2.299886688798729e-14,0.43800820207964813,26.16236190979496,1,0
2024-10-07 19:00:00,27.7,89.9,440.0,0.0,0.3751547414745705,25.68,1,0
2024-10-07 20:00:00,27.07867965644036,90.93553390593274,440.0,0.0,0.32467382202233924,25.265786437626907,1,0
2024-10-07 21:00:00,26.601923788646683,91.7301270189222,440.0,0.0,0.28803282456154344,24.947949192431125,1,0
2024-10-07 22:00:00,26.302222521132794,92.22962913144536,440.0,0.0,0.265899231208302,24.748148347421864,1,0
2024-10-07 23:00:00,26.2,92.4,440.0,0.0,0.25850538232475423,24.68,1,0
2024-10-08 00:00:00,26.602222521132795,86.52962913144535,440.0,0.0,0.4691701048397132,23.908148347421864,1,0
2024-10-08 01:00:00,25.401923788646684,81.4301270189222,400.0,0.0,0.6024833477819102,21.687949192431127,0,1
2024-10-08 02:00:00,25.87867965644036,80.63553390593275,400.0,0.0,0.6462712023551656,22.005786437626902,0,1
2024-10-08 03:00:00,26.5,79.60000000000001,400.0,0.0,0.7062648011947561,22.42,0,1
2024-10-08 04:00:00,27.22354286469244,78.39409522551261,400.0,0.0,0.7804844156351857,22.90236190979496,0,1
2024-10-08 05:00:00,28.0,77.10000000000001,400.0,0.0,0.8656040533549147,23.42,0,1
2024-10-08 06:00:00,28.776457135307563,75.8059047744874,400.0,0.0,0.9566878895076636,23.93763809020504,0,1
2024-10-08 07:00:00,30.3830905818898,74.1584547090551,397.124520408911,44.15452909449004,1.1207980346529882,25.21478152370082,0,1
2024-10-08 08:00:00,31.82732034355964,72.71146609406728,394.46624999999995,85.29999999999998,1.2849010020084841,26.369613562373097,0,1
2024-10-08 09:00:00,33.010724548761814,71.56354881237355,393.9683791564788,120.63241687042502,1.4312562121558219,27.323434311236525,0,1
2024-10-08 10:00:00,33.85265615657971,70.79293152969841,392.6128033057187,147.7439338856252,1.540899600657046,28.011242462519395,0,1
2024-10-08 11:00:00,34.2957389192983,70.45213054035086,389.3047862884143,164.78694596491505,1.5977943911153298,28.38616502736848,0,1
2024-10-08 12:00:00,34.309777478867204,70.56437086855466,391.47,170.6,1.5929669064887455,28.422651652578136,0,1
2024-10-08 13:00:00,32.09807621135332,77.3698729810778,440.0,164.78694596491505,1.0819895407966336,27.57205080756888,0,0
2024-10-08 14:00:00,31.62132034355964,78.28493649053891,440.0,147.74393388562524,1.0106124522881315,27.206025403784437,0,0
2024-10-08 15:00:00,31.0,79.2,440.0,120.63241687042502,0.934459188232665,26.84,0,0
2024-10-08 16:00:00,30.276457135307563,80.4059047744874,440.0,85.29999999999998,0.8446647702374999,26.357638090205043,0,0
2024-10-08 17:00:00,29.5,81.7,440.0,44.15452909449009,0.7544880408967559,25.84,0,0
2024-10-08 18:00:00,28.72354286469244,82.99409522551261,440.0,2.089247439345384e-14,0.6703939955384447,25.32236190979496,0,0
2024-10-08 19:00:00,28.0,84.2,440.0,0.0,0.5972289975112512,24.84,0,0
2024-10-08 20:00:00,27.37867965644036,85.23553390593274,440.0,0.0,0.538211834833374,24.425786437626908,0,0
2024-10-08 21:00:00,26.901923788646684,86.0301270189222,440.0,0.0,0.4952148191334448,24.107949192431125,0,0
2024-10-08 22:00:00,26.602222521132795,86.52962913144535,440.0,0.0,0.4691701048397132,23.908148347421864,1,0
2024-10-08 23:00:00,26.5,86.7,440.0,0.0,0.46045695372011075,23.84,1,0
2024-10-09 00:00:00,26.102222521132795,85.4150635094611,440.0,0.0,0.4932342206395941,23.948148347421863,1,0
2024-10-09 01:00:00,24.901923788646684,84.13012701892221,400.0,0.0,0.4997928957233896,21.72794919243113,0,1
2024-10-09 02:00:00,25.37867965644036,83.33553390593275,400.0,0.0,0.5399182459954937,22.04578643762691,0,1
2024-10-09 03:00:00,26.0,82.30000000000001,400.0,0.0,0.5949748496626536,22.46,0,1
2024-10-09 04:00:00,26.72354286469244,81.09409522551262,400.0,0.0,0.6632041724345977,22.94236190979496,0,1
2024-10-09 05:00:00,27.5,79.80000000000001,400.0,0.0,0.7415965822769233,23.46,0,1
2024-10-09 06:00:00,28.276457135307563,78.5059047744874,400.0,0.0,0.8256319743013829,23.977638090205044,0,1
2024-10-09 07:00:00,29.99282985701327,76.80358507149337,397.5179253574668,49.64149285066348,0.983834267699875,25.353546871311945,0,1
2024-10-09 08:00:00,31.53932034355964,75.45861362312769,395.205,95.9,1.1368520297094735,26.60041356237309,0,1
2024-10-09 09:00:00,32.81053782398492,74.11364217476202,393.218845968421,135.62308063157982,1.288347759615947,27.63326625893732,0,1
2024-10-09 10:00:00,33.719850927784314,73.5304982199698,391.6948163777072,166.10367244585532,1.386167483730577,28.38171775660353,0,1
2024-10-09 11:00:00,34.20529146964487,72.94735426517758,390.73677132588784,185.2645734822433,1.4555307565012001,28.612984704590833,0,1
2024-10-09 12:00:00,34.233777478867204,73.05237086855466,390.41,191.8,1.452178193390209,28.844251652578137,0,1
2024-10-09 13:00:00,31.59807621135332,80.06987298107781,440.0,185.2645734822433,0.9263209878134053,27.61205080756888,0,0
2024-10-09 14:00:00,31.12132034355964,80.86446609406727,440.0,166.10367244585535,0.8656370872614514,27.29421356237309,0,0
2024-10-09 15:00:00,30.5,81.9,440.0,135.62308063157982,0.7902965570107655,26.880000000000003,0,0
2024-10-09 16:00:00,29.776457135307563,83.1059047744874,440.0,95.9,0.7076874270719326,26.39763809020504,0,0
2024-10-09 17:00:00,29.0,84.4,440.0,49.64149285066353,0.6248857056134033,25.880000000000003,0,0
2024-10-09 18:00:00,28.22354286469244,85.69409522551261,440.0,2.3488725607646235e-14,0.5478316660202829,25.36236190979496,0,0
2024-10-09 19:00:00,27.5,86.9,440.0,0.0,0.48093639741721256,24.880000000000003,0,0
2024-10-09 20:00:00,26.87867965644036,87.93553390593274,440.0,0.0,0.4270872005315072,24.465786437626907,1,0
2024-10-09 21:00:00,26.401923788646684,88.7301270189222,440.0,0.0,0.3879244306203325,24.147949192431124,1,0
2024-10-09 22:00:00,26.102222521132795,89.22962913144535,440.0,0.0,0.36423302115830175,23.948148347421863,1,0
2024-10-09 23:00:00,26.0,89.4,440.0,0.0,0.3563126218318717,23.880000000000003,1,0
2024-10-10 00:00:00,26.5022225211328,86.62962913144534,440.0,0.0,0.46295383989760497,23.828148347421862,1,0
2024-10-10 01:00:00,25.301923788646683,81.5301270189222,400.0,0.0,0.595689660322877,21.60794919243112,0,1
2024-10-10 02:00:00,25.77867965644036,80.73553390593274,400.0,0.0,0.6391394628348612,21.925786437626904,0,1
2024-10-10 03:00:00,26.4,79.61481456572267,400.0,0.0,0.7016063928562393,22.34,0,1
2024-10-10 04:00:00,27.123542864692435,78.49409522551261,400.0,0.0,0.7723336420489535,22.82236190979496,0,1
2024-10-10 05:00:00,27.9,77.2,400.0,0.0,0.8568187812792748,23.34,0,1
2024-10-10 06:00:00,28.67645713530756,75.9059047744874,400.0,0.0,0.9472324986597552,23.857638090205043,0,1
2024-10-10 07:00:00,30.199750849366787,74.3001245753166,398.000622876583,39.987542468339456,1.1030185556709176,25.059775764430107,0,1
2024-10-10 08:00:00,31.56632034355964,72.89196609406727,396.1375,77.24999999999999,1.2576728803410426,26.14471356237309,0,1
2024-10-10 09:00:00,32.68303616521975,71.77739300414459,394.53760011533393,109.2479976933216,1.3945929993743758,27.038514766048664,0,1
2024-10-10 10:00:00,33.47379597656112,71.0323616197077,393.3099537557652,133.80092488469575,1.4962888630203741,27.68026830050266,0,1
2024-10-10 11:00:00,33.88471080323322,70.7076445983834,392.53822299191694,149.23554016166105,1.5481624650999055,28.0262397229099,0,1
2024-10-10 12:00:00,33.88777747886721,70.82537086855466,392.275,154.5,1.542203912947023,28.052851652578138,0,1
2024-10-10 13:00:00,31.998076211353315,77.4698729810778,440.0,149.23554016166105,1.071140483996164,27.49205080756888,0,0
2024-10-10 14:00:00,31.52132034355964,78.26446609406726,440.0,133.80092488469575,1.0058468694189815,27.17421356237309,0,0
2024-10-10 15:00:00,30.9,79.3,440.0,105.52546244234786,0.924685283503616,26.76,0,0
2024-10-10 16:00:00,30.17645713530756,80.50590477448739,440.0,77.24999999999999,0.8355557827018024,26.27763809020504,0,0
2024-10-10 17:00:00,29.4,81.8,440.0,39.9875424683395,0.7460558840537223,25.76,0,0
2024-10-10 18:00:00,28.623542864692435,83.0940952255126,440.0,1.8920793046826612e-14,0.6626021905228433,25.242361909794955,0,0
2024-10-10 19:00:00,27.9,84.3,440.0,0.0,0.5900024064072201,24.76,0,0
2024-10-10 20:00:00,27.27867965644036,85.33553390593273,440.0,0.0,0.5314472828619816,24.345786437626906,0,0
2024-10-10 21:00:00,26.801923788646683,86.1301270189222,440.0,0.0,0.48879067836793577,24.027949192431123,0,0
2024-10-10 22:00:00,26.5022225211328,86.62962913144534,440.0,0.0,0.46295383989760497,23.828148347421862,1,0
2024-10-10 23:00:00,26.4,86.8,440.0,0.0,0.4543105293577466,23.76,1,0
2024-10-11 00:00:00,26.0022225211328,91.02962913144536,440.0,0.0,0.3015732373599343,24.20814834742186,1,0
2024-10-11 01:00:00,24.801923788646683,85.9301270189222,400.0,0.0,0.44047066716824007,21.987949192431124,1,1
2024-10-11 02:00:00,25.27867965644036,85.13553390593275,400.0,0.0,0.4787463729427548,22.305786437626907,1,1
2024-10-11 03:00:00,25.9,84.10000000000001,400.0,0.0,0.5313176142085185,22.72,0,1
2024-10-11 04:00:00,26.623542864692435,82.89409522551261,400.0,0.0,0.5965428454769915,23.20236190979496,0,1
2024-10-11 05:00:00,27.4,81.60000000000001,400.0,0.0,0.6715756494369083,23.72,0,1
2024-10-11 06:00:00,28.17645713530756,80.3059047744874,400.0,0.0,0.7521058467016242,24.23763809020504,0,1
2024-10-11 07:00:00,29.79965500077636,78.65017249961183,397.7508624980591,44.98275003881811,0.8955290788875572,25.529689500698726,0,1
2024-10-11 08:00:00,31.25932034355964,77.19546609406727,395.655,86.89999999999999,1.0397373860838093,26.69841356237309,0,1
2024-10-11 09:00:00,32.455979382757754,76.04092139537559,393.8552420714889,122.89515857022198,1.168884598661893,27.66416366183288,0,1
2024-10-11 10:00:00,33.308081782421915,75.26521871677731,392.47423924111325,150.51521517773543,1.2658587115300202,28.36112552577738,0,1
2024-10-11 11:00:00,33.7575581721808,74.92122091390961,391.606104569548,167.87790860904008,1.3161030299000647,28.74180235496272,0,1
2024-10-11 12:00:00,33.7737774788672,75.03237086855466,391.31,173.8,1.3114558712588194,28.780251652578137,0,1
2024-10-11 13:00:00,31.498076211353315,81.8698729810778,440.0,167.87790860904008,0.8378955294709287,27.87205080756888,0,0
2024-10-11 14:00:00,31.02132034355964,82.66446609406727,440.0,150.51521517773546,0.7797606680003927,27.554213562373093,0,0
2024-10-11 15:00:00,30.4,83.7,440.0,118.70760758886772,0.7076466739389458,27.14,0,0
2024-10-11 16:00:00,29.67645713530756,84.9059047744874,440.0,86.89999999999999,0.628662428107343,26.65763809020504,0,0
2024-10-11 17:00:00,28.9,86.2,440.0,44.98275003881815,0.5495970288612562,26.14,0,0
2024-10-11 18:00:00,28.123542864692435,87.49409522551261,440.0,2.1284361369181e-14,0.4761255741792029,25.62236190979496,0,0
2024-10-11 19:00:00,27.4,88.7,440.0,0.0,0.41243504557810134,25.14,1,0
2024-10-11 20:00:00,26.77867965644036,89.73553390593274,440.0,0.0,0.36123815926374264,24.725786437626905,1,0
2024-10-11 21:00:00,26.301923788646683,90.5301270189222,440.0,0.0,0.32404985858981195,24.40794919243112,1,0
2024-10-11 22:00:00,26.0022225211328,91.02962913144536,440.0,0.0,0.3015732373599343,24.20814834742186,1,0
2024-10-11 23:00:00,25.9,91.2,440.0,0.0,0.29406257893301657,24.14,1,0
2024-10-12 00:00:00,25.7022225211328,93.02962913144536,440.0,0.0,0.23021191648336506,24.308148347421863,1,0
2024-10-12 01:00:00,24.501923788646685,87.9301270189222,400.0,0.0,0.3711489252550693,22.087949192431125,1,1
2024-10-12 02:00:00,24.97867965644036,87.13553390593275,400.0,0.0,0.40700044850042444,22.405786437626908,1,1
2024-10-12 03:00:00,25.6,86.10000000000001,400.0,0.0,0.45630519259899277,22.820000000000004,1,1
2024-10-12 04:00:00,26.32354286469244,84.89409522551261,400.0,0.0,0.5175688501048704,23.30236190979496,0,1
2024-10-12 05:00:00,27.1,83.60000000000001,400.0,0.0,0.588154932881573,23.820000000000004,0,1
2024-10-12 06:00:00,27.876457135307565,82.3059047744874,400.0,0.0,0.6640284040711656,24.337638090205044,0,1
2024-10-12 07:00:00,29.24238886994446,80.77880556502778,398.3940278251388,32.119443497222825,0.7807899391421241,25.398149982950017,0,1
2024-10-12 08:00:00,30.462320343559643,79.44396609406726,396.8975,62.04999999999999,0.8956031331692201,26.351113562373094,0,1
2024-10-12 09:00:00,31.453115242258328,78.3923534656253,395.6124024227375,87.75195154525055,0.9960675054777303,27.131585935383388,0,1
2024-10-12 10:00:00,32.14725253106018,77.69563334245818,394.6263123695176,107.47375260964884,1.069379194585833,27.68637919955182,0,1
2024-10-12 11:00:00,32.497427900849466,77.40128604957528,394.0064302478763,119.87139504247337,1.1050931004684426,27.97768511076452,0,1
2024-10-12 12:00:00,32.479777478867206,80.63557951532654,393.795,124.1,0.9459932685705861,27.98565165257813,0,1
2024-10-12 13:00:00,31.19807621135332,83.8698729810778,440.0,119.87139504247337,0.7328727530791297,27.97205080756888,0,0
2024-10-12 14:00:00,30.721320343559643,84.66446609406727,440.0,107.47375260964884,0.678107327189179,27.65421356237309,0,0
2024-10-12 15:00:00,30.1,85.7,440.0,87.75195154525055,0.6102472239493282,27.24,0,0
2024-10-12 16:00:00,29.376457135307565,86.9059047744874,440.0,62.04999999999999,0.5360265690588714,26.757638090205045,0,0
2024-10-12 17:00:00,28.6,88.2,440.0,32.11944349722285,0.4618530972442215,26.24,1,0
2024-10-12 18:00:00,27.82354286469244,89.49409522551261,440.0,1.519786677741865e-14,0.39305397367569006,25.72236190979496,1,0
2024-10-12 19:00:00,27.1,90.7,440.0,0.0,0.3335268826706481,25.24,1,0
2024-10-12 20:00:00,26.47867965644036,91.73553390593274,440.0,0.0,0.28576357729954166,24.825786437626903,1,0
2024-10-12 21:00:00,26.001923788646685,92.38258151868905,440.0,0.0,0.2560840593471004,24.507949192431127,1,0
2024-10-12 22:00:00,25.7022225211328,93.02962913144536,440.0,0.0,0.23021191648336506,24.308148347421863,1,0
2024-10-12 23:00:00,25.6,93.2,440.0,0.0,0.223228439544831,24.24,1,0
2024-10-13 00:00:00,25.0022225211328,93.12962913144534,440.0,0.0,0.21766689120484464,23.628148347421863,1,0
2024-10-13 01:00:00,23.801923788646683,88.0301270189222,400.0,0.0,0.35294670093445063,21.40794919243112,1,1
2024-10-13 02:00:00,24.27867965644036,87.23553390593274,400.0,0.0,0.38729879077715734,21.725786437626905,1,1
2024-10-13 03:00:00,24.9,86.2,400.0,0.0,0.4345561597351804,22.14,1,1
2024-10-13 04:00:00,25.623542864692435,84.99409522551261,400.0,0.0,0.49329758986489625,22.62236190979496,0,1
2024-10-13 05:00:00,26.4,83.7,400.0,0.0,0.5610046688281262,23.14,0,1
2024-10-13 06:00:00,27.17645713530756,82.4059047744874,400.0,0.0,0.6338125567027559,23.65763809020504,0,1
2024-10-13 07:00:00,28.68422170666064,80.90643543427734,398.0394457333484,39.21108533303189,0.7509799156173189,24.845799535994573,0,1
2024-10-13 08:00:00,30.03632034355964,79.40696609406727,396.2125,75.74999999999999,0.8755977722561457,25.91771356237309,0,1
2024-10-13 09:00:00,31.14060975834856,78.29860620758018,394.6436661325119,107.12667734976196,0.9827869037009319,26.800330999864588,0,1
2024-10-13 10:00:00,31.921834452334053,77.55834238182123,393.4398575663329,131.20284867334246,1.0623462268209023,27.4335029286983,0,1
2024-10-13 11:00:00,32.326755253655875,77.23662237317207,392.6831118658603,146.33776268279385,1.1024935728844374,27.77407972829029,0,1
2024-10-13 12:00:00,32.327777478867205,77.35537086855466,392.425,151.5,1.0968054549081183,27.798851652578136,0,1
2024-10-13 13:00:00,30.498076211353315,83.9698729810778,440.0,146.33776268279385,0.6998431807526081,27.29205080756888,0,0
2024-10-13 14:00:00,30.02132034355964,84.76446609406726,440.0,131.20284867334246,0.6472445758935788,26.97421356237309,0,0
2024-10-13 15:00:00,29.4,85.8,440.0,107.12667734976196,0.5820875578880689,26.56,0,0
2024-10-13 16:00:00,28.67645713530756,87.00590477448739,440.0,75.74999999999999,0.5108483706519114,26.07763809020504,0,0
2024-10-13 17:00:00,27.9,88.3,440.0,39.21108533303193,0.43968332197225946,25.56,1,0
2024-10-13 18:00:00,27.123542864692435,89.5940952255126,440.0,1.85533990070824e-14,0.37370342785245625,25.042361909794955,1,0
2024-10-13 19:00:00,26.4,90.8,440.0,0.0,0.3166406719766115,24.56,1,0
2024-10-13 20:00:00,25.77867965644036,91.83553390593272,440.0,0.0,0.2708734541728422,24.145786437626903,1,0
2024-10-13 21:00:00,25.301923788646683,92.6301270189222,440.0,0.0,0.23769287082908805,23.82794919243112,1,0
2024-10-13 22:00:00,25.0022225211328,93.12962913144534,440.0,0.0,0.21766689120484464,23.628148347421863,1,0
2024-10-13 23:00:00,24.9,93.3,440.0,0.0,0.2109801645091095,23.56,1,0
2024-10-14 00:00:00,24.102222521132795,97.22962913144536,440.0,0.0,0.08317414403093311,23.548148347421865,1,0
2024-10-14 01:00:00,22.901923788646684,92.1301270189222,400.0,0.0,0.21979099020038434,21.327949192431127,1,1
2024-10-14 02:00:00,23.37867965644036,91.33553390593276,400.0,0.0,0.24905420914709736,21.645786437626903,1,1
2024-10-14 03:00:00,24.0,90.3,400.0,0.0,0.2894399952850592,22.06,1,1
2024-10-14 04:00:00,24.72354286469244,89.09409522551262,400.0,0.0,0.33982647914252184,22.54236190979496,1,1
2024-10-14 05:00:00,25.5,87.80000000000001,400.0,0.0,0.3981295075575868,23.06,1,1
2024-10-14 06:00:00,26.276457135307563,86.5059047744874,400.0,0.0,0.4610617425624231,23.57763809020505,1,1
2024-10-14 07:00:00,27.38926384383419,85.10536807808292,399.0268403904145,19.46319219170956,0.5432930670491184,24.410337459450773,1,1
2024-10-14 08:00:00,28.37332034355964,83.88846609406727,398.12,37.6,0.6223685393675136,25.15101356237309,0,1
2024-10-14 09:00:00,29.16156481025788,82.93812868162553,397.3412785027386,53.17442994522838,0.6898506583227593,25.749190546582987,0,1
2024-10-14 10:00:00,29.700279686159,82.31911976490876,396.7437444817705,65.12511036458979,0.7374101515779157,26.16410363914075,0,1
2024-10-14 11:00:00,29.95275244273876,82.07362377863063,396.3681188931531,72.63762213693794,0.758568920962917,26.367477198464886,0,1
2024-10-14 12:00:00,29.901777478867206,82.21837086855467,396.24,75.2,0.7502458485758677,26.34545165257814,0,1
2024-10-14 13:00:00,29.59807621135332,88.06987298107781,440.0,72.63762213693794,0.4946496390614517,27.21205080756888,0,0
2024-10-14 14:00:00,29.12132034355964,88.86446609406727,440.0,65.12511036458979,0.44919043348365306,26.894213562373096,0,0
2024-10-14 15:00:00,28.5,89.9,440.0,53.17442994522838,0.39302933264970674,26.48,1,0
2024-10-14 16:00:00,27.776457135307563,91.1059047744874,440.0,37.6,0.33183947300792604,25.997638090205044,1,0
2024-10-14 17:00:00,27.0,92.4,440.0,19.46319219170958,0.27096585336162415,25.48,1,0
2024-10-14 18:00:00,26.22354286469244,93.6940952255126,440.0,9.209343929588095e-15,0.21478643278924683,24.96236190979496,1,0
2024-10-14 19:00:00,25.5,94.9,440.0,0.0,0.1664311875855485,24.48,1,0
2024-10-14 20:00:00,24.87867965644036,95.93553390593274,440.0,0.0,0.127825744131721,24.065786437626908,1,0
2024-10-14 21:00:00,24.401923788646684,96.7301270189222,440.0,0.0,0.09994904675976939,23.747949192431125,1,0
2024-10-14 22:00:00,24.102222521132795,97.22962913144536,440.0,0.0,0.08317414403093311,23.548148347421865,1,0
2024-10-14 23:00:00,24.0,97.4,440.0,0.0,0.07758185440630429,23.48,1,0
2024-10-15 00:00:00,25.102222521132795,91.22962913144536,440.0,0.0,0.2795220104134924,23.348148347421866,1,0
2024-10-15 01:00:00,23.901923788646684,86.13012701892221,400.0,0.0,0.4114354920308619,21.127949192431124,1,1
2024-10-15 02:00:00,24.37867965644036,85.33553390593275,400.0,0.0,0.44762045511833426,21.445786437626907,1,1
2024-10-15 03:00:00,25.0,84.30000000000001,400.0,0.0,0.49734110164857476,21.860000000000003,0,1
2024-10-15 04:00:00,25.72354286469244,83.09409522551262,400.0,0.0,0.5590605927249981,22.34236190979496,0,1
2024-10-15 05:00:00,26.5,81.80000000000001,400.0,0.0,0.6300989893012039,22.860000000000003,0,1
2024-10-15 06:00:00,27.276457135307563,80.5059047744874,400.0,0.0,0.706383440788643,23.377638090205043,0,1
2024-10-15 07:00:00,28.603048375088875,78.99847581245558,398.4923790622778,30.152418754443666,0.8221468634853977,24.40274353757999,0,1
2024-10-15 08:00:00,29.78632034355964,77.68196609406728,397.0875,58.24999999999999,0.9354241362319652,25.322713562373096,0,1
2024-10-15 09:00:00,30.74563501151797,76.64609358099548,395.88110299958834,82.3779400082328,1.0340973948392653,25.965310243343602,0,1
2024-10-15 10:00:00,31.415616669684947,75.9614512731458,394.9554020229557,100.8919595408871,1.1057715185526056,26.607906924314108,0,1
2024-10-15 11:00:00,31.750607175253528,75.67469641237325,394.3734820618662,112.53035876267646,1.1404128978346308,26.88554645772818,0,1
2024-10-15 12:00:00,31.174341693303425,75.80537086855466,394.175,116.5,1.0978012979525997,26.888851652578136,0,1
2024-10-15 13:00:00,30.59807621135332,82.06987298107781,440.0,112.53035876267646,0.7872777356001385,27.01205080756888,0,0
2024-10-15 14:00:00,30.12132034355964,82.86446609406727,440.0,100.89195954088711,0.7321466326826831,26.694213562373097,0,0
2024-10-15 15:00:00,29.5,83.9,440.0,82.3779400082328,0.6637845605703698,26.28,0,0
2024-10-15 16:00:00,28.776457135307563,85.1059047744874,440.0,58.24999999999999,0.5889453767378866,25.797638090205044,0,0
2024-10-15 17:00:00,28.0,86.4,440.0,30.152418754443698,0.5140705295033554,25.28,0,0
2024-10-15 18:00:00,27.22354286469244,87.69409522551261,440.0,1.4267135210066664e-14,0.4445343528552095,24.76236190979496,1,0
2024-10-15 19:00:00,26.5,88.9,440.0,0.0,0.38429114182655855,24.28,1,0
2024-10-15 20:00:00,25.87867965644036,89.93553390593274,440.0,0.0,0.33589227671339755,23.865786437626905,1,0
2024-10-15 21:00:00,25.401923788646684,90.7301270189222,440.0,0.0,0.3007529514522655,23.54794919243113,1,0
2024-10-15 22:00:00,25.102222521132795,91.22962913144536,440.0,0.0,0.2795220104134924,23.348148347421866,1,0
2024-10-15 23:00:00,25.0,91.4,440.0,0.0,0.27242888370558876,23.28,1,0
2024-10-16 00:00:00,26.102222521132795,86.92962913144534,440.0,0.0,0.44201455337182716,23.488148347421863,1,0
2024-10-16 01:00:00,24.901923788646684,81.8301270189222,400.0,0.0,0.5722272284703763,21.267949192431125,0,1
2024-10-16 02:00:00,25.37867965644036,81.03553390593274,400.0,0.0,0.6144368029525475,21.585786437626904,0,1
2024-10-16 03:00:00,26.0,80.0,400.0,0.0,0.6722879657205126,22.0,0,1
2024-10-16 04:00:00,26.72354286469244,78.7940952255126,400.0,0.0,0.743886351615887,22.48236190979496,0,1
2024-10-16 05:00:00,27.5,77.5,400.0,0.0,0.8260357970906329,23.0,0,1
2024-10-16 06:00:00,28.624511158263346,76.2059047744874,400.0,0.0,0.9326270654766421,23.51763809020504,0,1
2024-10-16 07:00:00,29.74902231652669,74.62548884173665,398.1274442086832,37.45111582633475,1.0612546493849941,24.674120084874023,0,1
2024-10-16 08:00:00,31.06832034355964,73.24096609406726,396.3825,72.34999999999998,1.206858104767693,25.71651356237309,0,1
2024-10-16 09:00:00,32.144443236107186,72.14668946870087,394.88408243811534,102.31835123769342,1.3352106443232623,26.57378112984736,0,1
2024-10-16 10:00:00,32.719916288693874,71.41723210927857,393.7343062036196,125.31387592760824,1.4153212688115664,27.187501419275087,0,1
2024-10-16 11:00:00,33.29538934128056,71.10230532935972,393.0115266467986,139.76946706402816,1.477855104640503,27.515850407152502,0,1
2024-10-16 12:00:00,33.2917774788672,71.22337086855465,392.765,144.7,1.4713662245159418,27.536451652578133,0,1
2024-10-16 13:00:00,31.59807621135332,77.7698729810778,440.0,139.76946706402816,1.0332213738444656,27.15205080756888,0,0
2024-10-16 14:00:00,31.12132034355964,78.56446609406726,440.0,125.31387592760828,0.9696825406304884,26.83421356237309,0,0
2024-10-16 15:00:00,30.5,79.6,440.0,102.31835123769342,0.8907209813822998,26.42,0,0
2024-10-16 16:00:00,29.776457135307563,80.80590477448739,440.0,72.34999999999998,0.8040335800051429,25.93763809020504,0,0
2024-10-16 17:00:00,29.0,82.1,440.0,37.45111582633479,0.7170162904153801,25.42,0,0
2024-10-16 18:00:00,28.22354286469244,83.3940952255126,440.0,1.77206391836622e-14,0.6359080828362061,24.90236190979496,0,0
2024-10-16 19:00:00,27.5,84.6,440.0,8.8603195918311e-15,0.5653756122309223,24.42,0,0
2024-10-16 20:00:00,26.87867965644036,85.63553390593273,440.0,0.0,0.5085081729610718,24.05397459621556,0,0
2024-10-16 21:00:00,26.401923788646684,86.43012701892219,440.0,0.0,0.4670935740458906,23.687949192431123,0,0
2024-10-16 22:00:00,26.102222521132795,86.92962913144534,440.0,0.0,0.44201455337182716,23.488148347421863,1,0
2024-10-16 23:00:00,26.0,87.1,440.0,0.0,0.43362573788973074,23.42,1,0
2024-10-17 00:00:00,27.802222521132794,78.62962913144534,440.0,0.0,0.7985293775677738,23.528148347421865,0,0
2024-10-17 01:00:00,26.601923788646683,73.5301270189222,400.0,0.0,0.9219237463465219,21.307949192431124,0,1
2024-10-17 02:00:00,27.15096189432334,72.73553390593274,400.0,0.0,0.980713407046073,21.625786437626907,0,1
2024-10-17 03:00:00,27.7,71.7,400.0,0.0,1.0511761568049847,22.04,0,1
2024-10-17 04:00:00,28.42354286469244,70.49409522551261,400.0,0.0,1.1431042945072478,22.52236190979496,0,1
2024-10-17 05:00:00,29.2,69.2,400.0,0.0,1.2480801031927076,23.04,0,1
2024-10-17 06:00:00,29.97645713530756,67.9059047744874,400.0,0.0,1.3599355274168072,23.55763809020504,0,1
2024-10-17 07:00:00,31.71974703770393,66.19012648114804,397.4506324057402,50.98735188519659,1.5822989891309385,24.95777233393354,0,1
2024-10-17 08:00:00,33.29132034355964,64.67946609406727,395.075,98.5,1.8059137746249085,26.22721356237309,0,1
2024-10-17 09:00:00,34.58407692922831,63.4768726221403,393.0349982053125,139.30003589374988,2.0068385482486812,27.27945145365637,0,1
2024-10-17 10:00:00,35.50991756977789,62.66430082309931,391.4696497727233,170.6070045455344,2.1591599100382415,28.042777734397752,0,1
2024-10-17 11:00:00,36.00574775557893,62.29712612221053,390.4856306110527,190.28738777894645,2.2406333544615613,28.46517298002104,0,1
2024-10-17 12:00:00,36.0377774788672,62.40037086855465,390.15,197.0,2.2384273242182475,28.51785165257813,0,1
2024-10-17 13:00:00,33.29807621135332,69.4698729810778,440.0,190.28738777894645,1.5615740328098011,27.19205080756888,0,0
2024-10-17 14:00:00,32.82132034355964,70.26446609406726,440.0,170.60700454553444,1.480815393971031,26.874213562373093,0,0
2024-10-17 15:00:00,32.2,71.3,440.0,139.30003589374988,1.380119103830469,26.46,0,0
2024-10-17 16:00:00,31.47645713530756,72.50590477448739,440.0,98.5,1.2691000687964102,25.97763809020504,0,0
2024-10-17 17:00:00,30.7,73.8,440.0,50.98735188519664,1.1571044067314624,25.46,0,0
2024-10-17 18:00:00,29.92354286469244,75.0940952255126,440.0,2.4125541943202862e-14,1.0521481839829412,24.94236190979496,0,0
2024-10-17 19:00:00,29.2,76.3,440.0,0.0,0.9603733261580252,24.46,0,0
2024-10-17 20:00:00,28.57867965644036,77.33553390593273,440.0,0.0,0.8859936362425397,24.045786437626905,0,0
2024-10-17 21:00:00,28.101923788646683,78.1301270189222,440.0,0.0,0.831584588577804,23.72794919243112,0,0
2024-10-17 22:00:00,27.802222521132794,78.62962913144534,440.0,0.0,0.7985293775677738,23.528148347421865,0,0
2024-10-17 23:00:00,27.7,78.8,440.0,0.0,0.7874535167585048,23.46,0,0
2024-10-18 00:00:00,28.0022225211328,80.92962913144534,440.0,0.0,0.720940027651431,24.188148347421865,0,0
2024-10-18 01:00:00,26.801923788646683,75.8301270189222,400.0,0.0,0.8517748235045347,21.96794919243112,0,1
2024-10-18 02:00:00,27.27867965644036,75.03553390593274,400.0,0.0,0.9047242217130295,22.285786437626903,0,1
2024-10-18 03:00:00,27.9,74.0,400.0,0.0,0.9770740488272432,22.7,0,1
2024-10-18 04:00:00,28.623542864692435,72.7940952255126,400.0,0.0,1.0662956132306625,23.18236190979496,0,1
2024-10-18 05:00:00,29.4,71.5,400.0,0.0,1.168274323930279,23.7,0,1
2024-10-18 06:00:00,30.17645713530756,70.2059047744874,400.0,0.0,1.2770343156765103,24.217638090205043,0,1
2024-10-18 07:00:00,31.97513431335587,68.46243284332206,397.3121642166103,53.75671566779356,1.4974347133815495,25.66762088202028,0,1
2024-10-18 08:00:00,33.59832034355964,66.92596609406726,394.8075,103.84999999999998,1.7203268713928463,26.98351356237309,0,1
2024-10-18 09:00:00,34.93539778040223,65.70121219655334,392.6566960773777,146.86607845244592,1.921636197985684,28.075640219712906,0,1
2024-10-18 10:00:00,35.89524700618776,64.87163610489438,391.0063261816986,179.8734763660279,2.0750102799497516,28.86957422716664,0,1
2024-10-18 11:00:00,36.41245588240479,64.4937720587976,389.968860293988,200.6227941202395,2.157631532149673,29.311210294164304,0,1
2024-10-18 12:00:00,36.4517774788672,64.59337086855466,389.615,207.7,2.1562114151086367,29.370451652578133,0,1
2024-10-18 13:00:00,33.498076211353315,71.7698729810778,440.0,200.6227941202395,1.4601737535974098,27.852050807568872,0,0
2024-10-18 14:00:00,33.02132034355964,72.56446609406726,440.0,179.87347636602792,1.3816991499905484,27.53421356237309,0,0
2024-10-18 15:00:00,32.4,73.6,440.0,146.86607845244592,1.2839141562859584,27.12,0,0
2024-10-18 16:00:00,31.67645713530756,74.80590477448739,440.0,103.84999999999998,1.1761940672553632,26.63763809020504,0,0
2024-10-18 17:00:00,30.9,76.1,440.0,53.756715667793614,1.0676318007602137,26.12,0,0
2024-10-18 18:00:00,30.123542864692435,77.3940952255126,440.0,2.5435914018290526e-14,0.9660011315861055,25.60236190979496,0,0
2024-10-18 19:00:00,29.4,78.6,440.0,0.0,0.8772305449862449,25.12,0,0
2024-10-18 20:00:00,28.77867965644036,79.63553390593273,440.0,0.0,0.8053595118769941,24.705786437626905,0,0
2024-10-18 21:00:00,28.301923788646683,80.43012701892219,440.0,0.0,0.7528317369557912,24.38794919243112,0,0
2024-10-18 22:00:00,28.0022225211328,80.92962913144534,440.0,0.0,0.720940027651431,24.188148347421865,0,0
2024-10-18 23:00:00,27.9,81.1,440.0,0.0,0.7102576739551886,24.12,0,0
2024-10-19 00:00:00,26.4022225211328,89.22962913144535,440.0,0.0,0.37073741215049655,24.248148347421864,0,0
2024-10-19 01:00:00,25.201923788646685,84.13012701892221,400.0,0.0,0.5088006725462055,22.027949192431127,0,1
2024-10-19 02:00:00,25.67867965644036,83.33553390593275,400.0,0.0,0.5496136172007189,22.34578643762691,0,1
2024-10-19 03:00:00,26.3,82.30000000000001,400.0,0.0,0.6056080962109045,22.76,0,1
2024-10-19 04:00:00,27.02354286469244,81.09409522551262,400.0,0.0,0.6749913869122046,23.24236190979496,0,1
2024-10-19 05:00:00,27.8,79.80000000000001,400.0,0.0,0.754699258032955,23.760000000000005,0,1
2024-10-19 06:00:00,28.576457135307564,78.5059047744874,400.0,0.0,0.840133535933544,24.277638090205045,0,1
2024-10-19 07:00:00,30.169114353454265,76.86544282327287,397.8272141163644,43.455717672713234,0.9911762414038925,25.54220291810884,0,1
2024-10-19 08:00:00,31.60032034355964,75.42496609406727,395.8025,83.94999999999999,1.1423542504045252,26.685313562373096,0,1
2024-10-19 09:00:00,32.77254078257774,74.2826406954656,394.06383857193896,118.72322856122136,1.2772075615373026,27.629068921670864,0,1
2024-10-19 10:00:00,33.60589078477535,73.5163142156006,392.72971673522966,145.40566529540723,1.3781161796044987,28.30915362789547,0,1
2024-10-19 11:00:00,34.04357892467869,73.17821053766066,391.89105268830326,162.17894623393457,1.4301862524048405,28.679221032210823,0,1
2024-10-19 12:00:00,34.055777478867206,73.29137086855467,391.605,167.9,1.4251196002583804,28.71405165257814,0,1
2024-10-19 13:00:00,31.89807621135332,80.06987298107781,440.0,162.17894623393457,0.9421884157883023,27.91205080756888,0,0
2024-10-19 14:00:00,31.421320343559643,80.86446609406727,440.0,140.45108739757796,0.8805181704156585,27.594213562373096,0,0
2024-10-19 15:00:00,30.8,81.9,440.0,118.72322856122136,0.8039460889263835,27.180000000000003,0,0
2024-10-19 16:00:00,30.076457135307564,83.1059047744874,440.0,83.94999999999999,0.7199770337864881,26.697638090205043,0,0
2024-10-19 17:00:00,29.3,84.4,440.0,43.45571767271328,0.6358012760987131,26.180000000000003,0,0
2024-10-19 18:00:00,28.52354286469244,85.69409522551261,440.0,2.0561819757684062e-14,0.5574577554390202,25.66236190979496,0,0
2024-10-19 19:00:00,27.8,86.9,440.0,0.0,0.48943367723919357,25.180000000000003,0,0
2024-10-19 20:00:00,27.250961894323343,87.93553390593274,440.0,0.0,0.43651305656464323,24.765786437626907,1,0
2024-10-19 21:00:00,26.701923788646685,88.7301270189222,440.0,0.0,0.39483602969997256,24.447949192431125,1,0
2024-10-19 22:00:00,26.4022225211328,89.22962913144535,440.0,0.0,0.37073741215049655,24.248148347421864,1,0
2024-10-19 23:00:00,26.3,89.4,440.0,0.0,0.3626805547929711,24.180000000000003,1,0
2024-10-20 00:00:00,26.302222521132794,92.82962913144534,440.0,0.0,0.2453674520405142,24.86814834742186,1,0
2024-10-20 01:00:00,25.101923788646683,87.7301270189222,400.0,0.0,0.3910482959269425,22.647949192431124,1,1
2024-10-20 02:00:00,25.57867965644036,86.93553390593274,400.0,0.0,0.42833465518606334,22.965786437626907,1,1
2024-10-20 03:00:00,26.2,85.9,400.0,0.0,0.4795955119446097,23.38,1,1
2024-10-20 04:00:00,26.92354286469244,84.69409522551261,400.0,0.0,0.5432645609567579,23.86236190979496,0,1
2024-10-20 05:00:00,27.7,83.4,400.0,0.0,0.6165909612354326,24.38,0,1
2024-10-20 06:00:00,28.47645713530756,82.1059047744874,400.0,0.0,0.6953767845767609,24.89763809020504,0,1
2024-10-20 07:00:00,30.17678307621692,80.41160846189155,397.5580423094577,48.83915381084566,0.8396131865389365,26.259104768595225,0,1
2024-10-20 08:00:00,31.70832034355964,78.92096609406727,395.2825,94.34999999999998,0.9858587192868828,27.49251356237309,0,1
2024-10-20 09:00:00,32.96669720355135,77.73556248497879,393.32844751950495,133.43104960990152,1.117843762656106,28.513809700547107,0,1
2024-10-20 10:00:00,33.866157352749674,76.93618093161342,391.8290503152938,157.85062651532436,1.217711500602015,29.25339353907236,0,1
2024-10-20 11:00:00,34.34540406841494,76.57729796579254,390.8864898289626,182.2702034207472,1.2700763690943078,29.66086366157345,0,1
2024-10-20 12:00:00,34.3717774788672,76.68337086855466,390.565,188.7,1.2661777007359205,29.70845165257813,0,1
2024-10-20 13:00:00,31.798076211353315,83.6698729810778,440.0,182.2702034207472,0.767644834384541,28.53205080756888,0,0
2024-10-20 14:00:00,31.32132034355964,84.46446609406726,440.0,163.41899369412357,0.71081775884321,28.214213562373093,0,0
2024-10-20 15:00:00,30.7,85.5,440.0,133.43104960990152,0.640382209832298,27.8,0,0
2024-10-20 16:00:00,29.97645713530756,86.7059047744874,440.0,94.34999999999998,0.5633158459524069,27.31763809020504,0,0
2024-10-20 17:00:00,29.2,88.0,440.0,48.83915381084572,0.48626497526988616,26.8,1,0
2024-10-20 18:00:00,28.42354286469244,89.2940952255126,440.0,2.3109085099910552e-14,0.41476327595566176,26.28236190979496,1,0
2024-10-20 19:00:00,27.7,90.5,440.0,0.0,0.35286832118895245,25.8,1,0
2024-10-20 20:00:00,27.07867965644036,91.53553390593274,440.0,0.0,0.3031828383072692,25.385786437626905,1,0
2024-10-20 21:00:00,26.601923788646683,92.3301270189222,440.0,0.0,0.26713532164555515,25.06794919243112,1,0
2024-10-20 22:00:00,26.302222521132794,92.82962913144534,440.0,0.0,0.2453674520405142,24.86814834742186,1,0
2024-10-20 23:00:00,26.2,93.0,440.0,0.0,0.23809706266753675,24.8,1,0
2024-10-21 00:00:00,26.602222521132795,90.12962913144534,440.0,0.0,0.34378288321793815,24.628148347421863,1,0
2024-10-21 01:00:00,25.401923788646684,85.0301270189222,400.0,0.0,0.48568448468656406,22.40794919243113,1,1
2024-10-21 02:00:00,25.87867965644036,84.23553390593274,400.0,0.0,0.5261245214615782,22.725786437626905,0,1
2024-10-21 03:00:00,26.5,83.2,400.0,0.0,0.5816298362780343,23.14,0,1
2024-10-21 04:00:00,27.22354286469244,81.99409522551261,400.0,0.0,0.650439230042937,23.62236190979496,0,1
2024-10-21 05:00:00,28.0,80.7,400.0,0.0,0.7295265602510855,24.14,0,1
2024-10-21 06:00:00,28.776457135307563,79.4059047744874,400.0,0.0,0.814335949080653,24.65763809020504,0,1
2024-10-21 07:00:00,30.655368217337653,78.23353453073447,397.1115794566559,57.76841086688263,0.9588551379756001,26.17983139560389,0,1
2024-10-21 08:00:00,32.353320343559645,77.06116428698155,394.42,111.59999999999998,1.1126563198907276,27.563013562373097,0,1
2024-10-21 09:00:00,33.75460088257007,75.88879404322864,392.1086883219581,157.8262335608374,1.26511729483043,28.71292301166396,0,1
2024-10-21 10:00:00,34.76371488136094,74.71642379947572,390.3351564937657,193.29687012468668,1.4031539087013123,29.5511953148225,0,1
2024-10-21 11:00:00,35.311892888554404,73.5440535557228,389.220267778614,215.59464442772003,1.5133688816624424,30.02070359969896,0,1
2024-10-21 12:00:00,35.361777478867204,73.63837086855466,388.84,223.2,1.512126773771507,30.08945165257813,0,1
2024-10-21 13:00:00,32.09807621135332,80.9698729810778,440.0,215.59464442772003,0.9098666736288564,28.29205080756888,0,0
2024-10-21 14:00:00,31.62132034355964,81.76446609406726,440.0,193.2968701246867,0.848676202647469,27.97421356237309,0,0
2024-10-21 15:00:00,31.0,82.8,440.0,157.8262335608374,0.7727258671923964,27.56,0,0
2024-10-21 16:00:00,30.276457135307563,84.00590477448739,440.0,111.59999999999998,0.689475508479921,27.07763809020504,0,0
2024-10-21 17:00:00,29.5,85.3,440.0,57.76841086688269,0.6060641639990337,26.56,0,0
2024-10-21 18:00:00,28.72354286469244,86.5940952255126,440.0,2.733411655696892e-14,0.5284775014769787,26.04236190979496,0,0
2024-10-21 19:00:00,28.0,87.8,440.0,0.0,0.4611515044074221,25.56,1,0
2024-10-21 20:00:00,27.37867965644036,88.83553390593273,440.0,0.0,0.406980363742204,25.145786437626903,1,0
2024-10-21 21:00:00,26.901923788646684,89.6301270189222,440.0,0.0,0.36759924587124226,24.827949192431124,1,0
2024-10-21 22:00:00,26.602222521132795,90.12962913144534,440.0,0.0,0.34378288321793815,24.628148347421863,1,0
2024-10-21 23:00:00,26.5,90.3,440.0,0.0,0.3358219888033889,24.56,1,0
2024-10-22 00:00:00,26.5022225211328,91.62962913144534,440.0,0.0,0.28982706411518766,24.828148347421862,1,0
2024-10-22 01:00:00,25.301923788646683,86.5301270189222,400.0,0.0,0.4344298452355847,22.60794919243112,1,1
2024-10-22 02:00:00,25.77867965644036,85.73553390593274,400.0,0.0,0.47325387334746516,22.925786437626904,1,1
2024-10-22 03:00:00,26.4,84.7,400.0,0.0,0.5265872044828427,23.34,0,1
2024-10-22 04:00:00,27.123542864692435,83.49409522551261,400.0,0.0,0.5927704825009815,23.82236190979496,0,1
2024-10-22 05:00:00,27.9,82.2,400.0,0.0,0.668919925735574,24.34,0,1
2024-10-22 06:00:00,28.67645713530756,80.9059047744874,400.0,0.0,0.750663071629195,24.85763809020504,0,1
2024-10-22 07:00:00,30.263937972552213,79.2680310137239,397.8401550686195,43.19689862761072,0.8930761512504313,26.11754417529699,0,1
2024-10-22 08:00:00,31.69032034355964,77.82996609406726,395.8275,83.44999999999999,1.0358278916592136,27.25631356237309,0,1
2024-10-22 09:00:00,32.85839864695401,76.68971176327746,394.0991939109983,118.0161217800348,1.1632609052039398,28.1963409996095,0,1
2024-10-22 10:00:00,33.68857027669966,75.92497446963843,392.77301800541886,144.5396398916228,1.258573682339717,28.873565170627344,0,1
2024-10-22 11:00:00,34.12426040815291,75.58786979592355,391.9393489796177,161.2130204076455,1.3075559538323331,29.241834367337617,0,1
2024-10-22 12:00:00,34.135777478867205,75.70137086855466,391.655,166.9,1.3023106894526597,29.276051652578136,0,1
2024-10-22 13:00:00,31.998076211353315,82.4698729810778,440.0,161.2130204076455,0.8334275578558559,28.49205080756888,0,0
2024-10-22 14:00:00,31.52132034355964,83.26446609406726,440.0,144.5396398916228,0.7744638093634765,28.17421356237309,0,0
2024-10-22 15:00:00,30.9,84.3,440.0,118.0161217800348,0.701331350290182,27.76,0,0
2024-10-22 16:00:00,30.17645713530756,85.50590477448739,440.0,83.44999999999999,0.6212458152383518,27.27763809020504,0,0
2024-10-22 17:00:00,29.4,86.8,440.0,43.19689862761076,0.5410954763466556,26.76,0,0
2024-10-22 18:00:00,28.623542864692435,88.0940952255126,440.0,2.0439355077769327e-14,0.4666345095967172,26.242361909794955,1,0
2024-10-22 19:00:00,27.9,89.3,440.0,0.0,0.4021035508635193,25.76,1,0
2024-10-22 20:00:00,27.27867965644036,90.33553390593272,440.0,0.0,0.3502448853614736,25.345786437626906,1,0
2024-10-22 21:00:00,26.89045108878658,91.1301270189222,440.0,0.0,0.31421436398634944,25.027949192431123,1,0
2024-10-22 22:00:00,26.5022225211328,91.62962913144534,440.0,0.0,0.28982706411518766,24.828148347421862,1,0
2024-10-22 23:00:00,26.4,91.8,440.0,0.0,0.28222320763132763,24.76,1,0
2024-10-23 00:00:00,25.7022225211328,89.02962913144535,440.0,0.0,0.3623207645344313,23.508148347421866,1,0
2024-10-23 01:00:00,24.501923788646685,83.9301270189222,400.0,0.0,0.49414903497848667,21.287949192431128,0,1
2024-10-23 02:00:00,24.97867965644036,83.13553390593275,400.0,0.0,0.5335507291026246,21.605786437626907,0,1
2024-10-23 03:00:00,25.6,82.10000000000001,400.0,0.0,0.58761603939007,22.020000000000003,0,1
2024-10-23 04:00:00,26.32354286469244,80.89409522551261,400.0,0.0,0.6546195882980569,22.50236190979496,0,1
2024-10-23 05:00:00,27.1,79.60000000000001,400.0,0.0,0.7316073555356153,23.020000000000003,0,1
2024-10-23 06:00:00,27.876457135307565,78.3059047744874,400.0,0.0,0.8141413984024549,23.537638090205043,0,1
2024-10-23 07:00:00,29.76209751251032,76.51895124374485,397.0947562187242,58.10487562551591,0.9828012804777407,25.06588776125929,0,1
2024-10-23 08:00:00,31.466320343559644,74.94196609406727,394.3875,112.25,1.155988931483977,26.454713562373097,0,1
2024-10-23 09:00:00,32.872985658880914,73.68241825731401,392.062726381181,158.74547237637992,1.3144109442653655,27.60946931034372,0,1
2024-10-23 10:00:00,33.88623154185934,72.8261438370586,390.2788648425197,194.4227031496065,1.4363170486841765,28.451460309271056,0,1
2024-10-23 11:00:00,34.43700696003792,72.43149651998105,389.1574825999052,216.85034800189584,1.502500799290805,28.92330626403413,0,1
2024-10-23 12:00:00,34.48777747886721,72.52537086855466,388.775,224.5,1.5016090192175464,28.99285165257814,0,1
2024-10-23 13:00:00,31.19807621135332,79.8698729810778,440.0,216.85034800189584,0.91461286020151,27.17205080756888,0,0
2024-10-23 14:00:00,30.721320343559643,80.66446609406727,440.0,194.4227031496065,0.854979506885993,26.854213562373097,0,0
2024-10-23 15:00:00,30.1,81.7,440.0,158.74547237637992,0.7809457481309581,26.44,0,0
2024-10-23 16:00:00,29.376457135307565,82.9059047744874,440.0,112.25,0.6997726117833737,25.957638090205045,0,0
2024-10-23 17:00:00,28.6,84.2,440.0,58.104875625515966,0.6184134691914149,25.44,0,0
2024-10-23 18:00:00,27.82354286469244,85.49409522551261,440.0,2.749332064085808e-14,0.5427046633069854,24.92236190979496,0,0
2024-10-23 19:00:00,27.1,86.7,440.0,0.0,0.47697930532469046,24.44,0,0
2024-10-23 20:00:00,26.47867965644036,87.73553390593274,440.0,0.0,0.42407309375078855,24.02578643762691,1,0
2024-10-23 21:00:00,26.001923788646685,88.5301270189222,440.0,0.0,0.38559672681715845,23.707949192431126,1,0
2024-10-23 22:00:00,25.7022225211328,89.02962913144535,440.0,0.0,0.3623207645344313,23.508148347421866,1,0
2024-10-23 23:00:00,25.6,89.2,440.0,0.0,0.35453928633590825,23.44,1,0
2024-10-24 00:00:00,26.302222521132794,85.92962913144534,440.0,0.0,0.481482912470083,23.488148347421863,1,0
2024-10-24 01:00:00,25.101923788646683,80.8301270189222,400.0,0.0,0.6109554820939903,21.26794919243112,0,1
2024-10-24 02:00:00,25.57867965644036,80.03553390593274,400.0,0.0,0.654559676515176,21.585786437626904,0,1
2024-10-24 03:00:00,26.2,79.0,400.0,0.0,0.7142911880026106,22.0,0,1
2024-10-24 04:00:00,26.92354286469244,77.7940952255126,400.0,0.0,0.7881717079586034,22.48236190979496,0,1
2024-10-24 05:00:00,27.7,76.5,400.0,0.0,0.8728847945200404,23.0,0,1
2024-10-24 06:00:00,28.47645713530756,75.2059047744874,400.0,0.0,0.9635155059321017,23.51763809020504,0,1
2024-10-24 07:00:00,30.20370025690757,73.49814987154622,397.49074935773103,50.18501284537877,1.1376959864635583,24.903330231216817,0,1
2024-10-24 08:00:00,31.76032034355964,72.14847140195165,395.1525,96.95,1.3064467016859413,26.159313562373093,0,1
2024-10-24 09:00:00,33.040236308794746,70.79879293235709,393.1445997563964,137.10800487207158,1.4721822307497126,27.199994895266165,0,1
2024-10-24 10:00:00,33.956223994743254,69.99114761061664,391.6038837103098,167.92232579380266,1.5923623604917525,27.954453516866582,0,1
2024-10-24 11:00:00,34.44586035434901,69.62706982282549,390.6353491141275,187.2930177174504,1.6561573679963697,28.371274318914107,0,1
2024-10-24 12:00:00,34.4757774788672,69.73137086855465,390.305,193.9,1.653212335144032,28.42205165257813,0,1
2024-10-24 13:00:00,31.798076211353315,76.7698729810778,440.0,187.2930177174504,1.0919992837477235,27.15205080756888,0,0
2024-10-24 14:00:00,31.32132034355964,77.56446609406726,440.0,167.92232579380266,1.0265225531370936,26.83421356237309,0,0
2024-10-24 15:00:00,30.7,78.6,440.0,137.10800487207158,0.9451158131318055,26.42,0,0
2024-10-24 16:00:00,29.97645713530756,79.80590477448739,440.0,96.95,0.8556922184047668,25.93763809020504,0,0
2024-10-24 17:00:00,29.2,81.1,440.0,50.18501284537883,0.765867336050071,25.42,0,0
2024-10-24 18:00:00,28.42354286469244,82.3940952255126,440.0,2.3745901435467182e-14,0.6820799263815102,24.902361909794955,0,0
2024-10-24 19:00:00,27.7,83.6,440.0,0.0,0.6091621544735603,24.42,0,0
2024-10-24 20:00:00,27.07867965644036,84.63553390593273,440.0,0.0,0.5503291510305743,24.005786437626902,0,0
2024-10-24 21:00:00,26.601923788646683,85.43012701892219,440.0,0.0,0.5074566051794207,23.687949192431123,0,0
2024-10-24 22:00:00,26.302222521132794,85.92962913144534,440.0,0.0,0.481482912470083,23.488148347421863,0,0
2024-10-24 23:00:00,26.2,86.1,440.0,0.0,0.4727927387255376,23.42,1,0
2024-10-25 00:00:00,24.5022225211328,97.92962913144534,440.0,0.0,0.06366509816618773,24.08814834742186,1,0
2024-10-25 01:00:00,23.301923788646683,92.8301270189222,400.0,0.0,0.20514105468972826,21.867949192431123,1,1
2024-10-25 02:00:00,23.77867965644036,92.03553390593274,400.0,0.0,0.23451432052813814,22.185786437626906,1,1
2024-10-25 03:00:00,24.4,91.0,400.0,0.0,0.27506813877150843,22.6,1,1
2024-10-25 04:00:00,25.123542864692435,89.7940952255126,400.0,0.0,0.32568714997854814,23.08236190979496,1,1
2024-10-25 05:00:00,25.9,88.5,400.0,0.0,0.3842863247420104,23.6,1,1
2024-10-25 06:00:00,26.67645713530756,87.2059047744874,400.0,0.0,0.4475658518344752,24.11763809020504,1,1
2024-10-25 07:00:00,28.370053781044245,85.51497310947788,397.5748655473894,48.50268905221239,0.5594324783459241,25.47304840293982,1,1
2024-10-25 08:00:00,29.89532034355964,84.02746609406726,395.315,93.7,0.6736664223074048,26.70081356237309,0,1
2024-10-25 09:00:00,31.14831242724049,82.8447548731342,393.3744094602821,132.511810794359,0.7772467289049022,27.71726340186733,0,1
2024-10-25 10:00:00,32.04364069225128,82.04743926186262,391.8853419665398,156.76315532046522,0.8557112613531606,28.453128544623805,0,1
2024-10-25 11:00:00,32.520289996931425,81.68985500153428,390.9492750076714,181.0144998465714,0.8965321795897524,28.858260997238283,0,1
2024-10-25 12:00:00,32.5457774788672,81.79637086855466,390.63,187.4,0.8925963589173191,28.90505165257813,0,1
2024-10-25 13:00:00,29.998076211353315,88.7698729810778,440.0,181.0144998465714,0.47644901892855457,27.752050807568875,0,1
2024-10-25 14:00:00,29.52132034355964,89.56446609406726,440.0,162.2931606692038,0.43077350814514576,27.43421356237309,0,0
2024-10-25 15:00:00,28.9,90.6,440.0,132.511810794359,0.37436319357216025,27.02,1,0
2024-10-25 16:00:00,28.17645713530756,91.8059047744874,440.0,93.7,0.3129276494791338,26.53763809020504,1,0
2024-10-25 17:00:00,27.4,93.1,440.0,48.50268905221244,0.2518408685388409,26.02,1,0
2024-10-25 18:00:00,26.623542864692435,94.3940952255126,440.0,2.29498810160214e-14,0.19549754483805032,25.50236190979496,1,0
2024-10-25 19:00:00,25.9,95.6,440.0,0.0,0.14703128946650848,25.02,1,0
2024-10-25 20:00:00,25.27867965644036,96.63553390593272,440.0,0.0,0.10836083376492535,24.605786437626904,1,0
2024-10-25 21:00:00,24.801923788646683,97.4301270189222,440.0,0.0,0.08045230173970329,24.28794919243112,1,0
2024-10-25 22:00:00,24.5022225211328,97.92962913144534,440.0,0.0,0.06366509816618773,24.08814834742186,1,0
2024-10-25 23:00:00,24.4,98.1,440.0,0.0,0.05806994040731851,24.02,1,0
2024-10-26 00:00:00,26.102222521132795,90.02962913144535,440.0,0.0,0.3371785751709891,24.108148347421864,1,0
2024-10-26 01:00:00,24.901923788646684,84.9301270189222,400.0,0.0,0.47459834520269867,21.88794919243113,0,1
2024-10-26 02:00:00,25.37867965644036,84.13553390593275,400.0,0.0,0.5139987479234751,22.20578643762691,0,1
2024-10-26 03:00:00,26.0,83.10000000000001,400.0,0.0,0.568083331033833,22.62,0,1
2024-10-26 04:00:00,26.72354286469244,81.89409522551261,400.0,0.0,0.635140805762845,23.10236190979496,0,1
2024-10-26 05:00:00,27.5,80.60000000000001,400.0,0.0,0.71222642060259,23.62,0,1
2024-10-26 06:00:00,28.276457135307563,79.3059047744874,400.0,0.0,0.7949023449538255,24.137638090205044,0,1
2024-10-26 07:00:00,30.20868494062877,77.49565752968562,396.9782876484281,60.4342470314386,0.966363100490151,25.707816446565893,0,1
2024-10-26 08:00:00,31.804474910061632,75.89696609406727,394.1625,116.75,1.1334431617016736,27.1357135623731,0,1
2024-10-26 09:00:00,33.40026487949449,74.61877864700722,391.74452832964704,165.10943340705884,1.3056579271519362,28.32402060889593,0,1
2024-10-26 10:00:00,34.44211611454053,73.748201550718,389.8891534108167,202.2169317836664,1.4311452931942599,29.19175642468413,0,1
2024-10-26 11:00:00,35.01087360876995,73.34456319561504,388.7228159780751,217.8584658918332,1.4996512154751789,29.67978624789296,0,1
2024-10-26 12:00:00,35.06777747886721,73.43537086855467,388.325,233.5,1.499248866278544,29.75485165257814,0,1
2024-10-26 13:00:00,31.59807621135332,80.8698729810778,440.0,225.54368043849743,0.8891382448460803,27.77205080756888,0,0
2024-10-26 14:00:00,31.12132034355964,81.66446609406727,440.0,202.21693178366644,0.8294473643504823,27.45421356237309,0,0
2024-10-26 15:00:00,30.5,82.7,440.0,165.10943340705884,0.7553663224467537,27.04,0,0
2024-10-26 16:00:00,29.776457135307563,83.9059047744874,440.0,116.75,0.6741757217038601,26.55763809020504,0,0
2024-10-26 17:00:00,29.0,85.2,440.0,60.43424703143866,0.5928402848127163,26.04,0,0
2024-10-26 18:00:00,28.22354286469244,86.49409522551261,440.0,2.8595502760090695e-14,0.5171963906060488,25.52236190979496,0,0
2024-10-26 19:00:00,27.5,87.61481456572267,440.0,0.0,0.4546936232141589,25.04,1,0
2024-10-26 20:00:00,26.87867965644036,88.73553390593274,440.0,0.0,0.3987668622951369,24.625786437626907,1,0
2024-10-26 21:00:00,26.401923788646684,89.5301270189222,440.0,0.0,0.36038733725492117,24.307949192431124,1,0
2024-10-26 22:00:00,26.102222521132795,90.02962913144535,440.0,0.0,0.3371785751709891,24.108148347421864,1,0
2024-10-26 23:00:00,26.0,90.2,440.0,0.0,0.3294211032030512,24.04,1,0
2024-10-27 00:00:00,26.9022225211328,85.62962913144534,440.0,0.0,0.5094209113299857,24.028148347421865,1,0
2024-10-27 01:00:00,25.701923788646685,80.5301270189222,400.0,0.0,0.6430242416779417,21.807949192431124,0,1
2024-10-27 02:00:00,26.17867965644036,79.73553390593274,400.0,0.0,0.6884059220793133,22.125786437626907,0,1
2024-10-27 03:00:00,26.8,78.7,400.0,0.0,0.7505522732685145,22.54,0,1
2024-10-27 04:00:00,27.52354286469244,77.49409522551261,400.0,0.0,0.8273901690738384,23.02236190979496,0,1
2024-10-27 05:00:00,28.3,76.2,400.0,0.0,0.9154578066284744,23.54,0,1
2024-10-27 06:00:00,29.076457135307564,74.9059047744874,400.0,0.0,1.009638429850568,24.05763809020504,0,1
2024-10-27 07:00:00,30.84304075176316,73.17847962411842,397.3923981205921,52.15203758815793,1.194255736134927,25.47873667658684,0,1
2024-10-27 08:00:00,32.43632034355964,71.65696609406727,394.9625,100.75,1.381233146842541,26.767713562373096,0,1
2024-10-27 09:00:00,33.747716539535105,70.44505281698692,392.8758991795455,142.48201640908934,1.5501555205571662,27.83672710293249,0,1
2024-10-27 10:00:00,34.68785985611849,69.62532967992901,391.27479405687177,174.50411886256438,1.6786258366050628,28.612925792104296,0,1
2024-10-27 11:00:00,35.19268107994495,69.25365946002754,390.2682973001377,194.6340539972473,1.747264665366247,29.043412971950453,0,1
2024-10-27 12:00:00,35.2277774788672,69.35537086855466,389.925,194.6340539972473,1.7448607641718341,29.098851652578134,0,1
2024-10-27 13:00:00,32.39807621135331,76.4698729810778,440.0,194.6340539972473,1.1442192737437342,27.692050807568872,0,0
2024-10-27 14:00:00,31.921320343559643,77.26446609406726,440.0,174.5041188625644,1.0762264973779225,27.326025403784435,0,0
2024-10-27 15:00:00,31.3,78.3,440.0,142.48201640908934,0.9916670822127118,26.96,0,0
2024-10-27 16:00:00,30.576457135307564,79.50590477448739,440.0,100.75,0.8987464279857644,26.47763809020504,0,0
2024-10-27 17:00:00,29.8,80.8,440.0,52.15203758815799,0.8053694612961287,25.96,0,0
2024-10-27 18:00:00,29.05,82.0940952255126,440.0,2.4676633002819167e-14,0.7193279019163729,25.44236190979496,0,0
2024-10-27 19:00:00,28.3,83.3,440.0,0.0,0.6423590491888876,24.96,0,0
2024-10-27 20:00:00,27.67867965644036,84.33553390593273,440.0,0.0,0.5811179191758075,24.545786437626905,0,0
2024-10-27 21:00:00,27.201923788646685,85.1301270189222,440.0,0.0,0.5364745114761502,24.22794919243112,0,0
2024-10-27 22:00:00,26.9022225211328,85.62962913144534,440.0,0.0,0.5094209113299857,24.028148347421865,0,0
2024-10-27 23:00:00,26.8,85.8,440.0,0.0,0.5003681821790098,23.96,1,0
2024-10-28 00:00:00,27.302222521132794,82.72962913144535,440.0,0.0,0.626749690646084,23.848148347421866,0,0
2024-10-28 01:00:00,26.101923788646683,77.63012701892221,400.0,0.0,0.7564923015787431,21.627949192431124,0,1
2024-10-28 02:00:00,26.57867965644036,76.83553390593275,400.0,0.0,0.8056962912210304,21.945786437626907,0,1
2024-10-28 03:00:00,27.2,75.80000000000001,400.0,0.0,0.8729879692111738,22.36,0,1
2024-10-28 04:00:00,27.92354286469244,74.59409522551262,400.0,0.0,0.9560586268521574,22.84236190979496,0,1
2024-10-28 05:00:00,28.7,73.30000000000001,400.0,0.0,1.051113185287576,23.36,0,1
2024-10-28 06:00:00,29.47645713530756,72.0059047744874,400.0,0.0,1.1526010147362453,23.877638090205043,0,1
2024-10-28 07:00:00,31.617810729071607,70.0910946354642,396.455473177321,70.89053645358042,1.391674548104025,25.63602965616445,0,1
2024-10-28 08:00:00,33.56032034355964,68.39496609406727,393.1525,136.94999999999996,1.640432371669284,27.23931356237309,0,1
2024-10-28 09:00:00,35.17160715869322,67.03310750740786,392.2041477374184,193.6765473669953,1.8712770706010022,28.5782286601748,0,1
2024-10-28 10:00:00,36.34186464079836,66.09832728758909,388.1397820951721,237.2043580965577,2.0521846089551437,29.56153009831617,0,1
2024-10-28 11:00:00,36.99134167641152,65.65432916179425,386.7716458089712,264.56708382057576,2.154111166966645,30.12220750877037,0,1
2024-10-28 12:00:00,37.0757774788672,65.73137086855466,386.305,273.9,2.159184130642383,30.22205165257813,0,1
2024-10-28 13:00:00,32.79807621135332,73.56987298107781,440.0,264.56708382057576,1.3144903383483495,27.51205080756888,0,0
2024-10-28 14:00:00,32.32132034355964,74.36446609406727,440.0,237.2043580965577,1.2412197276245258,27.194213562373093,0,0
2024-10-28 15:00:00,31.7,75.4,440.0,193.6765473669953,1.1499910044024206,26.78,0,0
2024-10-28 16:00:00,30.97645713530756,76.6059047744874,440.0,136.94999999999996,1.0495934529030646,26.29763809020504,0,0
2024-10-28 17:00:00,30.2,77.9,440.0,70.8905364535805,0.948528252388906,25.78,0,0
2024-10-28 18:00:00,29.42354286469244,79.19409522551261,440.0,3.3543075828646004e-14,0.8540349120930201,25.26236190979496,0,0
2024-10-28 19:00:00,28.7,80.4,440.0,0.0,0.7716036865781456,24.78,0,0
2024-10-28 20:00:00,28.07867965644036,81.43553390593274,440.0,0.0,0.7049450366643749,24.365786437626905,0,0
2024-10-28 21:00:00,27.601923788646683,82.2301270189222,440.0,0.0,0.6562763935599707,24.047949192431123,0,0
2024-10-28 22:00:00,27.302222521132794,82.72962913144535,440.0,0.0,0.626749690646084,23.848148347421866,0,0
2024-10-28 23:00:00,27.2,82.9,440.0,0.0,0.6168633997318625,23.78,0,0
2024-10-29 00:00:00,27.0022225211328,84.72962913144535,440.0,0.0,0.5445116607908387,23.948148347421863,0,0
2024-10-29 01:00:00,25.801923788646683,79.63012701892221,400.0,0.0,0.6767443986216148,21.72794919243113,0,1
2024-10-29 02:00:00,26.27867965644036,78.83553390593275,400.0,0.0,0.7232352282275154,22.04578643762691,0,1
2024-10-29 03:00:00,26.9,77.80000000000001,400.0,0.0,0.7868738209196052,22.46,0,1
2024-10-29 04:00:00,27.623542864692435,76.59409522551262,400.0,0.0,0.8655181460307967,22.94236190979496,0,1
2024-10-29 05:00:00,28.4,75.30000000000001,400.0,0.0,0.9556093379826053,23.46,0,1
2024-10-29 06:00:00,29.17645713530756,74.0059047744874,400.0,0.0,1.051904744662552,23.97763809020504,0,1
2024-10-29 07:00:00,31.024309931925348,72.23784503403733,397.1892251701866,56.2154965962675,1.2489676275559567,25.47187893873281,0,1
2024-10-29 08:00:00,32.69332034355964,70.67846609406728,394.57,108.59999999999998,1.4497333947396727,26.82901356237309,0,1
2024-10-29 09:00:00,34.06974806882768,69.43403705234063,392.3208203563141,153.58359287371812,1.6322078597658016,27.956555479295805,0,1
2024-10-29 10:00:00,35.059791832906804,68.58936369153487,390.594964114901,188.10071770198005,1.7719648825216663,28.777664571213776,0,1
2024-10-29 11:00:00,35.59598178939971,68.20200910530015,389.51004552650073,209.79908946998563,1.8476414614087675,29.23638361045974,0,1
2024-10-29 12:00:00,35.641777478867205,68.29837086855467,389.14,217.2,1.8466895352468335,29.301451652578137,0,1
2024-10-29 13:00:00,32.498076211353315,75.56987298107781,440.0,209.79908946998563,1.1946941011205272,28.297832607475613,0,0
2024-10-29 14:00:00,32.02132034355964,76.36446609406727,440.0,188.10071770198007,1.125171223178136,27.29421356237309,0,0
2024-10-29 15:00:00,31.4,77.4,440.0,153.58359287371812,1.0386773135623448,26.88,0,0
2024-10-29 16:00:00,30.67645713530756,78.6059047744874,440.0,108.59999999999998,0.943586530138181,26.39763809020504,0,0
2024-10-29 17:00:00,29.9,79.9,440.0,56.21549659626756,0.8479764677025989,25.88,0,0
2024-10-29 18:00:00,29.123542864692435,81.19409522551261,440.0,2.6599328477480516e-14,0.7586988314422639,25.36236190979496,0,0
2024-10-29 19:00:00,28.4,82.4,440.0,0.0,0.6809200141090629,24.88,0,0
2024-10-29 20:00:00,27.77867965644036,83.43553390593274,440.0,0.0,0.6181017994025428,24.465786437626907,0,0
2024-10-29 21:00:00,27.301923788646683,84.2301270189222,440.0,0.0,0.5722859261932948,24.147949192431124,0,0
2024-10-29 22:00:00,27.0022225211328,84.72962913144535,440.0,0.0,0.5445116607908387,23.948148347421863,0,0
2024-10-29 23:00:00,26.9,84.9,440.0,0.0,0.5352159772921639,23.88,0,0
2024-10-30 00:00:00,27.4022225211328,86.72962913144535,440.0,0.0,0.484413941669434,24.748148347421864,0,0
2024-10-30 01:00:00,26.201923788646685,81.63012701892221,400.0,0.0,0.6249013526150375,22.527949192431127,0,1
2024-10-30 02:00:00,26.67867965644036,80.83553390593275,400.0,0.0,0.6705032003773981,22.84578643762691,0,1
2024-10-30 03:00:00,27.3,79.80000000000001,400.0,0.0,0.73297191689076,23.260000000000005,0,1
2024-10-30 04:00:00,28.02354286469244,78.59409522551262,400.0,0.0,0.8102381113441097,23.74236190979496,0,1
2024-10-30 05:00:00,28.8,77.30000000000001,400.0,0.0,0.898832066908017,24.260000000000005,0,1
2024-10-30 06:00:00,29.576457135307564,76.0059047744874,400.0,0.0,0.9936119487602222,24.777638090205045,0,1
2024-10-30 07:00:00,31.436215608000065,74.23189219599998,397.15946097999984,56.8107804000033,1.186717578586685,26.28259404720006,0,1
2024-10-30 08:00:00,33.11632034355964,72.66696609406728,394.5125,109.75,1.383888062662004,27.649713562373098,0,1
2024-10-30 09:00:00,34.50227498076226,71.41777359637334,392.23950307647766,155.20993847044718,1.5634009556787924,28.785829700036928,0,1
2024-10-30 10:00:00,35.49962900148089,70.79878320383442,390.49537119346576,190.09257613068428,1.687778369509779,29.613518022930457,0,1
2024-10-30 11:00:00,36.04041437740901,70.1797928112955,389.3989640564775,212.0207188704505,1.7755500096991854,30.076372939668108,0,1
2024-10-30 12:00:00,36.0877774788672,70.27537086855467,389.025,219.5,1.7744622131645773,30.142851652578138,0,1
2024-10-30 13:00:00,32.89807621135331,77.56987298107781,440.0,212.0207188704505,1.1218341333257333,28.412050807568875,0,0
2024-10-30 14:00:00,32.42132034355964,78.36446609406727,440.0,190.0925761306843,1.0534679298053287,28.094213562373096,0,0
2024-10-30 15:00:00,31.8,79.4,440.0,155.20993847044718,0.9684679939613773,27.68,0,0
2024-10-30 16:00:00,31.076457135307564,80.6059047744874,440.0,109.75,0.8750973673587555,27.197638090205043,0,0
2024-10-30 17:00:00,30.3,81.9,440.0,56.81078040000337,0.7813091942995803,26.680000000000003,0,0
2024-10-30 18:00:00,29.52354286469244,83.19409522551261,440.0,2.6880997241284403e-14,0.6938279225814326,26.16236190979496,0,0
2024-10-30 19:00:00,28.8,84.4,440.0,0.0,0.6176995702099148,25.680000000000003,0,0
2024-10-30 20:00:00,28.250961894323343,85.43553390593274,440.0,0.0,0.5586225739490158,25.265786437626907,0,0
2024-10-30 21:00:00,27.701923788646685,86.2301270189222,440.0,0.0,0.511526051886438,24.947949192431125,0,0
2024-10-30 22:00:00,27.4022225211328,86.72962913144535,440.0,0.0,0.484413941669434,24.748148347421864,1,0
2024-10-30 23:00:00,27.3,86.9,440.0,0.0,0.4753431738251958,24.680000000000003,1,0
2024-10-31 00:00:00,27.5022225211328,87.02962913144535,440.0,0.0,0.47623921936804064,24.908148347421864,1,0
2024-10-31 01:00:00,26.301923788646683,81.9301270189222,400.0,0.0,0.6183335083748593,22.687949192431123,0,1
2024-10-31 02:00:00,26.77867965644036,81.13553390593275,400.0,0.0,0.663898632901411,23.005786437626902,0,1
2024-10-31 03:00:00,27.4,80.10000000000001,400.0,0.0,0.7263236643366563,23.42,0,1
2024-10-31 04:00:00,28.123542864692435,78.89409522551261,400.0,0.0,0.8035453020420343,23.90236190979496,0,1
2024-10-31 05:00:00,28.9,77.60000000000001,400.0,0.0,0.8920995251081253,24.42,0,1
2024-10-31 06:00:00,29.67645713530756,76.3059047744874,400.0,0.0,0.9868486460255183,24.93763809020504,0,1
2024-10-31 07:00:00,31.521721741474323,74.53913912926285,397.19569564631416,56.08608707371624,1.1782692010909501,26.42954956732689,0,1
2024-10-31 08:00:00,33.18832034355964,73.1383558577547,394.46624999999995,108.34999999999998,1.365518786939351,27.784513562373093,0,1
2024-10-31 09:00:00,34.562677001015814,71.73757258624656,392.33849802584376,153.23003948312484,1.5510958813433253,28.91019151826513,0,1
2024-10-31 10:00:00,35.55113157886896,70.89369381855379,390.6166147499956,187.66770500008784,1.6870698337754764,29.72987034257972,0,1
2024-10-31 11:00:00,36.08632253113682,70.5068387344316,389.5341936721579,209.31612655684108,1.7605038912625832,30.18769027802314,0,1
2024-10-31 12:00:00,36.13177747886721,70.60337086855466,389.165,216.7,1.759119944755596,30.25245165257813,0,1
2024-10-31 13:00:00,32.998076211353315,77.8698729810778,440.0,209.31612655684108,1.1130579807414627,28.572050807568875,0,0
2024-10-31 14:00:00,32.52132034355964,78.66446609406727,440.0,187.66770500008784,1.044726961958834,28.25421356237309,0,0
2024-10-31 15:00:00,31.9,79.7,440.0,153.23003948312484,0.9597784175759241,27.84,0,0
2024-10-31 16:00:00,31.17645713530756,80.95,440.0,108.34999999999998,0.8644740999387853,27.35763809020504,0,0
2024-10-31 17:00:00,30.4,82.2,440.0,56.0860870737163,0.7727675335038795,26.84,0,0
2024-10-31 18:00:00,29.623542864692435,83.49409522551261,440.0,2.6538096137523143e-14,0.6853748974157617,26.32236190979496,0,0
2024-10-31 19:00:00,28.9,84.61481456572267,440.0,0.0,0.6127284205187172,25.84,0,0
2024-10-31 20:00:00,28.27867965644036,85.73553390593274,440.0,0.0,0.5479979575400442,25.425786437626904,0,0
2024-10-31 21:00:00,27.801923788646683,86.5301270189222,440.0,0.0,0.5033090901893066,25.10794919243112,0,0
2024-10-31 22:00:00,27.5022225211328,87.02962913144535,440.0,0.0,0.47623921936804064,24.908148347421864,1,0
2024-10-31 23:00:00,27.4,87.2,440.0,0.0,0.4671830604778494,24.84,1,0
2024-11-01 00:00:00,25.5022225211328,92.72962913144536,440.0,0.0,0.2372894208441564,24.048148347421865,1,0
2024-11-01 01:00:00,24.301923788646683,87.63012701892221,400.0,0.0,0.3758489091704469,21.827949192431124,1,1
2024-11-01 02:00:00,24.77867965644036,86.83553390593275,400.0,0.0,0.4115549250311337,22.145786437626903,1,1
2024-11-01 03:00:00,25.4,85.80000000000001,400.0,0.0,0.46065399781853184,22.56,1,1
2024-11-01 04:00:00,26.123542864692435,84.59409522551262,400.0,0.0,0.521654250372815,23.04236190979496,0,1
2024-11-01 05:00:00,26.9,83.30000000000001,400.0,0.0,0.5919276040251085,23.56,0,1
2024-11-01 06:00:00,27.67645713530756,82.0059047744874,400.0,0.0,0.6674555471178724,24.07763809020504,0,1
2024-11-01 07:00:00,29.31570178157272,80.34214910921365,397.7107455460682,45.78508907863592,0.8019106859671263,25.384131603415447,0,1
2024-11-01 08:00:00,30.79032034355964,78.87996609406727,395.5775,88.44999999999999,0.9375690650113194,26.566313562373093,0,1
2024-11-01 09:00:00,31.99982000319132,77.71900108515881,393.745640520405,125.08718959190028,1.0594006787584225,27.543620220223083,0,1
2024-11-01 10:00:00,32.861775357456544,76.93837192926,392.34000530352665,153.19989392946718,1.1510701597813542,28.249449743308546,0,1
2024-11-01 11:00:00,33.31744557341072,76.59127721329465,391.4563860664732,170.8722786705362,1.198622584639414,28.635701016069653,0,1
2024-11-01 12:00:00,33.3357774788672,76.70137086855466,391.155,176.9,1.194209713388497,28.67605165257813,0,1
2024-11-01 13:00:00,30.998076211353315,83.56987298107781,440.0,170.8722786705362,0.7380577738521956,27.712050807568875,0,0
2024-11-01 14:00:00,30.52132034355964,84.36446609406727,440.0,153.1998939294672,0.6835232637253502,27.394213562373093,0,0
2024-11-01 15:00:00,29.9,85.4,440.0,125.08718959190028,0.6159431058934298,26.98,0,0
2024-11-01 16:00:00,29.17645713530756,86.6059047744874,440.0,88.44999999999999,0.5420197239390896,26.49763809020504,0,0
2024-11-01 17:00:00,28.4,87.9,440.0,45.78508907863597,0.46813250969998094,25.98,1,0
2024-11-01 18:00:00,27.623542864692435,89.19409522551261,440.0,2.166400187691668e-14,0.39958748686332246,25.46236190979496,1,0
2024-11-01 19:00:00,26.9,90.4,440.0,0.0,0.3402697603976672,24.98,1,0
2024-11-01 20:00:00,26.27867965644036,91.43553390593274,440.0,0.0,0.29266618693139945,24.565786437626905,1,0
2024-11-01 21:00:00,25.801923788646683,92.2301270189222,440.0,0.0,0.2581370057059438,24.24794919243112,1,0
2024-11-01 22:00:00,25.5022225211328,92.72962913144536,440.0,0.0,0.2372894208441564,24.048148347421865,1,0
2024-11-01 23:00:00,25.4,92.9,440.0,0.0,0.23032699890926592,23.98,1,0
2024-11-02 00:00:00,25.2022225211328,94.12962913144534,440.0,0.0,0.18821207432017056,24.028148347421865,1,0
2024-11-02 01:00:00,24.001923788646685,89.0301270189222,400.0,0.0,0.3273697559822655,21.807949192431124,1,1
2024-11-02 02:00:00,24.47867965644036,88.23553390593274,400.0,0.0,0.3612551826583131,22.125786437626907,1,1
2024-11-02 03:00:00,25.1,87.2,400.0,0.0,0.4078970575622429,22.540000000000003,1,1
2024-11-02 04:00:00,25.82354286469244,85.99409522551261,400.0,0.0,0.46591139253909136,23.02236190979496,1,1
2024-11-02 05:00:00,26.6,84.7,400.0,0.0,0.5328260023927681,23.540000000000003,0,1
2024-11-02 06:00:00,27.376457135307565,83.4059047744874,400.0,0.0,0.6048290031831286,24.05763809020504,0,1
2024-11-02 07:00:00,28.9830905818898,81.7584547090551,397.7922735452755,44.15452909449004,0.729983771089654,25.334781523700823,0,1
2024-11-02 08:00:00,30.427320343559643,80.31146609406727,395.735,85.29999999999998,0.8560925068091924,26.489613562373098,0,1
2024-11-02 09:00:00,31.61072454876182,79.16354881237355,393.9683791564788,120.63241687042502,0.9691399891865511,27.44343431123653,0,1
2024-11-02 10:00:00,32.452656156579714,78.3929315296984,392.6128033057187,147.7439338856252,1.0539404903704177,28.1312424625194,0,1
2024-11-02 11:00:00,32.8957389192983,78.05213054035086,391.7606527017542,164.78694596491505,1.0975701944303191,28.506165027368475,0,1
2024-11-02 12:00:00,32.909777478867206,78.16437086855466,391.47,170.6,1.0928180893049861,28.542651652578137,0,1
2024-11-02 13:00:00,30.69807621135332,84.9698729810778,440.0,164.78694596491505,0.6637220330962815,27.69205080756888,0,0
2024-11-02 14:00:00,30.221320343559643,85.76446609406726,440.0,147.74393388562524,0.6117331482925266,27.374213562373097,0,0
2024-11-02 15:00:00,29.6,86.8,440.0,120.63241687042502,0.5473619778158473,26.96,0,0
2024-11-02 16:00:00,28.876457135307565,88.00590477448739,440.0,82.39347298245755,0.47702530387200726,26.477638090205044,1,0
2024-11-02 17:00:00,28.1,89.3,440.0,44.15452909449009,0.406813483663209,25.96,1,0
2024-11-02 18:00:00,27.32354286469244,90.5940952255126,440.0,2.089247439345384e-14,0.34177081680929117,25.46,1,0
2024-11-02 19:00:00,26.6,91.8,440.0,0.0,0.28556687709939227,24.96,1,0
2024-11-02 20:00:00,25.97867965644036,92.83553390593272,440.0,0.0,0.24052586034657225,24.545786437626905,1,0
2024-11-02 21:00:00,25.501923788646685,93.6301270189222,440.0,0.0,0.20789540243886998,24.22794919243113,1,0
2024-11-02 22:00:00,25.2022225211328,94.12962913144534,440.0,0.0,0.18821207432017056,24.028148347421865,1,0
2024-11-02 23:00:00,25.1,94.3,440.0,0.0,0.18164165844568647,23.96,1,0
2024-11-03 00:00:00,24.9022225211328,94.12962913144534,440.0,0.0,0.1848799864795735,23.728148347421865,1,0
2024-11-03 01:00:00,23.701923788646685,89.0301270189222,400.0,0.0,0.3215211155419007,21.507949192431123,1,1
2024-11-03 02:00:00,24.17867965644036,88.23553390593274,400.0,0.0,0.35482445045238803,21.825786437626903,1,1
2024-11-03 03:00:00,24.8,87.2,400.0,0.0,0.4006701080720679,22.24,1,1
2024-11-03 04:00:00,25.52354286469244,85.99409522551261,400.0,0.0,0.45770152928981483,22.72236190979496,1,1
2024-11-03 05:00:00,26.3,84.7,400.0,0.0,0.5234917441823076,23.24,0,1
2024-11-03 06:00:00,27.076457135307564,83.4059047744874,400.0,0.0,0.594294934535021,23.75763809020504,0,1
2024-11-03 07:00:00,28.80835899971942,81.69582050014029,397.4791025007015,50.41794998597104,0.7251253139119015,25.14752309974748,0,1
2024-11-03 08:00:00,30.369320343559643,80.19046609406726,395.13,97.4,0.8585015474970887,26.40741356237309,0,1
2024-11-03 09:00:00,31.652964230856107,78.9924289713264,393.112779951243,137.74440097513948,0.979440522908389,27.45145002512139,0,1
2024-11-03 10:00:00,32.57181245201138,78.18335338198257,391.5649125671396,168.70174865720864,1.0713254547437583,28.20848312840789,0,1
2024-11-03 11:00:00,33.06324701922221,77.8183764903889,390.59188245194446,188.1623509611105,1.1197328775079183,28.62692231729999,0,1
2024-11-03 12:00:00,33.0937774788672,77.92237086855467,390.26,194.8,1.1163923008871601,28.678251652578137,0,1
2024-11-03 13:00:00,30.39807621135332,84.9698729810778,440.0,188.1623509611105,0.652444744255678,27.392050807568875,0,0
2024-11-03 14:00:00,29.921320343559643,85.76446609406726,440.0,168.70174865720867,0.6013024193241324,27.074213562373096,0,0
2024-11-03 15:00:00,29.3,86.8,440.0,137.74440097513948,0.5379856951604499,26.66,0,0
2024-11-03 16:00:00,28.576457135307564,88.00590477448739,440.0,97.4,0.46880976037423494,26.177638090205043,1,0
2024-11-03 17:00:00,27.8,89.3,440.0,50.4179499859711,0.39976643866102096,25.66,1,0
2024-11-03 18:00:00,27.02354286469244,90.5940952255126,440.0,2.3856119647390443e-14,0.3358159677955703,25.14236190979496,1,0
2024-11-03 19:00:00,26.3,91.8,440.0,0.0,0.28056420276437416,24.66,1,0
2024-11-03 20:00:00,25.67867965644036,92.83553390593272,440.0,0.0,0.23629248624257373,24.245786437626904,1,0
2024-11-03 21:00:00,25.201923788646685,93.6301270189222,440.0,0.0,0.20422316301275026,23.927949192431125,1,0
2024-11-03 22:00:00,24.9022225211328,94.12962913144534,440.0,0.0,0.1848799864795735,23.728148347421865,1,0
2024-11-03 23:00:00,24.8,94.3,440.0,0.0,0.17842340750084287,23.66,1,0
2024-11-04 00:00:00,25.602222521132795,90.62962913144534,440.0,0.0,0.30764837275742235,23.728148347421865,1,0
2024-11-04 01:00:00,24.401923788646684,85.5301270189222,400.0,0.0,0.44229547128065083,21.507949192431123,1,1
2024-11-04 02:00:00,24.87867965644036,84.73553390593274,400.0,0.0,0.4800610196000042,21.825786437626903,0,1
2024-11-04 03:00:00,25.5,83.7,400.0,0.0,0.5319271289498908,22.24,0,1
2024-11-04 04:00:00,26.22354286469244,82.49409522551261,400.0,0.0,0.5962714271349012,22.72236190979496,0,1
2024-11-04 05:00:00,27.0,81.2,400.0,0.0,0.6702839530524388,23.24,0,1
2024-11-04 06:00:00,27.776457135307563,79.9059047744874,400.0,0.0,0.7497124554140223,23.75763809020504,0,1
2024-11-04 07:00:00,29.43640730518092,78.23179634740954,397.6589817370477,46.82036525904601,0.8941974691256201,25.08276657466283,0,1
2024-11-04 08:00:00,30.930320343559643,76.75996609406727,395.4775,90.45,1.039945301017559,26.282313562373098,0,1
2024-11-04 09:00:00,32.15638854568625,75.59071681391134,393.60421916416766,127.91561671664644,1.1709027331679265,27.27453190846852,0,1
2024-11-04 10:00:00,33.031057389759304,74.80373091310861,392.1668002227698,156.66399554460494,1.2696191468621596,27.991803572381027,0,1
2024-11-04 11:00:00,33.494719639513846,74.45264018024308,391.2632009012154,174.73598197569245,1.3211625752278755,28.38524767556246,0,1
2024-11-04 12:00:00,33.51577747886721,74.56137086855466,390.955,180.9,1.3170886413240337,28.42805165257814,0,1
2024-11-04 13:00:00,31.09807621135332,81.4698729810778,440.0,174.73598197569245,0.8371425757664486,27.392050807568875,0,0
2024-11-04 14:00:00,30.62132034355964,82.26446609406726,440.0,156.66399554460497,0.7797677204091076,27.07421356237309,0,0
2024-11-04 15:00:00,30.0,83.3,440.0,127.91561671664644,0.7085918648127554,26.66,0,0
2024-11-04 16:00:00,29.276457135307563,84.50590477448739,440.0,90.45,0.6306282553210913,26.17763809020504,0,0
2024-11-04 17:00:00,28.5,85.8,440.0,46.820365259046056,0.5525758934283007,25.66,0,0
2024-11-04 18:00:00,27.72354286469244,87.0940952255126,440.0,2.2153860596575622e-14,0.480036377712808,25.14236190979496,0,0
2024-11-04 19:00:00,27.0,88.3,440.0,0.0,0.4171448005698689,24.66,1,0
2024-11-04 20:00:00,26.37867965644036,89.33553390593273,440.0,0.0,0.3665829416804444,24.245786437626904,1,0
2024-11-04 21:00:00,25.901923788646684,90.1301270189222,440.0,0.0,0.32985120828921716,23.92794919243112,1,0
2024-11-04 22:00:00,25.602222521132795,90.62962913144534,440.0,0.0,0.30764837275742235,23.728148347421865,1,0
2024-11-04 23:00:00,25.5,90.8,440.0,0.0,0.30022880897785287,23.66,1,0
2024-11-05 00:00:00,25.9022225211328,84.12962913144534,440.0,0.0,0.5303972533443984,22.728148347421865,0,0
2024-11-05 01:00:00,24.701923788646685,79.0301270189222,400.0,0.0,0.6525755918705172,20.507949192431127,0,1
2024-11-05 02:00:00,25.17867965644036,78.23553390593274,400.0,0.0,0.6968219386338383,20.825786437626903,0,1
2024-11-05 03:00:00,25.8,77.2,400.0,0.0,0.7573937764634208,21.24,0,1
2024-11-05 04:00:00,26.52354286469244,75.99409522551261,400.0,0.0,0.8322571631483741,21.72236190979496,0,1
2024-11-05 05:00:00,27.3,74.7,400.0,0.0,0.9180291830364476,22.24,0,1
2024-11-05 06:00:00,28.076457135307564,73.4059047744874,400.0,0.0,1.009722059947054,22.75763809020504,0,1
2024-11-05 07:00:00,29.97866193139688,71.61066903430157,397.05334517150783,58.93309656984397,1.203104279625862,24.3007957382572,0,1
2024-11-05 08:00:00,31.698320343559644,70.02596609406727,394.3075,113.84999999999998,1.4010809130601691,25.703513562373097,0,1
2024-11-05 09:00:00,33.11824049287685,68.75979084031604,391.9495892961912,161.00821407617687,1.5818809308361368,26.87019866094006,0,1
2024-11-05 10:00:00,34.14165716770154,67.8984310241375,390.14030077791415,197.19398444171665,1.721080260898969,27.72134337252904,0,1
2024-11-05 11:00:00,34.698826212920416,67.50058689353979,389.0029344676989,219.94131064602084,1.797139030188911,28.19894359162837,0,1
2024-11-05 12:00:00,34.751777478867204,67.59337086855466,388.615,227.7,1.7972711966339074,28.27045165257813,0,1
2024-11-05 13:00:00,31.39807621135332,74.9698729810778,440.0,219.94131064602084,1.1502383313061262,26.39205080756888,0,0
2024-11-05 14:00:00,30.921320343559643,75.76446609406726,440.0,197.19398444171668,1.0839361106216905,26.074213562373096,0,0
2024-11-05 15:00:00,30.3,76.8,440.0,155.52199222085832,1.0014570888259817,25.66,0,0
2024-11-05 16:00:00,29.576457135307564,78.00590477448739,440.0,113.84999999999998,0.910790576299908,25.177638090205043,0,0
2024-11-05 17:00:00,28.8,79.3,440.0,58.93309656984403,0.8196398143170031,24.66,0,0
2024-11-05 18:00:00,28.02354286469244,80.5940952255126,440.0,2.7885207616585232e-14,0.7345358114525594,24.14236190979496,0,0
2024-11-05 19:00:00,27.3,81.8,440.0,0.0,0.6604004399708835,23.66,0,0
2024-11-05 20:00:00,26.67867965644036,82.83553390593273,440.0,0.0,0.6005296151925791,23.245786437626904,0,0
2024-11-05 21:00:00,26.201923788646685,83.6301270189222,440.0,0.0,0.5568658955099476,22.927949192431125,0,0
2024-11-05 22:00:00,25.9022225211328,83.96506350946109,440.0,0.0,0.5358971345140503,22.728148347421865,0,0
2024-11-05 23:00:00,25.8,84.3,440.0,0.0,0.521538696950689,22.66,0,0
2024-11-06 00:00:00,26.7022225211328,83.02962913144535,440.0,0.0,0.5945614086081535,23.308148347421863,0,0
2024-11-06 01:00:00,25.501923788646685,77.9301270189222,400.0,0.0,0.7203008817923975,21.087949192431125,0,1
2024-11-06 02:00:00,25.97867965644036,77.13553390593275,400.0,0.0,0.7676071470551804,21.405786437626908,0,1
2024-11-06 03:00:00,26.6,76.10000000000001,400.0,0.0,0.8323229710579836,21.820000000000004,0,1
2024-11-06 04:00:00,27.32354286469244,74.89409522551261,400.0,0.0,0.9122424463392951,22.30236190979496,0,1
2024-11-06 05:00:00,28.1,73.60000000000001,400.0,0.0,1.0037267260475435,22.820000000000004,0,1
2024-11-06 06:00:00,28.876457135307565,72.3059047744874,400.0,0.0,1.101440662427777,23.337638090205047,0,1
2024-11-06 07:00:00,30.88270718752809,70.45864640623596,396.7932320311797,64.13535937640464,1.318335913949266,24.974436468775288,0,1
2024-11-06 08:00:00,32.69932034355964,68.82546609406727,393.805,123.9,1.5418705619222879,26.464413562373096,0,1
2024-11-06 09:00:00,34.20249741891385,67.51766237729754,391.23894698109865,175.2210603780265,1.7473964782394422,27.70602989437336,0,1
2024-11-06 10:00:00,35.289799380022885,66.62435991797682,389.2699452471108,214.6010950577839,1.9068737624263892,28.61467136361825,0,1
2024-11-06 11:00:00,35.887128395088624,66.2064358024557,388.0321790122785,239.3564197544312,1.9952748159424238,29.128415555579764,0,1
2024-11-06 12:00:00,35.95377747886721,66.29237086855467,387.61,247.8,1.997496355780015,29.212251652578143,0,1
2024-11-06 13:00:00,32.19807621135332,73.8698729810778,440.0,239.3564197544312,1.2564032426314724,26.97205080756888,0,0
2024-11-06 14:00:00,31.721320343559643,74.66446609406727,440.0,214.6010950577839,1.1858063097433311,26.65421356237309,0,0
2024-11-06 15:00:00,31.1,75.7,440.0,175.2210603780265,1.0979304691670995,26.24,0,0
2024-11-06 16:00:00,30.376457135307565,76.9059047744874,440.0,123.9,1.0012558371608533,25.75763809020504,0,0
2024-11-06 17:00:00,29.6,78.2,440.0,64.13535937640471,0.9039765997261718,25.24,0,0
2024-11-06 18:00:00,28.82354286469244,79.49409522551261,440.0,3.034674768287141e-14,0.8130613980933027,24.72236190979496,0,0
2024-11-06 19:00:00,28.1,80.7,440.0,0.0,0.7337850686635452,24.24,0,0
2024-11-06 20:00:00,27.47867965644036,81.73553390593274,440.0,0.0,0.6697028073058378,23.825786437626903,0,0
2024-11-06 21:00:00,27.001923788646685,82.5301270189222,440.0,0.0,0.6229307016518096,23.507949192431127,0,0
2024-11-06 22:00:00,26.7022225211328,83.02962913144535,440.0,0.0,0.5945614086081535,23.308148347421863,0,0
2024-11-06 23:00:00,26.6,83.2,440.0,0.0,0.5850638457646078,23.24,0,0
2024-11-07 00:00:00,26.2022225211328,86.82962913144534,440.0,0.0,0.4480340008610656,23.568148347421864,0,0
2024-11-07 01:00:00,25.001923788646685,81.7301270189222,400.0,0.0,0.5788152880998848,21.347949192431127,0,1
2024-11-07 02:00:00,25.47867965644036,80.93553390593274,400.0,0.0,0.6213548631187693,21.66578643762691,0,1
2024-11-07 03:00:00,26.1,79.9,400.0,0.0,0.6796537241810656,22.08,0,1
2024-11-07 04:00:00,26.82354286469244,78.69409522551261,400.0,0.0,0.7517994845826458,22.56236190979496,0,1
2024-11-07 05:00:00,27.6,77.4,400.0,0.0,0.8345687230260608,23.08,0,1
2024-11-07 06:00:00,28.376457135307565,76.1059047744874,400.0,0.0,0.9231673333851452,23.597638090205045,0,1
2024-11-07 07:00:00,29.92459747769664,74.48770126115168,397.9385063057584,41.22987388483156,1.0778304873808149,24.82213772992697,0,1
2024-11-07 08:00:00,31.314320343559643,73.06796609406727,396.0175,79.64999999999999,1.2317670276154598,25.9279135623731,0,1
2024-11-07 09:00:00,32.45091841621366,71.94345187864764,394.3678944878491,112.64211024301704,1.3683965633748758,26.83960879194319,0,1
2024-11-07 10:00:00,33.25693441532443,71.19079240032605,393.10210765885694,137.9578468228611,1.4701617169673051,27.49509289538964,0,1
2024-11-07 11:00:00,33.67743968255697,70.86128015872151,389.3047862884143,153.8719841278486,1.522343223416055,27.84969571430128,0,1
2024-11-07 12:00:00,33.683777478867206,70.97737086855466,392.035,159.3,1.5168145241697937,27.879251652578137,0,1
2024-11-07 13:00:00,31.69807621135332,77.6698729810778,440.0,153.8719841278486,1.0437661567084957,27.23205080756888,0,0
2024-11-07 14:00:00,31.221320343559643,78.46446609406726,440.0,137.9578468228611,0.9797612098561732,26.914213562373096,0,0
2024-11-07 15:00:00,30.6,79.5,440.0,112.64211024301704,0.9002148490769429,26.46592582628907,0,0
2024-11-07 16:00:00,29.876457135307565,80.7059047744874,440.0,79.64999999999999,0.8128777069655405,26.017638090205043,0,0
2024-11-07 17:00:00,29.1,82.0,440.0,41.2298738848316,0.725199196186648,25.5,0,0
2024-11-07 18:00:00,28.32354286469244,83.2940952255126,440.0,1.9508623510417343e-14,0.643465567303392,24.98236190979496,0,0
2024-11-07 19:00:00,27.6,84.5,440.0,0.0,0.5723812038453073,24.5,0,0
2024-11-07 20:00:00,26.97867965644036,85.53553390593274,440.0,0.0,0.5150627222178491,24.085786437626908,0,0
2024-11-07 21:00:00,26.501923788646685,86.3301270189222,440.0,0.0,0.4733158802502944,23.826967392524388,0,0
2024-11-07 22:00:00,26.2022225211328,86.82962913144534,440.0,0.0,0.4480340008610656,23.568148347421864,1,0
2024-11-07 23:00:00,26.1,87.0,440.0,0.0,0.43957703553999283,23.5,1,0
2024-11-08 00:00:00,24.9022225211328,95.82962913144534,440.0,0.0,0.13134061323505825,24.068148347421864,1,0
2024-11-08 01:00:00,23.701923788646685,90.7301270189222,400.0,0.0,0.27169502390309586,21.847949192431127,1,1
2024-11-08 02:00:00,24.17867965644036,89.93553390593274,400.0,0.0,0.3035512723118815,22.165786437626902,1,1
2024-11-08 03:00:00,24.8,88.9,400.0,0.0,0.3474561093437463,22.58,1,1
2024-11-08 04:00:00,25.52354286469244,87.69409522551261,400.0,0.0,0.40214691769413774,23.06236190979496,1,1
2024-11-08 05:00:00,26.3,86.4,400.0,0.0,0.4653259948287174,23.58,1,1
2024-11-08 06:00:00,27.076457135307564,85.1059047744874,400.0,0.0,0.5334117483787642,24.097638090205045,1,1
2024-11-08 07:00:00,28.38855450856313,83.60572274571844,398.5286137285922,29.42772542815661,0.6338509441874672,25.10969905770682,0,1
2024-11-08 08:00:00,29.558320343559643,82.29596609406727,397.1575,56.85,0.7323714464388583,26.017513562373097,0,1
2024-11-08 09:00:00,30.506037031771527,81.2658925708687,395.9800979489545,80.39804102091045,0.8182656878171529,26.759215545945267,0,1
2024-11-08 10:00:00,31.167119247073018,80.58569998445175,395.07664557948544,98.46708841029069,0.8805381169825861,27.28425924396337,0,1
2024-11-08 11:00:00,31.496515328981346,80.30174233550933,394.5087116775466,109.82576644906707,0.9102871050328338,27.55686379608321,0,1
2024-11-08 12:00:00,31.471777478867207,80.43337086855466,394.315,113.7,0.9029363827515247,27.55845165257814,0,1
2024-11-08 13:00:00,30.39807621135332,86.6698729810778,440.0,109.82576644906707,0.5786492225120308,27.73205080756888,0,0
2024-11-08 14:00:00,29.921320343559643,87.46446609406726,440.0,98.46708841029069,0.5294951994751451,27.414213562373096,0,0
2024-11-08 15:00:00,29.3,88.58518543427732,440.0,80.39804102091045,0.4652277991869653,27.0,1,0
2024-11-08 16:00:00,28.576457135307564,89.7059047744874,440.0,56.85,0.4023623479057269,26.517638090205043,1,0
2024-11-08 17:00:00,27.8,91.0,440.0,29.42772542815664,0.3362521446681484,26.0,1,0
2024-11-08 18:00:00,27.02354286469244,92.2940952255126,440.0,1.3924234106305408e-14,0.2751214191115409,25.48236190979496,1,0
2024-11-08 19:00:00,26.3,93.5,440.0,0.0,0.22239845341078404,25.0,1,0
2024-11-08 20:00:00,25.67867965644036,94.53553390593274,440.0,0.0,0.1802244943869051,24.633974596215563,1,0
2024-11-08 21:00:00,25.201923788646685,95.3301270189222,440.0,0.0,0.14971981920150024,24.267949192431125,1,0
2024-11-08 22:00:00,24.9022225211328,95.82962913144534,440.0,0.0,0.13134061323505825,24.068148347421864,1,0
2024-11-08 23:00:00,24.8,96.0,440.0,0.0,0.12520940877252132,24.0,1,0
2024-11-09 00:00:00,25.5022225211328,88.92962913144534,440.0,0.0,0.36131332767231805,23.28814834742186,1,0
2024-11-09 01:00:00,24.301923788646683,83.8301270189222,400.0,0.0,0.4913089350763283,21.06794919243112,0,1
2024-11-09 02:00:00,24.77867965644036,83.03553390593274,400.0,0.0,0.5303526570426971,21.385786437626905,0,1
2024-11-09 03:00:00,25.4,82.0,400.0,0.0,0.583927602868562,21.8,0,1
2024-11-09 04:00:00,26.123542864692435,80.7940952255126,400.0,0.0,0.6503247945851501,22.28236190979496,0,1
2024-11-09 05:00:00,26.9,79.5,400.0,0.0,0.7266177175158519,22.8,0,1
2024-11-09 06:00:00,27.67645713530756,78.2059047744874,400.0,0.0,0.808409068106904,23.31763809020504,0,1
2024-11-09 07:00:00,29.66303694010029,76.36848152994985,396.8424076497493,63.15184700501506,0.9834831462510334,24.936733246090267,0,1
2024-11-09 08:00:00,31.46132034355964,74.74446609406726,393.9,122.0,1.1647696328685864,26.41021356237309,0,1
2024-11-09 09:00:00,32.74265089644745,73.44453243498262,391.3732972695241,172.5340546095176,1.316617512008874,27.637663790540188,0,1
2024-11-09 10:00:00,34.02398144933527,72.55726888332063,389.43449007382986,211.31019852340305,1.4617005526613227,28.5354352259994,0,1
2024-11-09 11:00:00,34.61371803229065,72.14314098385468,388.2157049192734,235.68590161453267,1.5331696771308108,29.042346229061582,0,1
2024-11-09 12:00:00,34.677777478867206,72.23037086855466,387.8,244.0,1.5338038742609883,29.12385165257814,0,1
2024-11-09 13:00:00,30.998076211353315,79.7698729810778,440.0,235.68590161453267,0.9087575826490686,26.95205080756888,0,0
2024-11-09 14:00:00,30.52132034355964,80.56446609406726,440.0,211.31019852340305,0.8496441277638204,26.63421356237309,0,0
2024-11-09 15:00:00,29.9,81.6,440.0,172.5340546095176,0.7762570649615834,26.22,0,0
2024-11-09 16:00:00,29.17645713530756,82.80590477448739,440.0,122.0,0.6957945714588644,25.73763809020504,0,0
2024-11-09 17:00:00,28.4,84.1,440.0,61.00000000000001,0.6151493309280742,25.22,0,0
2024-11-09 18:00:00,27.623542864692435,85.3940952255126,440.0,2.988138189919542e-14,0.5401062570884343,24.70236190979496,0,0
2024-11-09 19:00:00,26.9,86.6,440.0,0.0,0.47495987388841066,24.22,0,0
2024-11-09 20:00:00,26.27867965644036,87.63553390593273,440.0,0.0,0.42252034224292706,23.805786437626903,1,0
2024-11-09 21:00:00,25.801923788646683,88.43012701892219,440.0,0.0,0.3843836797598769,23.48794919243112,1,0
2024-11-09 22:00:00,25.5022225211328,88.92962913144534,440.0,0.0,0.36131332767231805,23.28814834742186,1,0
2024-11-09 23:00:00,25.4,89.1,440.0,0.0,0.3536006039592961,23.22,1,0
2024-11-10 00:00:00,26.2022225211328,80.02962913144535,440.0,0.0,0.6793586337253782,22.208148347421865,0,0
2024-11-10 01:00:00,25.001923788646685,74.9301270189222,400.0,0.0,0.7942488580626148,19.987949192431127,0,1
2024-11-10 02:00:00,25.47867965644036,74.13553390593275,400.0,0.0,0.8429825262465864,20.305786437626907,0,1
2024-11-10 03:00:00,26.1,73.10000000000001,400.0,0.0,0.9095863273866002,20.72,0,1
2024-11-10 04:00:00,26.82354286469244,71.89409522551261,400.0,0.0,0.9917440703335222,21.20236190979496,0,1
2024-11-10 05:00:00,27.6,70.60000000000001,400.0,0.0,1.0856778963259373,21.72,0,1
2024-11-10 06:00:00,28.376457135307565,69.3059047744874,400.0,0.0,1.185890730432472,22.23763809020505,0,1
2024-11-10 07:00:00,30.398236330234244,67.45088183488289,396.7544091744144,64.9118165117122,1.4129418539643226,23.888412697210825,0,1
2024-11-10 08:00:00,32.22932034355964,65.81046609406727,393.73,125.4,1.6468205259825148,25.391413562373096,0,1
2024-11-10 09:00:00,33.74492382578504,64.49644917386195,391.1328809639207,177.34238072158615,1.8618694114653909,26.644213660557423,0,1
2024-11-10 10:00:00,34.84176090424995,63.59837915586328,389.14004143654313,217.1991712691372,2.0289140265713974,27.56143673542261,0,1
2024-11-10 11:00:00,35.44508394466597,63.177458027667015,387.8872901383351,242.2541972332984,2.1218929928700745,28.08057555019937,0,1
2024-11-10 12:00:00,35.513777478867205,63.262370868554655,387.46,250.8,2.1250245405467214,28.166251652578136,0,1
2024-11-10 13:00:00,31.69807621135332,70.8698729810778,440.0,242.2541972332984,1.3616152159459718,25.87205080756888,0,0
2024-11-10 14:00:00,31.221320343559643,71.66446609406727,440.0,217.1991712691372,1.2891278713061864,25.554213562373096,0,0
2024-11-10 15:00:00,30.6,72.7,440.0,177.34238072158615,1.1988227014536852,25.14,0,0
2024-11-10 16:00:00,29.876457135307565,73.9059047744874,440.0,125.4,1.0993678658850716,24.657638090205044,0,0
2024-11-10 17:00:00,29.1,75.2,440.0,64.91181651171227,0.9991633369682703,24.14,0,0
2024-11-10 18:00:00,28.32354286469244,76.49409522551261,440.0,3.0714141722615624e-14,0.9053828903534589,23.62236190979496,0,0
2024-11-10 19:00:00,27.6,77.7,440.0,0.0,0.8234903771451838,23.14,0,0
2024-11-10 20:00:00,26.97867965644036,78.73553390593274,440.0,0.0,0.7572027699945123,22.72578643762691,0,0
2024-11-10 21:00:00,26.501923788646685,79.5301270189222,440.0,0.0,0.7087641532633062,22.40794919243113,0,0
2024-11-10 22:00:00,26.2022225211328,80.02962913144535,440.0,0.0,0.6793586337253782,22.208148347421865,0,0
2024-11-10 23:00:00,26.1,80.2,440.0,0.0,0.6695096387455274,22.14,0,0
2024-11-11 00:00:00,26.4022225211328,78.52962913144535,440.0,0.0,0.7390525201837878,22.108148347421867,0,0
2024-11-11 01:00:00,25.201923788646685,73.4301270189222,400.0,0.0,0.8518511306523081,19.88794919243113,0,1
2024-11-11 02:00:00,25.67867965644036,72.63553390593275,400.0,0.0,0.9025121541746307,20.20578643762691,0,1
2024-11-11 03:00:00,26.3,71.60000000000001,400.0,0.0,0.9717101656717338,20.620000000000005,0,1
2024-11-11 04:00:00,27.02354286469244,70.39409522551261,400.0,0.0,1.0570100168646253,21.10236190979496,0,1
2024-11-11 05:00:00,27.8,69.10000000000001,400.0,0.0,1.1544656966939764,21.620000000000005,0,1
2024-11-11 06:00:00,28.576457135307564,67.8059047744874,400.0,0.0,1.2583613673529768,22.137638090205044,0,1
2024-11-11 07:00:00,30.57804844471625,65.96097577764189,396.8048788882094,63.90242223581237,1.4928803391325447,23.770243600244623,0,1
2024-11-11 08:00:00,32.390320343559644,64.32996609406727,393.8275,123.45,1.73379890633632,25.25631356237309,0,1
2024-11-11 09:00:00,33.88976949685249,63.02402633832822,391.27076678625207,174.5846642749586,1.9548087938274534,26.49457476451813,0,1
2024-11-11 10:00:00,34.974210922754764,62.13215414661088,389.3089163902811,213.8216721943779,2.1261552371733625,27.40064175207694,0,1
2024-11-11 11:00:00,35.56974173021542,61.71512913489229,388.07564567446144,238.48708651077092,2.2213553247608835,27.91276755719388,0,1
2024-11-11 12:00:00,35.635777478867205,61.801370868554656,387.655,246.9,2.2244197135795423,27.99605165257813,0,1
2024-11-11 13:00:00,31.89807621135332,69.3698729810778,440.0,238.48708651077092,1.4480264387654396,25.77205080756888,0,0
2024-11-11 14:00:00,31.421320343559643,70.16446609406727,440.0,213.82167219437792,1.3728767567902207,25.45421356237309,0,0
2024-11-11 15:00:00,30.8,71.2,440.0,174.5846642749586,1.2792070365237485,25.04,0,0
2024-11-11 16:00:00,30.076457135307564,72.4059047744874,440.0,123.45,1.175979806274808,24.55763809020504,0,0
2024-11-11 17:00:00,29.3,73.7,440.0,63.90242223581244,1.0718957411151389,24.04,0,0
2024-11-11 18:00:00,28.52354286469244,74.99409522551261,440.0,3.0236529470948155e-14,0.9744043294044021,23.52236190979496,0,0
2024-11-11 19:00:00,27.8,76.2,440.0,0.0,0.889200115900215,23.04,0,0
2024-11-11 20:00:00,27.17867965644036,77.23553390593274,440.0,0.0,0.820177632172044,22.625786437626907,0,0
2024-11-11 21:00:00,26.701923788646685,78.0301270189222,440.0,0.0,0.7697067602648232,22.307949192431124,0,0
2024-11-11 22:00:00,26.4022225211328,78.52962913144535,440.0,0.0,0.7390525201837878,22.108148347421867,0,0
2024-11-11 23:00:00,26.3,78.7,440.0,0.0,0.7287826242538005,22.04,0,0
2024-11-12 00:00:00,27.0022225211328,82.52962913144535,440.0,0.0,0.6229593726408934,23.508148347421866,0,0
2024-11-12 01:00:00,25.801923788646683,77.4301270189222,400.0,0.0,0.7498345783370499,21.287949192431125,0,1
2024-11-12 02:00:00,26.27867965644036,76.5150635094611,400.0,0.0,0.8025306817167867,21.605786437626904,0,1
2024-11-12 03:00:00,26.9,75.60000000000001,400.0,0.0,0.864852307677404,22.02,0,1
2024-11-12 04:00:00,27.623542864692435,74.39409522551261,400.0,0.0,0.9468711182663875,22.50236190979496,0,1
2024-11-12 05:00:00,28.4,73.10000000000001,400.0,0.0,1.0407243397462382,23.02,0,1
2024-11-12 06:00:00,29.17645713530756,71.8059047744874,400.0,0.0,1.1409322879634742,23.537638090205043,0,1
2024-11-12 07:00:00,30.971510846724435,70.06424457663779,397.3212228831889,53.575542336221794,1.342711664687403,24.984359762051994,0,1
2024-11-12 08:00:00,32.59132034355964,68.52946609406727,394.825,103.5,1.5470851951999638,26.29721356237309,0,1
2024-11-12 09:00:00,33.92549828546562,67.30616194402165,392.6814448147192,146.37110370561535,1.7318693243300363,27.386730674269952,0,1
2024-11-12 10:00:00,34.88312265053478,66.47769828272088,391.03663707083103,179.26725858337878,1.872710279310177,28.178662307078955,0,1
2024-11-12 11:00:00,35.39893292083674,66.10053353958163,390.0026676979081,199.9466460418372,1.9484901010648092,28.619039628753068,0,1
2024-11-12 12:00:00,35.437777478867204,66.20037086855467,389.65,207.0,1.9469142883640578,28.677851652578138,0,1
2024-11-12 13:00:00,32.498076211353315,73.3698729810778,440.0,199.9466460418372,1.3022795844227393,27.17205080756888,0,0
2024-11-12 14:00:00,32.02132034355964,74.16446609406727,440.0,179.2672585833788,1.2299023750464912,26.85421356237309,0,0
2024-11-12 15:00:00,31.4,75.28518543427734,440.0,146.37110370561535,1.1358724424033775,26.44,0,0
2024-11-12 16:00:00,30.67645713530756,76.4059047744874,440.0,103.5,1.0406175260472057,25.95763809020504,0,0
2024-11-12 17:00:00,29.9,77.7,440.0,53.57554233622185,0.9407898124262666,25.44,0,0
2024-11-12 18:00:00,29.123542864692435,78.99409522551261,440.0,2.535018874235021e-14,0.8474548604229796,24.92236190979496,0,0
2024-11-12 19:00:00,28.4,80.2,440.0,0.0,0.7660350158726958,24.44,0,0
2024-11-12 20:00:00,27.77867965644036,81.23553390593274,440.0,0.0,0.7001946329996747,24.025786437626905,0,0
2024-11-12 21:00:00,27.301923788646683,82.0301270189222,440.0,0.0,0.6521235405568317,23.707949192431123,0,0
2024-11-12 22:00:00,27.0022225211328,82.52962913144535,440.0,0.0,0.6229593726408934,23.508148347421866,0,0
2024-11-12 23:00:00,26.9,82.7,440.0,0.0,0.6131944640499627,23.44,0,0
2024-11-13 00:00:00,25.9022225211328,90.02962913144535,440.0,0.0,0.33321573687886996,23.908148347421864,0,0
2024-11-13 01:00:00,24.701923788646685,84.9301270189222,400.0,0.0,0.4689695206506158,21.687949192431127,0,1
2024-11-13 02:00:00,25.17867965644036,84.13553390593275,400.0,0.0,0.5079246130495306,22.00578643762691,0,1
2024-11-13 03:00:00,25.8,83.10000000000001,400.0,0.0,0.5614015272908687,22.42,0,1
2024-11-13 04:00:00,26.52354286469244,81.89409522551261,400.0,0.0,0.6277109355138331,22.90236190979496,0,1
2024-11-13 05:00:00,27.300000000000004,80.60000000000001,400.0,0.0,0.7039433261228096,23.42,0,1
2024-11-13 06:00:00,28.076457135307564,79.3059047744874,400.0,0.0,0.7857114251361909,23.937638090205045,0,1
2024-11-13 07:00:00,29.576457135307564,77.71177143234623,398.0588571617311,38.82285676537811,0.9229708398411435,25.118811421776808,0,1
2024-11-13 08:00:00,30.921320343559643,76.31446609406727,396.25,74.99999999999999,1.0593373184863129,26.18421356237309,0,1
2024-11-13 09:00:00,32.01939655491296,75.209212809298,394.6966991411009,106.06601717798212,1.1800388644005604,27.06123911677256,0,1
2024-11-13 10:00:00,32.795853690220525,74.471332762878,393.5048094716167,129.9038105676658,1.2694981367106062,27.690120242796127,0,1
2024-11-13 11:00:00,33.1977774788672,74.15111126056641,392.755556302832,144.88887394336024,1.3147313388637227,28.027999730980483,0,1
2024-11-13 12:00:00,33.19777747886721,74.27037086855466,388.925,150.0,1.3086655328763435,28.051851652578144,0,1
2024-11-13 13:00:00,31.39807621135332,80.8698729810778,440.0,144.88887394336024,0.8791088180768972,27.57205080756888,0,0
2024-11-13 14:00:00,30.921320343559643,81.66446609406727,440.0,129.9038105676658,0.8200581586240058,27.254213562373096,0,0
2024-11-13 15:00:00,30.3,82.7,440.0,106.06601717798212,0.7467761912366154,26.84,0,0
2024-11-13 16:00:00,29.576457135307564,83.9059047744874,440.0,74.99999999999999,0.6664675275419786,26.357638090205043,0,0
2024-11-13 17:00:00,28.8,85.2,440.0,38.82285676537816,0.5860226691735093,25.84,0,0
2024-11-13 18:00:00,28.02354286469244,86.49409522551261,440.0,1.836970198721029e-14,0.5112140267724848,25.32236190979496,0,0
2024-11-13 19:00:00,27.3,87.7,440.0,9.184850993605146e-15,0.4463145830572453,24.84,1,0
2024-11-13 20:00:00,26.67867965644036,88.73553390593274,440.0,0.0,0.394107538897362,24.425786437626908,1,0
2024-11-13 21:00:00,26.201923788646685,89.5301270189222,440.0,0.0,0.3561612970499311,24.107949192431125,1,0
2024-11-13 22:00:00,25.9022225211328,90.02962913144535,440.0,0.0,0.33321573687886996,23.908148347421864,1,0
2024-11-13 23:00:00,25.8,90.2,440.0,0.0,0.3255464477781369,23.84,1,0
2024-11-14 00:00:00,25.302222521132794,91.72962913144536,440.0,0.0,0.2667404308429201,23.648148347421863,1,0
2024-11-14 01:00:00,24.101923788646683,86.63012701892221,400.0,0.0,0.4013931239673448,21.427949192431125,1,1
2024-11-14 02:00:00,24.57867965644036,85.83553390593275,400.0,0.0,0.437560675358669,21.745786437626908,1,1
2024-11-14 03:00:00,25.2,84.80000000000001,400.0,0.0,0.48726826092318437,22.16,0,1
2024-11-14 04:00:00,25.92354286469244,83.59409522551262,400.0,0.0,0.5489870394425419,22.64236190979496,0,1
2024-11-14 05:00:00,26.7,82.30000000000001,400.0,0.0,0.6200431218156797,23.16,0,1
2024-11-14 06:00:00,27.47645713530756,81.0059047744874,400.0,0.0,0.6963656266530416,23.677638090205043,0,1
2024-11-14 07:00:00,28.57684052966927,79.61157973516538,399.0578986758268,18.84202648346351,0.7969340488687567,24.499156476702343,0,1
2024-11-14 08:00:00,29.549320343559643,78.40046609406727,398.18,36.39999999999999,0.8930558280878981,25.229413562373097,0,1
2024-11-14 09:00:00,30.32762368476093,77.45509924437401,397.42613131648096,51.477373670380665,0.9747184472942455,25.818643533635733,0,1
2024-11-14 10:00:00,30.858710466777342,76.8399043745996,396.8476675302247,63.04664939550712,1.032148424073605,26.226691341697265,0,1
2024-11-14 11:00:00,31.106388003076884,76.59680599846158,396.4840299923078,70.31940015384417,1.0577950184971354,26.4257492027692,0,1
2024-11-14 12:00:00,31.053777478867204,76.74237086855467,396.36,72.8,1.0480736837800633,26.402251652578137,0,1
2024-11-14 13:00:00,30.798076211353315,82.56987298107781,440.0,70.31940015384417,0.7741074858215201,27.31205080756888,0,0
2024-11-14 14:00:00,30.32132034355964,83.36446609406727,440.0,63.04664939550714,0.7189703236701455,26.94602540378444,0,0
2024-11-14 15:00:00,29.7,84.4,440.0,51.477373670380665,0.6506131626773376,26.58,0,0
2024-11-14 16:00:00,28.97645713530756,85.6059047744874,440.0,36.39999999999999,0.5757970584380228,26.09763809020504,0,0
2024-11-14 17:00:00,28.2,86.9,440.0,18.842026483463528,0.5009665343650802,25.58,0,0
2024-11-14 18:00:00,27.42354286469244,88.19409522551261,440.0,8.915428697792732e-15,0.43149361570368955,25.06236190979496,1,0
2024-11-14 19:00:00,26.7,89.4,440.0,0.0,0.371325259392441,24.58,1,0
2024-11-14 20:00:00,26.07867965644036,90.43553390593274,440.0,0.0,0.32300213616362244,24.165786437626902,1,0
2024-11-14 21:00:00,25.601923788646683,91.2301270189222,440.0,0.0,0.28792770325676337,23.847949192431123,1,0
2024-11-14 22:00:00,25.302222521132794,91.72962913144536,440.0,0.0,0.2667404308429201,23.648148347421863,1,0
2024-11-14 23:00:00,25.2,91.9,440.0,0.0,0.2596626916761707,23.58,1,0
2024-11-15 00:00:00,25.602222521132795,92.82962913144534,440.0,0.0,0.2354178890806618,24.168148347421862,1,0
2024-11-15 01:00:00,24.401923788646684,87.7301270189222,400.0,0.0,0.37504885217833484,21.947949192431125,1,1
2024-11-15 02:00:00,24.87867965644036,86.93553390593274,400.0,0.0,0.41087194763302,22.265786437626907,1,1
2024-11-15 03:00:00,25.5,85.9,400.0,0.0,0.46013328332475206,22.68,1,1
2024-11-15 04:00:00,26.22354286469244,84.69409522551261,400.0,0.0,0.5213368746741476,23.16236190979496,0,1
2024-11-15 05:00:00,27.0,83.4,400.0,0.0,0.5918464691846002,23.68,0,1
2024-11-15 06:00:00,27.776457135307563,82.1059047744874,400.0,0.0,0.6676302624413962,24.197638090205043,0,1
2024-11-15 07:00:00,28.98761508097315,80.65619245951343,398.7809622975671,24.38075404865745,0.7742961651017756,25.118853572875835,0,1
2024-11-15 08:00:00,30.06332034355964,79.39346609406726,397.645,47.1,0.8775292169108325,25.94201356237309,0,1
2024-11-15 09:00:00,30.93026538710877,78.40377839320008,396.66952706061136,66.60945878777278,0.9663849444679494,26.611021065748787,0,1
2024-11-15 10:00:00,31.52936933959709,77.9469381324179,395.9210203481753,81.57959303649412,1.0210069179860848,27.080284327235034,0,1
2024-11-15 11:00:00,31.81980425672861,77.4900978716357,395.4504893581785,90.99021283643025,1.0594448952473767,27.317823831055748,0,1
2024-11-15 12:00:00,31.781777478867205,77.62837086855467,395.29,94.2,1.0506734537362592,27.307451652578138,0,1
2024-11-15 13:00:00,31.09807621135332,83.6698729810778,440.0,90.99021283643025,0.7377523414304665,27.83205080756888,0,0
2024-11-15 14:00:00,30.62132034355964,84.46446609406726,440.0,81.57959303649413,0.6830416227343042,27.514213562373094,0,0
2024-11-15 15:00:00,30.0,85.5,440.0,66.60945878777278,0.615244433520057,27.1,0,0
2024-11-15 16:00:00,29.276457135307563,86.7059047744874,440.0,47.1,0.541085617205512,26.61763809020504,0,0
2024-11-15 17:00:00,28.5,88.0,440.0,24.38075404865748,0.4669655437422259,26.1,1,0
2024-11-15 18:00:00,27.72354286469244,89.2940952255126,440.0,12.19037702432874,0.3982071646958443,25.58236190979496,1,0
2024-11-15 19:00:00,27.0,90.5,440.0,0.0,0.33870731670203025,25.1,1,0
2024-11-15 20:00:00,26.37867965644036,91.53553390593274,440.0,0.0,0.29095960858685127,24.685786437626906,1,0
2024-11-15 21:00:00,25.901923788646684,92.3301270189222,440.0,0.0,0.2563271964171781,24.367949192431123,1,0
2024-11-15 22:00:00,25.602222521132795,92.82962913144534,440.0,0.0,0.2354178890806618,24.168148347421862,1,0
2024-11-15 23:00:00,25.5,93.0,440.0,0.0,0.2284349633527138,24.1,1,0
2024-11-16 00:00:00,25.5022225211328,92.42962913144534,440.0,0.0,0.2470807819095386,23.988148347421863,1,0
2024-11-16 01:00:00,24.301923788646683,87.3301270189222,400.0,0.0,0.3849641743735431,21.76794919243112,1,1
2024-11-16 02:00:00,24.77867965644036,86.53553390593274,400.0,0.0,0.4209336933478364,22.085786437626904,1,1
2024-11-16 03:00:00,25.4,85.5,400.0,0.0,0.4703861245330082,22.5,1,1
2024-11-16 04:00:00,26.123542864692435,84.2940952255126,400.0,0.0,0.5318124512316839,22.98236190979496,0,1
2024-11-16 05:00:00,26.9,83.0,400.0,0.0,0.602561034037536,23.5,0,1
2024-11-16 06:00:00,27.67645713530756,81.7059047744874,400.0,0.0,0.6785834566696385,24.01763809020504,0,1
2024-11-16 07:00:00,29.03151847005015,80.18424076497493,398.4212038248746,31.57592350250753,0.795202346276716,25.068366623045133,0,1
2024-11-16 08:00:00,30.24132034355964,78.85446609406726,396.95,60.99999999999999,0.9097126871122992,26.01221356237309,0,1
2024-11-16 09:00:00,31.22341675744849,77.80720270803022,395.6866486347621,86.2670273047588,1.0097837834645627,26.784857299054533,0,1
2024-11-16 10:00:00,31.910879464101235,77.11381987593764,394.7172450369149,105.65509926170152,1.0827182068768897,27.333643439288764,0,1
2024-11-16 11:00:00,32.25685901614533,76.82157049192733,394.1078524596367,117.84295080726632,1.118180000266218,27.621173114530794,0,1
2024-11-16 12:00:00,32.2377774788672,76.95037086855466,393.9,122.0,1.1107702122613203,27.627851652578133,0,1
2024-11-16 13:00:00,30.998076211353315,83.2698729810778,440.0,117.84295080726632,0.7515340745466861,27.65205080756888,0,0
2024-11-16 14:00:00,30.52132034355964,84.06446609406726,440.0,105.65509926170152,0.6966380687810193,27.33421356237309,0,0
2024-11-16 15:00:00,29.9,85.1,440.0,86.2670273047588,0.6285994710830213,26.92,0,0
2024-11-16 16:00:00,29.17645713530756,86.30590477448739,440.0,60.99999999999999,0.5541598434801249,26.43763809020504,0,0
2024-11-16 17:00:00,28.4,87.6,440.0,31.575923502507564,0.47973910084956767,25.92,1,0
2024-11-16 18:00:00,27.623542864692435,88.8940952255126,440.0,1.494069094959771e-14,0.410681073986358,25.402361909794955,1,0
2024-11-16 19:00:00,26.9,90.1,440.0,0.0,0.3509031904100947,24.92,1,0
2024-11-16 20:00:00,26.27867965644036,91.13553390593272,440.0,0.0,0.3029178307717839,24.505786437626902,1,0
2024-11-16 21:00:00,25.801923788646683,91.9301270189222,440.0,0.0,0.2681038483944122,24.18794919243112,1,0
2024-11-16 22:00:00,25.5022225211328,92.42962913144534,440.0,0.0,0.2470807819095386,23.988148347421863,1,0
2024-11-16 23:00:00,25.4,92.6,440.0,0.0,0.24005912562374232,23.92,1,0
2024-11-17 00:00:00,24.5022225211328,93.32962913144534,440.0,0.0,0.20511775093120188,23.168148347421862,1,0
2024-11-17 01:00:00,23.301923788646683,88.2301270189222,400.0,0.0,0.3367541047483773,20.947949192431125,1,1
2024-11-17 02:00:00,23.77867965644036,87.43553390593274,400.0,0.0,0.36996167653270584,21.265786437626904,1,1
2024-11-17 03:00:00,24.4,86.4,400.0,0.0,0.4156585208102792,21.68,1,1
2024-11-17 04:00:00,25.123542864692435,85.19409522551261,400.0,0.0,0.47248068989540143,22.16236190979496,1,1
2024-11-17 05:00:00,25.9,83.9,400.0,0.0,0.5380008546388144,22.68,0,1
2024-11-17 06:00:00,26.67645713530756,82.6059047744874,400.0,0.0,0.6084840630990859,23.197638090205043,0,1
2024-11-17 07:00:00,28.51292189394084,80.94768543427733,397.2176952651479,55.64609469704196,0.7419537725665449,24.681629704546754,0,1
2024-11-17 08:00:00,30.17132034355964,79.28946609406727,394.625,107.5,0.8874336020747663,26.02921356237309,0,1
2024-11-17 09:00:00,31.53863537045547,78.04959340152674,392.39860210224464,152.02795795510772,1.0167883224995375,27.14855405076081,0,1
2024-11-17 10:00:00,32.52168671514029,77.20841625041813,390.6902269093173,186.1954618136543,1.1160476799248917,27.963369965223915,0,1
2024-11-17 11:00:00,33.053481053042994,76.82325947347852,389.6162973673925,207.6740526521497,1.169326144784575,28.41813294773869,0,1
2024-11-17 12:00:00,33.0977774788672,76.92037086855466,389.25,215.0,1.1673218024484804,28.481851652578133,0,1
2024-11-17 13:00:00,29.998076211353315,84.1698729810778,440.0,207.6740526521497,0.6716084755739247,26.83205080756888,0,0
2024-11-17 14:00:00,29.52132034355964,84.96446609406726,440.0,186.1954618136544,0.6206591580150699,26.514213562373094,0,0
2024-11-17 15:00:00,28.9,86.0,440.0,152.02795795510772,0.5575622031925787,26.1,0,0
2024-11-17 16:00:00,28.17645713530756,87.2059047744874,440.0,107.5,0.4885989283681301,25.61763809020504,0,0
2024-11-17 17:00:00,27.4,88.5,440.0,55.64609469704202,0.41973478089806776,25.1,1,0
2024-11-17 18:00:00,26.623542864692435,89.7940952255126,440.0,2.632990618166809e-14,0.35591566509362677,24.58236190979496,1,0
2024-11-17 19:00:00,25.9,91.0,440.0,0.0,0.3007458193633124,24.1,1,0
2024-11-17 20:00:00,25.27867965644036,92.03553390593274,440.0,0.0,0.25651504943605663,23.685786437626906,1,0
2024-11-17 21:00:00,24.801923788646683,92.8301270189222,440.0,0.0,0.2244596479111185,23.367949192431123,1,0
2024-11-17 22:00:00,24.5022225211328,93.32962913144534,440.0,0.0,0.20511775093120188,23.168148347421862,1,0
2024-11-17 23:00:00,24.4,93.5,440.0,0.0,0.1986603224460893,23.1,1,0
2024-11-18 00:00:00,25.102222521132795,91.62962913144534,440.0,0.0,0.26677354106811146,23.428148347421864,1,0
2024-11-18 01:00:00,23.901923788646684,86.5301270189222,400.0,0.0,0.39956990414574833,21.207949192431123,1,1
2024-11-18 02:00:00,24.37867965644036,85.73553390593274,400.0,0.0,0.43541079259814436,21.525786437626905,1,1
2024-11-18 03:00:00,25.0,84.7,400.0,0.0,0.4846699907785477,21.94,0,1
2024-11-18 04:00:00,25.72354286469244,83.49409522551261,400.0,0.0,0.5458330109970172,22.42236190979496,0,1
2024-11-18 05:00:00,26.5,82.2,400.0,0.0,0.6162506598660126,22.94,0,1
2024-11-18 06:00:00,27.276457135307563,80.9059047744874,400.0,0.0,0.6918891350490434,23.45763809020504,0,1
2024-11-18 07:00:00,28.532649594820988,79.43367520258951,398.66837601294753,26.632479741049387,0.801830720458119,24.41938463533889,0,1
2024-11-18 08:00:00,29.65032034355964,78.14996609406727,397.4275,51.45,0.9086775968540576,25.28031356237309,0,1
2024-11-18 09:00:00,30.55330196703523,77.14226010323685,396.3619356107952,72.76128778409574,1.0010766814291043,25.9817539876826,0,1
2024-11-18 10:00:00,31.18005775985558,76.47923072806047,395.54429929752905,89.11401404941874,1.0675726384307538,26.475903905467675,0,1
2024-11-18 11:00:00,31.487875350502904,76.20606232474856,395.0303116237428,99.39376752514514,1.0990161036756758,26.72908781545261,0,1
2024-11-18 12:00:00,31.455777478867205,76.34137086855466,394.855,102.9,1.090778283249785,26.724051652578137,0,1
2024-11-18 13:00:00,30.59807621135332,82.4698729810778,440.0,99.39376752514514,0.7697144972634712,27.092050807568874,0,0
2024-11-18 14:00:00,30.12132034355964,83.26446609406726,440.0,89.11401404941874,0.7150559102878781,26.77421356237309,0,0
2024-11-18 15:00:00,29.5,84.3,440.0,72.76128778409574,0.6472930186928456,26.36,0,0
2024-11-18 16:00:00,28.776457135307563,85.50590477448739,440.0,51.45,0.5731284944682188,25.877638090205043,0,0
2024-11-18 17:00:00,28.0,86.8,440.0,26.632479741049416,0.49895080804737474,25.36,0,0
2024-11-18 18:00:00,27.22354286469244,88.0940952255126,440.0,1.2601615563226263e-14,0.4300848877894044,24.84236190979496,1,0
2024-11-18 19:00:00,26.5,89.3,440.0,0.0,0.3704428123913672,24.36,1,0
2024-11-18 20:00:00,25.87867965644036,90.33553390593272,440.0,0.0,0.32254264550299966,23.945786437626904,1,0
2024-11-18 21:00:00,25.401923788646684,90.98258151868903,440.0,0.0,0.2925622851866905,23.627949192431124,1,0
2024-11-18 22:00:00,25.200961894323342,91.62962913144534,440.0,0.0,0.2683453547891126,23.428148347421864,1,0
2024-11-18 23:00:00,25.0,91.8,440.0,0.0,0.25975777283556173,23.36,1,0
2024-11-19 00:00:00,25.5022225211328,87.32962913144534,440.0,0.0,0.4135339200210174,22.968148347421863,1,0
2024-11-19 01:00:00,24.301923788646683,82.2301270189222,400.0,0.0,0.5399236828261725,20.74794919243112,0,1
2024-11-19 02:00:00,24.77867965644036,81.43553390593274,400.0,0.0,0.580372754731776,21.065786437626905,0,1
2024-11-19 03:00:00,25.4,80.4,400.0,0.0,0.6358322786791005,21.48,0,1
2024-11-19 04:00:00,26.123542864692435,79.19409522551261,400.0,0.0,0.7045018658324487,21.96236190979496,0,1
2024-11-19 05:00:00,26.9,77.9,400.0,0.0,0.7833293442487965,22.48,0,1
2024-11-19 06:00:00,27.67645713530756,76.6059047744874,400.0,0.0,0.8677579190496537,22.997638090205044,0,1
2024-11-19 07:00:00,28.957496223150827,75.1212518884246,398.6062594421229,27.874811157541483,0.9941172325792553,23.981746600835745,0,1
2024-11-19 08:00:00,30.09832034355964,73.82596609406727,397.3075,53.85,1.1168597147726362,24.863513562373097,0,1
2024-11-19 09:00:00,31.021184218029138,72.8083189777399,396.1922299833104,76.15540033379118,1.223085437199539,25.58284801357712,0,1
2024-11-19 10:00:00,31.663196198618884,72.13766150867882,395.3364532006208,93.27093598758404,1.2997850540623594,26.090728500354647,0,1
2024-11-19 11:00:00,31.980604229826653,71.85969788508667,394.7984894254334,104.03021149133266,1.3365423555634703,26.35254380684399,0,1
2024-11-19 12:00:00,31.951777478867204,71.99337086855466,394.615,107.7,1.3280278438146778,26.350451652578137,0,1
2024-11-19 13:00:00,30.998076211353315,78.1698729810778,440.0,104.03021149133266,0.9806311863530144,26.63205080756888,0,0
2024-11-19 14:00:00,30.52132034355964,78.96446609406726,440.0,93.27093598758404,0.919589754727386,26.31421356237309,0,0
2024-11-19 15:00:00,29.9,80.0,440.0,76.15540033379118,0.8437576793060686,25.9,0,0
2024-11-19 16:00:00,29.17645713530756,81.2059047744874,440.0,53.85,0.7605418756777168,25.41763809020504,0,0
2024-11-19 17:00:00,28.4,82.5,440.0,27.874811157541515,0.6770511503925346,24.9,0,0
2024-11-19 18:00:00,27.623542864692435,83.7940952255126,440.0,1.3189446026816994e-14,0.5992720550779544,24.382361909794955,0,0
2024-11-19 19:00:00,26.9,85.0,440.0,0.0,0.5316715006213553,23.9,0,0
2024-11-19 20:00:00,26.27867965644036,86.03553390593274,440.0,0.0,0.4771957760583066,23.485786437626903,0,0
2024-11-19 21:00:00,25.801923788646683,86.8301270189222,440.0,0.0,0.43754017409837453,23.167949192431124,0,0
2024-11-19 22:00:00,25.5022225211328,87.32962913144534,440.0,0.0,0.4135339200210174,22.968148347421863,1,0
2024-11-19 23:00:00,25.4,87.5,440.0,0.0,0.40550527976983464,22.9,1,0
2024-11-20 00:00:00,23.102222521132795,97.62962913144534,440.0,0.0,0.06700694474249519,22.628148347421863,1,0
2024-11-20 01:00:00,21.901923788646684,92.5301270189222,400.0,0.0,0.1963207542070828,20.40794919243113,1,1
2024-11-20 02:00:00,22.37867965644036,91.73553390593274,400.0,0.0,0.22360130783711088,20.725786437626905,1,1
2024-11-20 03:00:00,23.0,90.7,400.0,0.0,0.26127769888292735,21.14,1,1
2024-11-20 04:00:00,23.72354286469244,89.49409522551261,400.0,0.0,0.30832316294140494,21.62236190979496,1,1
2024-11-20 05:00:00,24.5,88.2,400.0,0.0,0.3628085880040276,22.14,1,1
2024-11-20 06:00:00,25.276457135307563,86.9059047744874,400.0,0.0,0.4216715538320484,22.657638090205044,1,1
2024-11-20 07:00:00,26.09990415140957,85.65004792429522,399.75023962147606,4.995207570478651,0.48522105233766283,23.229913736268617,1,1
2024-11-20 08:00:00,26.814320343559643,84.56796609406726,399.5175,9.65,0.5442393122954833,23.727913562373097,0,1
2024-11-20 09:00:00,27.371019428891323,83.7334013723088,399.317641956155,13.647160876900369,0.5927036828215472,24.11769970335308,0,1
2024-11-20 10:00:00,27.732063284728,83.20322796562427,399.164285485348,16.714290293039667,0.625068223859129,24.37270887785285,0,1
2024-11-20 11:00:00,27.872847368947586,83.01357631552621,399.0678815776311,18.007145146519832,0.6373366333610756,24.475562632052824,0,1
2024-11-20 12:00:00,27.783777478867204,83.17737086855466,399.035,19.3,0.6279217964381648,24.419251652578136,0,1
2024-11-20 13:00:00,28.59807621135332,88.4698729810778,440.0,18.64236844737902,0.45123992309098604,26.29205080756888,0,0
2024-11-20 14:00:00,28.12132034355964,89.26446609406726,440.0,16.714290293039667,0.40867106582135826,25.97421356237309,0,0
2024-11-20 15:00:00,27.5,90.3,440.0,13.647160876900369,0.356113210301295,25.525925826289065,1,0
2024-11-20 16:00:00,26.776457135307563,91.5059047744874,440.0,9.65,0.29889431779003744,25.07763809020504,1,0
2024-11-20 17:00:00,26.0,92.8,440.0,4.995207570478656,0.2420236676593848,24.56,1,0
2024-11-20 18:00:00,25.22354286469244,94.0940952255126,440.0,2.363568322354392e-15,0.18959156940995295,24.04236190979496,1,0
2024-11-20 19:00:00,24.5,95.3,440.0,0.0,0.14450850539143487,23.56,1,0
2024-11-20 20:00:00,23.87867965644036,96.33553390593272,440.0,0.0,0.10855093199582996,23.145786437626903,1,0
2024-11-20 21:00:00,23.401923788646684,97.1301270189222,440.0,0.0,0.08260826549767884,22.827949192431124,1,0
2024-11-20 22:00:00,23.102222521132795,97.62962913144534,440.0,0.0,0.06700694474249519,22.628148347421863,1,0
2024-11-20 23:00:00,23.0,97.8,440.0,0.0,0.061807627692735574,22.56,1,0
2024-11-21 00:00:00,22.90096189432334,94.92962913144534,440.0,0.0,0.14159783175053117,22.988148347421863,1,0
2024-11-21 01:00:00,22.801923788646683,89.8301270189222,400.0,0.0,0.2823110686143037,20.76794919243112,1,1
2024-11-21 02:00:00,23.27867965644036,89.03553390593274,400.0,0.0,0.31327042415631373,21.085786437626904,1,1
2024-11-21 03:00:00,23.9,88.0,400.0,0.0,0.35592650422339295,21.5,1,1
2024-11-21 04:00:00,24.623542864692435,86.7940952255126,400.0,0.0,0.40904429084989236,21.98236190979496,1,1
2024-11-21 05:00:00,25.4,85.5,400.0,0.0,0.4703861245330082,22.5,1,1
2024-11-21 06:00:00,26.17645713530756,84.2059047744874,400.0,0.0,0.5364721763134619,23.01763809020504,0,1
2024-11-21 07:00:00,27.372085938266995,82.76395703086651,398.8197851543325,23.60429691334989,0.6280663710788112,23.924877344440297,0,1
2024-11-21 08:00:00,28.43332034355964,81.50846609406726,397.72,45.6,0.7167972095936562,24.73501356237309,0,1
2024-11-21 09:00:00,29.287838980237577,80.52499159663567,396.7755930777893,64.48813844421313,0.7931766321560834,25.39283729956471,0,1
2024-11-21 10:00:00,29.87740781537002,79.88055570030325,396.050924158743,78.9815168251408,0.8476966762764904,25.85351895543067,0,1
2024-11-21 11:00:00,30.161848707151258,79.61907564642436,395.59537823212185,88.09243535756303,0.8728363106920396,26.08566383643613,0,1
2024-11-21 12:00:00,30.121777478867205,79.75837086855465,395.44,91.2,0.8648828173021934,26.073451652578136,0,1
2024-11-21 13:00:00,29.498076211353315,85.7698729810778,440.0,88.09243535756303,0.5866268613514465,26.65205080756888,0,0
2024-11-21 14:00:00,29.02132034355964,86.56446609406726,440.0,78.98151682514082,0.538847618220544,26.33421356237309,0,0
2024-11-21 15:00:00,28.4,87.6,440.0,64.48813844421313,0.47973910084956767,25.92,1,0
2024-11-21 16:00:00,27.67645713530756,88.80590477448739,440.0,45.6,0.41522293061118565,25.43763809020504,1,0
2024-11-21 17:00:00,26.9,90.1,440.0,23.60429691334992,0.3509031904100947,24.92,1,0
2024-11-21 18:00:00,26.123542864692435,91.3940952255126,440.0,1.1168778808223861e-14,0.29140169757179546,24.402361909794955,1,0
2024-11-21 19:00:00,25.4,92.6,440.0,0.0,0.24005912562374232,23.92,1,0
2024-11-21 20:00:00,24.77867965644036,93.63553390593272,440.0,0.0,0.19896950985254824,23.505786437626902,1,0
2024-11-21 21:00:00,24.301923788646683,94.4301270189222,440.0,0.0,0.16923623123360748,23.18794919243112,1,0
2024-11-21 22:00:00,24.0022225211328,94.92962913144534,440.0,0.0,0.1513158665841517,22.988148347421863,1,0
2024-11-21 23:00:00,23.9,95.1,440.0,0.0,0.1453366558912189,22.92,1,0
2024-11-22 00:00:00,24.7022225211328,87.42962913144534,440.0,0.0,0.39119280872606854,22.188148347421865,1,0
2024-11-22 01:00:00,23.501923788646685,82.3301270189222,400.0,0.0,0.5116959180505485,19.967949192431124,0,1
2024-11-22 02:00:00,23.97867965644036,81.53553390593274,400.0,0.0,0.5502597595524118,20.285786437626907,0,1
2024-11-22 03:00:00,24.6,80.5,400.0,0.0,0.6031508592568957,20.700000000000003,0,1
2024-11-22 04:00:00,25.32354286469244,79.2940952255126,400.0,0.0,0.6686645447992922,21.18236190979496,0,1
2024-11-22 05:00:00,26.1,78.0,400.0,0.0,0.7438995986061415,21.700000000000003,0,1
2024-11-22 06:00:00,26.876457135307565,76.7059047744874,400.0,0.0,0.8245132053038536,22.217638090205043,0,1
2024-11-22 07:00:00,28.807649664448363,74.89617516777582,396.9808758388791,60.38248322241809,0.9944543870606267,23.78688469800353,0,1
2024-11-22 08:00:00,30.55432034355964,73.29796609406726,394.1675,116.65,1.1695092602749202,25.213913562373094,0,1
2024-11-22 09:00:00,31.997436452369747,72.02019286056958,391.7515993974589,164.96801205082156,1.330184274939831,26.401475024483663,0,1
2024-11-22 10:00:00,33.0386520129254,71.14993360152556,389.89781366485454,202.0437267029096,1.4543502234017782,27.26863873323051,0,1
2024-11-22 11:00:00,33.60700990546479,70.7464950472676,388.732475236338,225.3504952732397,1.5223427835154755,27.75630891491832,0,1
2024-11-22 12:00:00,33.6637774788672,70.83737086855466,388.335,233.3,1.5224309892335992,26.8041798612436,0,1
2024-11-22 13:00:00,30.19807621135332,78.2698729810778,440.0,225.3504952732397,0.9325506126241455,25.85205080756888,0,0
2024-11-22 14:00:00,29.721320343559643,79.06446609406726,440.0,202.0437267029096,0.8742075091898656,25.534213562373097,0,0
2024-11-22 15:00:00,29.1,80.1,440.0,164.96801205082156,0.8017480002285721,25.12,0,0
2024-11-22 16:00:00,28.376457135307565,81.30590477448739,440.0,116.65,0.7222612062313072,24.63763809020504,0,0
2024-11-22 17:00:00,27.6,82.6,440.0,60.38248322241816,0.6425440610908612,24.12,0,0
2024-11-22 18:00:00,26.85,83.85,440.0,2.857100982410775e-14,0.5707547044106326,23.60236190979496,0,0
2024-11-22 19:00:00,26.1,85.1,440.0,0.0,0.5038229099650687,23.12,0,0
2024-11-22 20:00:00,25.47867965644036,86.13553390593273,440.0,0.0,0.45187488543279164,22.705786437626905,0,0
2024-11-22 21:00:00,25.001923788646685,86.93012701892219,440.0,0.0,0.4140719698930917,22.38794919243112,1,0
2024-11-22 22:00:00,24.7022225211328,87.42962913144534,440.0,0.0,0.39119280872606854,22.188148347421865,1,0
2024-11-22 23:00:00,24.6,87.6,440.0,0.0,0.38354208486079566,22.12,1,0
2024-11-23 00:00:00,25.2022225211328,86.72962913144535,440.0,0.0,0.4254661390386014,22.548148347421865,1,0
2024-11-23 01:00:00,24.001923788646685,81.63012701892221,400.0,0.0,0.5482051474628646,20.327949192431127,0,1
2024-11-23 02:00:00,24.47867965644036,80.83553390593275,400.0,0.0,0.5884893240376347,20.64578643762691,0,1
2024-11-23 03:00:00,25.1,79.80000000000001,400.0,0.0,0.6437125439654141,21.06,0,1
2024-11-23 04:00:00,25.82354286469244,78.59409522551262,400.0,0.0,0.7120750185455704,21.542361909794963,0,1
2024-11-23 05:00:00,26.6,77.30000000000001,400.0,0.0,0.7905326963605116,22.06,0,1
2024-11-23 06:00:00,27.376457135307565,76.0059047744874,400.0,23.513710247564006,0.8745475122509758,22.57763809020505,0,1
2024-11-23 07:00:00,29.040548409902563,74.32972579504873,397.6486289752436,47.02742049512801,1.0306803876061104,23.90649356891231,0,1
2024-11-23 08:00:00,30.538320343559644,72.85596609406727,395.4575,90.84999999999998,1.187782090716443,25.10951356237309,0,1
2024-11-23 09:00:00,31.76770225418523,71.87638440197281,393.5759348929202,128.48130214159568,1.319761015119068,26.1047142461176,0,1
2024-11-23 10:00:00,32.64491379621985,70.89680270987834,392.1321592066184,157.3568158676325,1.435026995688855,26.82427433819552,0,1
2024-11-23 11:00:00,33.11017445273448,70.54491277363277,389.3047862884143,175.5087226367237,1.4908153163632338,27.219157007461032,0,1
2024-11-23 12:00:00,33.13177747886721,70.65337086855467,390.915,181.7,1.4871252292059587,26.715603907514954,0,1
2024-11-23 13:00:00,30.69807621135332,77.56987298107781,440.0,175.5087226367237,0.9905019091897493,26.21205080756888,0,0
2024-11-23 14:00:00,30.221320343559643,78.36446609406727,440.0,157.3568158676325,0.9297279159828423,25.894213562373096,0,0
2024-11-23 15:00:00,29.6,79.4,440.0,128.48130214159568,0.8542164199247311,25.480000000000004,0,0
2024-11-23 16:00:00,28.876457135307565,80.6059047744874,440.0,90.84999999999998,0.7713357276498858,24.997638090205044,0,0
2024-11-23 17:00:00,28.1,81.9,440.0,45.425000000000004,0.688161126570475,24.480000000000004,0,0
2024-11-23 18:00:00,27.32354286469244,83.19409522551261,440.0,2.2251832340507406e-14,0.6106555339126051,23.96236190979496,0,0
2024-11-23 19:00:00,26.6,84.4,440.0,0.0,0.5432735710671357,23.480000000000004,0,0
2024-11-23 20:00:00,25.97867965644036,85.43553390593274,440.0,0.0,0.488959078285661,23.065786437626908,0,0
2024-11-23 21:00:00,25.59045108878658,86.2301270189222,440.0,0.0,0.4517775463528304,22.747949192431125,0,0
2024-11-23 22:00:00,25.2022225211328,86.72962913144535,440.0,0.0,0.4254661390386014,22.548148347421865,1,0
2024-11-23 23:00:00,25.1,86.9,440.0,0.0,0.41745714484885765,22.480000000000004,1,0
2024-11-24 00:00:00,24.802222521132794,89.12962913144534,440.0,0.0,0.34031329524538734,22.628148347421863,1,0
2024-11-24 01:00:00,23.601923788646683,84.0301270189222,400.0,0.0,0.46525995790407954,20.40794919243112,0,1
2024-11-24 02:00:00,24.07867965644036,83.23553390593274,400.0,0.0,0.5026050888988938,20.725786437626905,0,1
2024-11-24 03:00:00,24.7,82.2,400.0,0.0,0.5538665641786927,21.14,0,1
2024-11-24 04:00:00,25.42354286469244,80.99409522551261,400.0,0.0,0.6174220982075138,21.62236190979496,0,1
2024-11-24 05:00:00,26.2,79.7,400.0,0.0,0.6904814817358569,22.14,0,1
2024-11-24 06:00:00,26.97645713530756,78.4059047744874,400.0,0.0,0.7688402058595961,22.65763809020504,0,1
2024-11-24 07:00:00,28.413305288302546,76.84334735584873,398.2167367792436,35.66526441512736,0.8965915398416845,23.78197475947229,0,1
2024-11-24 08:00:00,29.69932034355964,75.47546609406727,396.555,68.89999999999999,1.0227795614429545,24.79441356237309,0,1
2024-11-24 09:00:00,30.74686250030344,74.39547983660275,395.1280342776247,97.43931444750626,1.133832644577363,25.625958467623988,0,1
2024-11-24 10:00:00,31.48454349169712,73.6769878621397,394.0330849679252,119.33830064149564,1.215601531685268,26.219941064125056,0,1
2024-11-24 11:00:00,31.669160485282163,73.58467936534717,393.3447710568683,133.10457886263362,1.2326977340962644,26.535882419527404,0,1
2024-11-24 12:00:00,31.853777478867205,73.49237086855466,393.11,137.8,1.25000116628219,26.552251652578136,0,1
2024-11-24 13:00:00,30.298076211353315,79.9698729810778,440.0,133.10457886263362,0.8645303590561213,26.29205080756888,0,0
2024-11-24 14:00:00,29.82132034355964,80.76446609406726,440.0,119.33830064149566,0.8078486813441611,25.97421356237309,0,0
2024-11-24 15:00:00,29.2,81.8,440.0,97.43931444750626,0.7375018791593276,25.56,0,0
2024-11-24 16:00:00,28.47645713530756,83.00590477448739,440.0,68.89999999999999,0.6604021687478039,25.07763809020504,0,0
2024-11-24 17:00:00,27.7,84.3,440.0,35.6652644151274,0.5831613308070058,24.56,0,0
2024-11-24 18:00:00,26.92354286469244,85.5940952255126,440.0,1.6875632892250527e-14,0.5113201504782566,24.042361909794955,0,0
2024-11-24 19:00:00,26.2,86.8,440.0,0.0,0.4489830324587839,23.56,0,0
2024-11-24 20:00:00,25.57867965644036,87.83553390593273,440.0,0.0,0.398827043708353,23.145786437626903,0,0
2024-11-24 21:00:00,25.101923788646683,88.6301270189222,440.0,0.0,0.36236474990515366,22.827949192431124,1,0
2024-11-24 22:00:00,24.802222521132794,89.12962913144534,440.0,0.0,0.34031329524538734,22.628148347421863,1,0
2024-11-24 23:00:00,24.7,89.3,440.0,0.0,0.3329422604894389,22.56,1,0
2024-11-25 00:00:00,24.602222521132795,87.22962913144535,440.0,0.0,0.39505041181483763,22.048148347421865,1,0
2024-11-25 01:00:00,23.401923788646684,82.13012701892221,400.0,0.0,0.5143778910648072,19.827949192431127,0,1
2024-11-25 02:00:00,23.87867965644036,81.33553390593275,400.0,0.0,0.5528895991139637,20.145786437626903,0,1
2024-11-25 03:00:00,24.5,80.30000000000001,400.0,0.0,0.6057058630236728,20.56,0,1
2024-11-25 04:00:00,25.22354286469244,79.09409522551262,400.0,0.0,0.6711221137956993,21.042361909794963,0,1
2024-11-25 05:00:00,26.0,77.80000000000001,400.0,0.0,0.7462396419497687,21.56,0,1
2024-11-25 06:00:00,26.776457135307563,76.5059047744874,400.0,0.0,0.8267215492748358,22.07763809020504,0,1
2024-11-25 07:00:00,28.163612031642863,74.96819398417858,398.34096992089286,33.180601582143154,0.9552360756906516,23.15725082847858,0,1
2024-11-25 08:00:00,29.40332034355964,73.62346609406727,396.795,64.09999999999998,1.081435890737545,24.12801356237309,0,1
2024-11-25 09:00:00,30.411097998315626,72.56336208759666,395.46744553259424,90.6510893481154,1.1918877963327386,24.92377041583496,0,1
2024-11-25 10:00:00,31.118266614170505,71.86012630090302,394.44877716174176,111.024456765165,1.27274669880716,25.490291874351108,0,1
2024-11-25 11:00:00,31.476633818605173,71.56168309069743,393.8084154534871,123.83169093025856,1.3126975591260732,25.78897043674466,0,1
2024-11-25 12:00:00,31.461777478867205,71.68837086855467,393.59,128.2,1.3057487233356924,25.79945165257814,0,1
2024-11-25 13:00:00,30.09807621135332,78.06987298107781,440.0,123.83169093025856,0.9357568947480102,25.71205080756888,0,0
2024-11-25 14:00:00,29.62132034355964,78.86446609406727,440.0,111.02445676516504,0.8774988613295778,25.394213562373096,0,0
2024-11-25 15:00:00,29.0,79.9,440.0,90.6510893481154,0.8051411976172699,24.98,0,0
2024-11-25 16:00:00,28.25,81.1059047744874,440.0,64.09999999999998,0.7246457257096539,24.497638090205044,0,0
2024-11-25 17:00:00,27.5,82.4,440.0,33.18060158214319,0.6461435568353393,23.98,0,0
2024-11-25 18:00:00,26.72354286469244,83.69409522551261,440.0,1.5699971965069066e-14,0.571998230751402,23.46236190979496,0,0
2024-11-25 19:00:00,26.0,84.81481456572268,440.0,0.0,0.5104408712349529,22.98,0,0
2024-11-25 20:00:00,25.37867965644036,85.93553390593274,440.0,0.0,0.4556798772614333,22.565786437626908,0,0
2024-11-25 21:00:00,24.901923788646684,86.7301270189222,440.0,0.0,0.4179106065311445,22.247949192431125,0,0
2024-11-25 22:00:00,24.602222521132795,87.22962913144535,440.0,0.0,0.39505041181483763,22.048148347421865,1,0
2024-11-25 23:00:00,24.5,87.4,440.0,0.0,0.38740578041108,21.98,1,0
2024-11-26 00:00:00,23.0022225211328,92.42962913144534,440.0,0.0,0.21271343967428674,21.488148347421863,1,0
2024-11-26 01:00:00,21.801923788646683,87.3301270189222,400.0,0.0,0.33095971797300355,19.26794919243112,1,1
2024-11-26 02:00:00,22.35096189432334,86.53553390593274,400.0,0.0,0.3636779909225775,19.585786437626904,1,1
2024-11-26 03:00:00,22.9,85.5,400.0,0.0,0.4049110161007581,20.0,1,1
2024-11-26 04:00:00,23.623542864692435,84.2940952255126,400.0,0.0,0.45816551690152024,20.48236190979496,0,1
2024-11-26 05:00:00,24.4,83.0,400.0,0.0,0.5195731510128495,21.0,0,1
2024-11-26 06:00:00,25.17645713530756,81.7059047744874,400.0,0.0,0.5856353943757473,21.51763809020504,0,1
2024-11-26 07:00:00,26.059432531783152,80.42028373410842,399.6014186705421,7.971626589157639,0.6604762246470653,22.14348927860484,0,1
2024-11-26 08:00:00,26.746543260173688,79.31046609406727,399.23,15.4,0.7267544361380318,22.691413562373093,0,1
2024-11-26 09:00:00,27.433653988564227,78.45208409247235,392.2041477374184,21.778888860545667,0.7880198491260149,23.124070807058697,0,1
2024-11-26 10:00:00,27.83124912759842,77.90363504418904,398.666320878172,26.67358243656071,0.8270555660593301,23.411976136436227,0,1
2024-11-26 11:00:00,27.995010308994065,77.70249484550297,398.5124742275148,29.750515449703304,0.8425853322525816,23.535509278094658,0,1
2024-11-26 12:00:00,27.913777478867203,77.86237086855465,398.46,30.8,0.8325951484571472,24.343780042831767,0,1
2024-11-26 13:00:00,28.498076211353315,83.2698729810778,440.0,29.750515449703304,0.6509600910988512,25.15205080756888,0,0
2024-11-26 14:00:00,28.02132034355964,84.06446609406726,440.0,26.673582436560714,0.6031002454278334,24.83421356237309,0,0
2024-11-26 15:00:00,27.4,85.1,440.0,21.778888860545667,0.5438302813374967,24.42,0,0
2024-11-26 16:00:00,26.67645713530756,86.30590477448739,440.0,15.4,0.47904984969059516,23.93763809020504,0,0
2024-11-26 17:00:00,25.9,87.6,440.0,7.971626589157648,0.4143609066783421,23.419999999999998,1,0
2024-11-26 18:00:00,25.123542864692435,88.8940952255126,440.0,3.771912141373848e-15,0.35440762517967167,22.902361909794955,1,0
2024-11-26 19:00:00,24.4,90.1,440.0,0.0,0.30257495264865963,22.42,1,0
2024-11-26 20:00:00,23.77867965644036,91.13553390593272,440.0,0.0,0.2610148901812064,22.005786437626902,1,0
2024-11-26 21:00:00,23.301923788646683,91.9301270189222,440.0,0.0,0.23089143404902893,21.68794919243112,1,0
2024-11-26 22:00:00,23.0022225211328,92.42962913144534,440.0,0.0,0.21271343967428674,21.488148347421863,1,0
2024-11-26 23:00:00,22.9,92.6,440.0,0.0,0.20664424269969736,21.42,1,0
2024-11-27 00:00:00,22.2022225211328,99.22962913144536,440.0,0.0,0.02062048371936861,22.048148347421865,1,0
2024-11-27 01:00:00,21.001923788646685,94.1301270189222,400.0,0.0,0.14600130933712552,19.827949192431127,1,1
2024-11-27 02:00:00,21.47867965644036,93.33553390593276,400.0,0.0,0.17068205841003334,20.14578643762691,1,1
2024-11-27 03:00:00,22.1,92.3,400.0,0.0,0.20482687880249237,20.56,1,1
2024-11-27 04:00:00,22.82354286469244,91.09409522551262,400.0,0.0,0.24754783417674756,21.06,1,1
2024-11-27 05:00:00,23.6,89.80000000000001,400.0,0.0,0.29712834603468136,21.56,1,1
2024-11-27 06:00:00,24.376457135307565,88.5059047744874,400.0,0.0,0.3508008940575279,22.07763809020505,1,1
2024-11-27 07:00:00,25.50116951990891,87.09941524004556,398.99707620022775,20.05847599544536,0.42102130358939244,22.92105256791802,1,1
2024-11-27 08:00:00,26.49632034355964,85.87696609406727,398.0625,38.74999999999999,0.4888451224090922,23.671713562373096,1,1
2024-11-27 09:00:00,27.294091722192466,84.92186522565824,397.2599612229021,54.80077554195744,0.546932068669347,24.27846476732412,0,1
2024-11-27 10:00:00,27.84011685473309,84.29920118062172,396.6441515603353,67.11696879329399,0.587976705974823,24.69995709085743,0,1
2024-11-27 11:00:00,28.09718503074805,84.05140748462598,396.2570374231299,74.8592515374028,0.6062654142533677,24.90746652767325,0,1
2024-11-27 12:00:00,28.047777478867207,84.19537086855466,396.125,77.5,0.5990678968978931,24.88685165257814,0,1
2024-11-27 13:00:00,27.69807621135332,90.06987298107781,440.0,74.8592515374028,0.3688035662870831,25.71205080756888,0,0
2024-11-27 14:00:00,27.221320343559643,90.86446609406728,440.0,67.116968793294,0.32996599060382015,25.394213562373096,0,0
2024-11-27 15:00:00,26.6,91.9,440.0,54.80077554195744,0.2820843542079359,24.980000000000004,1,0
2024-11-27 16:00:00,25.876457135307565,93.1059047744874,440.0,38.74999999999999,0.2300538170391981,24.497638090205044,1,0
2024-11-27 17:00:00,25.1,94.4,440.0,20.058475995445377,0.1784549626834811,23.980000000000004,1,0
2024-11-27 18:00:00,24.32354286469244,95.6940952255126,440.0,9.491012693391988e-15,0.13100102051987947,23.46236190979496,1,0
2024-11-27 19:00:00,23.6,96.81481456572267,440.0,0.0,0.09278518430397859,22.980000000000004,1,0
2024-11-27 20:00:00,22.97867965644036,97.93553390593274,440.0,0.0,0.05792513586617822,22.565786437626908,1,0
2024-11-27 21:00:00,22.501923788646685,98.7301270189222,440.0,0.0,0.034615543666135444,22.247949192431125,1,0
2024-11-27 22:00:00,22.2022225211328,99.22962913144536,440.0,0.0,0.02062048371936861,22.048148347421865,1,0
2024-11-27 23:00:00,22.1,99.4,440.0,0.0,0.015960536010583525,21.980000000000004,1,0
2024-11-28 00:00:00,24.302222521132794,87.22962913144535,440.0,0.0,0.3880246654059343,21.748148347421864,1,0
2024-11-28 01:00:00,23.101923788646683,82.13012701892221,400.0,0.0,0.5051462574945828,19.527949192431127,0,1
2024-11-28 02:00:00,23.57867965644036,81.33553390593275,400.0,0.0,0.5430026771160326,19.845786437626906,0,1
2024-11-28 03:00:00,24.2,80.30000000000001,400.0,0.0,0.5949253861964302,20.26,0,1
2024-11-28 04:00:00,24.92354286469244,79.09409522551262,400.0,0.0,0.659242548352908,20.74236190979496,0,1
2024-11-28 05:00:00,25.7,77.80000000000001,400.0,0.0,0.7331075645030442,21.26,0,1
2024-11-28 06:00:00,26.47645713530756,76.5059047744874,400.0,0.0,0.812257900960631,21.777638090205045,0,1
2024-11-28 07:00:00,27.739896528083857,75.03005173595808,398.6502586797904,26.99482640419292,0.929646227566062,22.74590687527548,0,1
2024-11-28 08:00:00,28.86432034355964,73.74296609406727,397.3925,52.14999999999999,1.0435534262721446,23.61291356237309,0,1
2024-11-28 09:00:00,29.77310095690845,72.73236060830024,396.3124381361122,73.75123727775691,1.1420111391396939,24.319573078568503,0,1
2024-11-28 10:00:00,30.404306471161544,72.0671063724075,395.4836775192642,90.32644961471696,1.2129747087888376,24.81772774564304,0,1
2024-11-28 11:00:00,30.714921273639,71.79253936318051,394.9626968159025,100.74606368194982,1.2468234980964716,25.073429146275096,0,1
2024-11-28 12:00:00,30.683777478867203,71.92737086855466,394.785,104.3,1.2386605979608658,25.06925165257813,0,1
2024-11-28 13:00:00,29.798076211353315,78.06987298107781,440.0,100.74606368194982,0.9197866080342634,25.412050807568875,0,0
2024-11-28 14:00:00,29.32132034355964,78.86446609406727,440.0,90.32644961471696,0.862469732608583,25.094213562373096,0,0
2024-11-28 15:00:00,28.7,79.9,440.0,73.75123727775691,0.7912874540928942,24.68,0,0
2024-11-28 16:00:00,27.97645713530756,81.1059047744874,440.0,52.14999999999999,0.7132052216593809,24.197638090205043,0,0
2024-11-28 17:00:00,27.2,82.4,440.0,26.994826404192946,0.6349003412444901,23.68,0,0
2024-11-28 18:00:00,26.42354286469244,83.69409522551261,440.0,1.2773066115106894e-14,0.5619870360502228,23.16236190979496,0,0
2024-11-28 19:00:00,25.7,84.9,440.0,0.0,0.4986452353151336,22.68,0,0
2024-11-28 20:00:00,25.07867965644036,85.93553390593274,440.0,0.0,0.4476233107894111,22.265786437626907,0,0
2024-11-28 21:00:00,24.601923788646683,86.7301270189222,440.0,0.0,0.4104951434524614,21.947949192431125,0,0
2024-11-28 22:00:00,24.302222521132794,87.22962913144535,440.0,0.0,0.3880246654059343,21.748148347421864,1,0
2024-11-28 23:00:00,24.2,87.4,440.0,0.0,0.38051065310025484,21.68,1,0
2024-11-29 00:00:00,23.9022225211328,89.62962913144534,440.0,0.0,0.30763188745258274,21.828148347421862,1,0
2024-11-29 01:00:00,22.701923788646685,84.5301270189222,400.0,0.0,0.42684216759630417,19.607949192431125,0,1
2024-11-29 02:00:00,23.17867965644036,83.73553390593274,400.0,0.0,0.4619016702617814,19.925786437626908,0,1
2024-11-29 03:00:00,23.851111260566398,82.7,400.0,0.0,0.511622429243741,20.34,0,1
2024-11-29 04:00:00,24.52354286469244,81.49409522551261,400.0,0.0,0.5697930868970374,20.82236190979496,0,1
2024-11-29 05:00:00,25.3,80.2,400.0,0.0,0.6385158629607997,21.34,0,1
2024-11-29 06:00:00,26.076457135307564,78.9059047744874,400.0,0.0,0.7122763756430663,21.857638090205043,0,1
2024-11-29 07:00:00,27.26794483354536,77.46602758322733,398.8301379161366,23.397241677267875,0.8161288818432597,22.761150350190825,0,1
2024-11-29 08:00:00,28.325320343559643,76.21246609406727,397.74,45.2,0.9163250697730724,23.567813562373097,0,1
2024-11-29 09:00:00,29.1765252717386,75.23064845088517,396.8038773490368,63.92245301926391,1.0023469041003674,24.22265496191563,0,1
2024-11-29 10:00:00,29.76355140890947,74.58748390353352,396.0855651748943,78.28869650211325,1.0637318701603944,24.681048189616178,0,1
2024-11-29 11:00:00,30.046393893930635,74.32680305303468,395.6340152651734,87.31969469653178,1.0922325674946216,24.91175450453757,0,1
2024-11-29 12:00:00,30.00577747886721,74.46637086855466,395.48,90.4,1.0837675710452346,24.899051652578137,0,1
2024-11-29 13:00:00,29.39807621135332,80.4698729810778,440.0,87.31969469653178,0.8004918262042413,25.49205080756888,0,0
2024-11-29 14:00:00,28.921320343559643,81.26446609406726,440.0,78.28869650211327,0.7470794872229656,25.17421356237309,0,0
2024-11-29 15:00:00,28.3,82.3,440.0,63.92245301926391,0.6808236629127732,24.76,0,0
2024-11-29 16:00:00,27.576457135307564,83.50590477448739,440.0,45.2,0.6082540072818048,24.27763809020504,0,0
2024-11-29 17:00:00,26.8,84.8,440.0,23.3972416772679,0.5356053781071091,23.76,0,0
2024-11-29 18:00:00,26.02354286469244,86.0940952255126,440.0,1.1070807064292074e-14,0.4680895536433362,23.24236190979496,0,0
2024-11-29 19:00:00,25.3,87.3,440.0,0.0,0.409553104020311,22.76,0,0
2024-11-29 20:00:00,24.67867965644036,88.33553390593273,440.0,0.0,0.36249095033945045,22.345786437626906,1,0
2024-11-29 21:00:00,24.201923788646685,89.1301270189222,440.0,0.0,0.32829994888936104,22.027949192431123,1,0
2024-11-29 22:00:00,23.9022225211328,89.62962913144534,440.0,0.0,0.30763188745258274,21.828148347421862,1,0
2024-11-29 23:00:00,23.8,89.8,440.0,0.0,0.3007249991122526,21.76,1,0
2024-11-30 00:00:00,25.2022225211328,88.92962913144534,440.0,0.0,0.35493114682501403,22.988148347421863,1,0
2024-11-30 01:00:00,24.001923788646685,83.8301270189222,400.0,0.0,0.48255138242809215,20.767949192431125,0,1
2024-11-30 02:00:00,24.47867965644036,83.03553390593274,400.0,0.0,0.5209332279518907,21.085786437626908,0,1
2024-11-30 03:00:00,25.1,82.0,400.0,0.0,0.5736052371969043,21.5,0,1
2024-11-30 04:00:00,25.82354286469244,80.7940952255126,400.0,0.0,0.6388912378409418,21.98236190979496,0,1
2024-11-30 05:00:00,26.6,79.5,400.0,0.0,0.7139171927484799,22.5,0,1
2024-11-30 06:00:00,27.376457135307565,78.2059047744874,400.0,0.0,0.7943609284740488,23.017638090205043,0,1
2024-11-30 07:00:00,28.87593949721736,76.61203025139132,398.0601512569566,38.79697486086786,0.9301509718962095,24.198345547495624,0,1
2024-11-30 08:00:00,30.22032034355964,75.21496609406726,396.2525,74.94999999999999,1.0650080800310782,25.263313562373096,0,1
2024-11-30 09:00:00,31.317982341350582,74.10991991607916,394.7002346750068,105.99530649986347,1.1843584011525667,26.13996632456642,0,1
2024-11-30 10:00:00,32.094121639412954,73.37219878828178,393.5091395986356,129.81720802728736,1.272841700483726,26.76856139706931,0,1
2024-11-30 11:00:00,32.49584562721463,73.05207718639268,392.7603859319634,144.79228136073135,1.3176551039689084,27.106261064493165,0,1
2024-11-30 12:00:00,32.495777478867204,73.17137086855466,392.505,149.9,1.3118170449066335,27.13005165257813,0,1
2024-11-30 13:00:00,30.69807621135332,79.7698729810778,440.0,144.79228136073135,0.8933511352160161,26.65205080756888,0,0
2024-11-30 14:00:00,30.221320343559643,80.56446609406726,440.0,129.81720802728736,0.8351889309938298,26.33421356237309,0,0
2024-11-30 15:00:00,29.6,81.6,440.0,105.99530649986347,0.7629894236220903,25.92,0,0
2024-11-30 16:00:00,28.876457135307565,82.80590477448739,440.0,74.94999999999999,0.6838380340943004,25.43763809020504,0,0
2024-11-30 17:00:00,28.1,84.1,440.0,38.79697486086791,0.60451723273318,24.92,0,0
2024-11-30 18:00:00,27.32354286469244,85.3940952255126,440.0,1.8357455519218823e-14,0.5307168342332418,24.40236190979496,0,0
2024-11-30 19:00:00,26.6,86.6,440.0,0.0,0.466658067455104,23.92,0,0
2024-11-30 20:00:00,25.97867965644036,87.63553390593273,440.0,0.0,0.4151005540334999,23.505786437626902,1,0
2024-11-30 21:00:00,25.501923788646685,88.43012701892219,440.0,0.0,0.3776093191674271,23.187949192431123,1,0
2024-11-30 22:00:00,25.2022225211328,88.92962913144534,440.0,0.0,0.35493114682501403,22.988148347421863,1,0
2024-11-30 23:00:00,25.1,89.82962913144534,440.0,0.0,0.3240987774687654,22.92,1,0
2024-12-01 00:00:00,25.602222521132795,90.72962913144536,440.0,0.0,0.3043651689539325,23.748148347421864,1,0
2024-12-01 01:00:00,24.401923788646684,85.63012701892221,400.0,0.0,0.43923880677599975,21.527949192431127,1,1
2024-12-01 02:00:00,24.950961894323342,84.83553390593275,400.0,0.0,0.47897519776261344,21.84578643762691,0,1
2024-12-01 03:00:00,25.5,83.80000000000001,400.0,0.0,0.5286637723305663,22.26,0,1
2024-12-01 04:00:00,26.22354286469244,82.59409522551262,400.0,0.0,0.5928653111139575,22.74236190979496,0,1
2024-12-01 05:00:00,27.0,81.30000000000001,400.0,0.0,0.6667186128766276,23.26,0,1
2024-12-01 06:00:00,27.776457135307563,80.0059047744874,400.0,0.0,0.7459814466425393,23.777638090205045,0,1
2024-12-01 07:00:00,28.95552151938044,78.5722392403098,398.8611962015489,22.776075969021825,0.8561232499591607,24.6699693674424,0,1
2024-12-01 08:00:00,30.00132034355964,77.32446609406728,397.8,43.99999999999999,0.9622105230047533,25.46621356237309,0,1
2024-12-01 09:00:00,30.84258414624164,76.34761901363365,396.8887301627792,62.22539674441619,1.0531191423206778,26.11210794896837,0,1
2024-12-01 10:00:00,31.421982189527817,75.70826851322437,396.18948822334846,76.2102355330306,1.1178216660955356,26.56363589217269,0,1
2024-12-01 11:00:00,31.70002945426876,75.64931969088951,395.7499263643281,85.001472713438,1.1383378056811428,26.790026508841883,0,1
2024-12-01 12:00:00,31.657777478867207,75.59037086855467,395.6,88.0,1.1383657905637168,26.77585165257814,0,1
2024-12-01 13:00:00,31.09807621135332,81.56987298107781,440.0,85.001472713438,0.8326248378420852,27.41205080756888,0,0
2024-12-01 14:00:00,30.62132034355964,82.36446609406727,440.0,76.21023553303061,0.775371079605707,27.094213562373096,0,0
2024-12-01 15:00:00,30.0,83.4,440.0,62.22539674441619,0.7043487997539959,26.68,0,0
2024-12-01 16:00:00,29.276457135307563,84.6059047744874,440.0,43.99999999999999,0.6265581354067469,26.197638090205043,0,0
2024-12-01 17:00:00,28.5,85.9,440.0,22.77607596902185,0.548684513897115,25.68,0,0
2024-12-01 18:00:00,27.72354286469244,87.19409522551261,440.0,1.0776891832496707e-14,0.47631686803021833,25.16236190979496,0,0
2024-12-01 19:00:00,27.0,88.4,440.0,0.0,0.4135794603940581,24.68,1,0
2024-12-01 20:00:00,26.37867965644036,89.43553390593274,440.0,0.0,0.36314551744891743,24.265786437626907,1,0
2024-12-01 21:00:00,25.901923788646684,90.2301270189222,440.0,0.0,0.32650920774957864,23.947949192431125,1,0
2024-12-01 22:00:00,25.602222521132795,90.72962913144536,440.0,0.0,0.3043651689539325,23.748148347421864,1,0
2024-12-01 23:00:00,25.5,90.9,440.0,0.0,0.29696545235852806,23.68,1,0
2024-12-02 00:00:00,26.0022225211328,89.02962913144535,440.0,0.0,0.3688108670586336,23.808148347421863,1,0
2024-12-02 01:00:00,24.801923788646683,83.9301270189222,400.0,0.0,0.5030825568079856,21.587949192431125,0,1
2024-12-02 02:00:00,25.27867965644036,83.13553390593275,400.0,0.0,0.543161249321508,21.905786437626904,0,1
2024-12-02 03:00:00,25.9,82.10000000000001,400.0,0.0,0.598150018511477,22.32,0,1
2024-12-02 04:00:00,26.623542864692435,80.89409522551261,400.0,0.0,0.6662898542837637,22.80236190979496,0,1
2024-12-02 05:00:00,27.4,79.60000000000001,400.0,0.0,0.7445730026365723,23.32,0,1
2024-12-02 06:00:00,28.17645713530756,78.3059047744874,400.0,0.0,0.8284846636098834,23.83763809020504,0,1
2024-12-02 07:00:00,29.91250010444105,76.59374994777947,397.4687497388974,50.625005222053055,0.9881688995369639,25.23125009399695,0,1
2024-12-02 08:00:00,31.47732034355964,75.08646609406728,395.11,97.79999999999998,1.150040241916237,26.494613562373097,0,1
2024-12-02 09:00:00,32.76427793935509,73.88677211707693,393.08449567999554,138.3100864000887,1.2962657214927344,27.541632362770475,0,1
2024-12-02 10:00:00,33.68566885847193,73.0764251787523,391.5302715509882,169.3945689802362,1.4072598330037742,28.30095389422239,0,1
2024-12-02 11:00:00,34.17870183244283,72.71064908377859,390.5532454188929,188.93509162214173,1.466097292787966,28.72083164919855,0,1
2024-12-02 12:00:00,34.2097774788672,72.81437086855466,390.22,195.6,1.463050577956734,28.772651652578134,0,1
2024-12-02 13:00:00,31.498076211353315,79.8698729810778,440.0,188.93509162214173,0.9303268211652922,27.47205080756888,0,0
2024-12-02 14:00:00,31.02132034355964,80.66446609406727,440.0,169.39456898023622,0.8697216316755335,27.15421356237309,0,0
2024-12-02 15:00:00,30.4,81.7,440.0,138.3100864000887,0.7944744866921908,26.74,0,0
2024-12-02 16:00:00,29.67645713530756,82.9059047744874,440.0,97.79999999999998,0.7119615485534303,26.25763809020504,0,0
2024-12-02 17:00:00,28.9,84.2,440.0,50.62500522205311,0.6292487721744813,25.74,0,0
2024-12-02 18:00:00,28.123542864692435,85.49409522551261,440.0,2.3954091391322227e-14,0.552269696938001,25.22236190979496,0,0
2024-12-02 19:00:00,27.4,86.7,440.0,0.0,0.4854323987777654,24.74,0,0
2024-12-02 20:00:00,26.77867965644036,87.73553390593274,440.0,0.0,0.4316243159236656,24.325786437626903,1,0
2024-12-02 21:00:00,26.301923788646683,88.5301270189222,440.0,0.0,0.39248791667935795,24.007949192431123,1,0
2024-12-02 22:00:00,26.0022225211328,89.02962913144535,440.0,0.0,0.3688108670586336,23.808148347421863,1,0
2024-12-02 23:00:00,25.9,89.2,440.0,0.0,0.360894983235975,23.74,1,0
2024-12-03 00:00:00,26.102222521132795,92.52962913144536,440.0,0.0,0.25263343146063544,24.608148347421864,1,0
2024-12-03 01:00:00,24.901923788646684,87.4301270189222,400.0,0.0,0.3958653748255396,22.38794919243113,1,1
2024-12-03 02:00:00,25.37867965644036,86.63553390593275,400.0,0.0,0.433000316448417,22.70578643762691,1,1
2024-12-03 03:00:00,26.0,85.60000000000001,400.0,0.0,0.48404733531876887,23.12,1,1
2024-12-03 04:00:00,26.72354286469244,84.39409522551261,400.0,0.0,0.5474427849136184,23.60236190979496,0,1
2024-12-03 05:00:00,27.5,83.10000000000001,400.0,0.0,0.6204446653702974,24.12,0,1
2024-12-03 06:00:00,28.276457135307563,81.8059047744874,400.0,0.0,0.6988722532427083,24.637638090205044,0,1
2024-12-03 07:00:00,29.936924943271126,80.13153752836445,397.6576876418222,46.84624716355626,0.8399866247616822,25.963232448944016,0,1
2024-12-03 08:00:00,31.43132034355964,78.8107736177473,395.475,90.5,0.9755719472798181,27.16321356237309,0,1
2024-12-03 09:00:00,32.65780275924862,77.49000970713016,393.60068363026176,127.98632739476513,1.1107324647172923,28.15580470067465,0,1
2024-12-03 10:00:00,33.53278944056687,76.70286488770483,390.4174289071252,156.75059808498338,1.2073595792281877,28.87336241810784,0,1
2024-12-03 11:00:00,33.996651491166425,76.58161787812975,391.25837127208393,174.83257455832137,1.2454524538120049,29.266986342049783,0,1
2024-12-03 12:00:00,34.0177774788672,76.46037086855466,390.95,181.0,1.2533740583042816,29.309851652578136,0,1
2024-12-03 13:00:00,31.59807621135332,83.3698729810778,440.0,174.83257455832137,0.7729421730731894,28.27205080756888,0,0
2024-12-03 14:00:00,31.12132034355964,84.16446609406727,440.0,151.40945097654324,0.7163544802537035,27.95421356237309,0,0
2024-12-03 15:00:00,30.5,85.2,440.0,127.98632739476513,0.6462093394342174,27.54,0,0
2024-12-03 16:00:00,29.776457135307563,86.4059047744874,440.0,90.5,0.569451642428632,27.05763809020504,0,0
2024-12-03 17:00:00,29.0,87.7,440.0,46.84624716355631,0.4926983448105683,26.54,1,0
2024-12-03 18:00:00,28.22354286469244,88.99409522551261,440.0,2.2166107064567093e-14,0.42146115493656794,26.02236190979496,1,0
2024-12-03 19:00:00,27.5,90.2,440.0,0.0,0.3597844805105867,25.54,1,0
2024-12-03 20:00:00,26.87867965644036,91.23553390593274,440.0,0.0,0.31026580530647974,25.125786437626907,1,0
2024-12-03 21:00:00,26.401923788646684,92.0301270189222,440.0,0.0,0.27433392048801064,24.807949192431124,1,0
2024-12-03 22:00:00,26.102222521132795,92.52962913144536,440.0,0.0,0.25263343146063544,24.608148347421864,1,0
2024-12-03 23:00:00,26.0,92.7,440.0,0.0,0.245385107487987,24.54,1,0
2024-12-04 00:00:00,26.4022225211328,88.42962913144534,440.0,0.0,0.3982749903212103,24.088148347421864,1,0
2024-12-04 01:00:00,25.201923788646685,83.3301270189222,400.0,0.0,0.5344493049279705,21.867949192431123,0,1
2024-12-04 02:00:00,25.67867965644036,82.53553390593274,400.0,0.0,0.5759985545445632,22.185786437626906,0,1
2024-12-04 03:00:00,26.3,81.5,400.0,0.0,0.6329802135537707,22.6,0,1
2024-12-04 04:00:00,27.02354286469244,80.2940952255126,400.0,0.0,0.7035535274693954,23.08236190979496,0,1
2024-12-04 05:00:00,27.8,79.0,400.0,0.0,0.784588337559013,23.6,0,1
2024-12-04 06:00:00,28.576457135307564,77.7059047744874,400.0,0.0,0.87140290650696,24.11763809020504,0,1
2024-12-04 07:00:00,30.03659900236177,76.13170049881911,398.1585024940956,36.8299501180887,1.014875414283052,25.2629391021256,0,1
2024-12-04 08:00:00,31.34432034355964,74.75296609406726,396.4425,71.14999999999999,1.1566706406901917,26.294913562373093,0,1
2024-12-04 09:00:00,32.41050211061023,73.66366003144934,394.9689352518577,100.62129496284572,1.2815762312793704,27.1432341169001,0,1
2024-12-04 10:00:00,33.16248577803772,72.9380167189694,393.83822925207375,123.23541495852562,1.3737135698536354,27.7500891218316,0,1
2024-12-04 11:00:00,33.54902490161869,72.62548754919065,393.1274377459533,137.45124508093443,1.4199545020010553,28.074122411456816,0,1
2024-12-04 12:00:00,33.543777478867206,72.74737086855465,392.885,142.3,1.413217896978934,28.093251652578136,0,1
2024-12-04 13:00:00,31.89807621135332,79.2698729810778,440.0,137.45124508093443,0.9800080810576215,27.75205080756888,0,0
2024-12-04 14:00:00,31.421320343559643,80.06446609406726,440.0,123.23541495852564,0.9173300273408599,27.43421356237309,0,0
2024-12-04 15:00:00,30.8,81.1,440.0,100.62129496284572,0.8394796177187105,27.02,0,0
2024-12-04 16:00:00,30.076457135307564,82.30590477448739,440.0,71.14999999999999,0.7540706990192602,26.537638090205043,0,0
2024-12-04 17:00:00,29.3,83.6,440.0,36.829950118088746,0.6684064697448014,26.02,0,0
2024-12-04 18:00:00,28.52354286469244,84.8940952255126,440.0,1.7426723951866842e-14,0.5886313310626007,25.50236190979496,0,0
2024-12-04 19:00:00,27.8,86.1,440.0,0.0,0.5193227567652516,25.02,0,0
2024-12-04 20:00:00,27.17867965644036,87.13553390593273,440.0,0.0,0.46349197457960223,24.605786437626904,0,0
2024-12-04 21:00:00,26.701923788646685,87.93012701892219,440.0,0.0,0.4228637478730459,24.287949192431125,1,0
2024-12-04 22:00:00,26.4022225211328,88.42962913144534,440.0,0.0,0.3982749903212103,24.088148347421864,1,0
2024-12-04 23:00:00,26.3,88.6,440.0,0.0,0.3900526721358373,24.02,1,0
2024-12-05 00:00:00,25.5022225211328,91.72962913144536,440.0,0.0,0.2699272910620935,23.848148347421866,1,0
2024-12-05 01:00:00,24.301923788646683,86.63012701892221,400.0,0.0,0.4062331265140998,21.627949192431124,1,1
2024-12-05 02:00:00,24.77867965644036,85.83553390593275,400.0,0.0,0.4428174860868082,21.945786437626907,1,1
2024-12-05 03:00:00,25.4,84.80000000000001,400.0,0.0,0.4930944202001186,22.36,0,1
2024-12-05 04:00:00,26.123542864692435,83.59409522551262,400.0,0.0,0.5555149199023768,22.84236190979496,0,1
2024-12-05 05:00:00,27.190432242318774,82.43124101414818,400.0,26.36977505769156,0.6334182351283517,23.676680445148413,0,1
2024-12-05 06:00:00,28.257321619945117,81.26838680278375,400.0,52.73955011538312,0.7187197936192382,24.510998980501867,0,1
2024-12-05 07:00:00,29.324210997571456,80.10553259141932,397.124520408911,79.10932517307468,0.8119612996203419,25.34531751585532,0,1
2024-12-05 08:00:00,30.391100375197798,78.9426783800549,394.46624999999995,105.47910023076624,0.9137154308612053,26.179636051208778,0,1
2024-12-05 09:00:00,31.457989752824137,77.77982416869047,392.2041477374184,131.84887528845778,1.0245871620492184,27.01395458656223,0,1
2024-12-05 10:00:00,32.52487913045048,76.61696995732603,390.4174289071252,158.21865034614936,1.1452151249828297,27.848273121915685,0,1
2024-12-05 11:00:00,33.59176850807682,75.4541157459616,390.770578729808,184.5884254038409,1.2762730055787794,28.68259165726914,0,1
2024-12-05 12:00:00,33.619777478867206,75.55937086855467,390.445,191.1,1.272789374248309,28.73165165257814,0,1
2024-12-05 13:00:00,30.998076211353315,82.56987298107781,440.0,184.5884254038409,0.782978776167162,27.51205080756888,0,0
2024-12-05 14:00:00,30.52132034355964,83.36446609406727,440.0,165.49745466320624,0.727239280577579,27.194213562373093,0,0
2024-12-05 15:00:00,29.9,84.4,440.0,135.12810588474923,0.6581309898587333,26.78,0,0
2024-12-05 16:00:00,29.17645713530756,85.6059047744874,440.0,95.54999999999998,0.5824867890758725,26.29763809020504,0,0
2024-12-05 17:00:00,28.4,86.9,440.0,49.46031951909176,0.5068211468652682,25.78,0,0
2024-12-05 18:00:00,27.623542864692435,88.19409522551261,440.0,2.340300033170592e-14,0.43656611060677286,25.26236190979496,1,0
2024-12-05 19:00:00,26.9,89.4,440.0,0.0,0.3757145271057576,24.78,1,0
2024-12-05 20:00:00,26.27867965644036,90.43553390593274,440.0,0.0,0.3268383330660119,24.365786437626905,1,0
2024-12-05 21:00:00,25.801923788646683,91.2301270189222,440.0,0.0,0.29135981466750505,24.047949192431123,1,0
2024-12-05 22:00:00,25.5022225211328,91.72962913144536,440.0,0.0,0.2699272910620935,23.848148347421866,1,0
2024-12-05 23:00:00,25.4,91.9,440.0,0.0,0.26276742129085273,23.78,1,0
2024-12-06 00:00:00,25.9022225211328,87.22962913144535,440.0,0.0,0.42679340570996777,23.348148347421866,1,0
2024-12-06 01:00:00,24.701923788646685,82.13012701892221,400.0,0.0,0.5561046052973486,21.127949192431128,0,1
2024-12-06 02:00:00,25.17867965644036,81.33553390593275,400.0,0.0,0.5975708014624224,21.445786437626907,0,1
2024-12-06 03:00:00,25.8,80.30000000000001,400.0,0.0,0.6544147980846218,21.860000000000003,0,1
2024-12-06 04:00:00,26.52354286469244,79.09409522551262,400.0,0.0,0.7247837215098865,22.34236190979496,0,1
2024-12-06 05:00:00,27.3,77.80000000000001,400.0,0.0,0.8055433938106373,22.860000000000003,0,1
2024-12-06 06:00:00,28.076457135307564,76.5059047744874,400.0,0.0,0.8920215569108374,23.377638090205046,0,1
2024-12-06 07:00:00,29.90153385595633,74.74923307202185,397.2461653601092,55.07669279781641,1.0653702204082747,24.851380470360706,0,1
2024-12-06 08:00:00,31.549320343559643,73.20046609406728,394.46624999999995,106.4,1.2421622806896753,26.189413562373097,0,1
2024-12-06 09:00:00,32.90752267208326,71.96514975071284,392.4763838481752,150.47232303649733,1.4028958857556522,27.30055262222583,0,1
2024-12-06 10:00:00,33.88358159737378,71.12746880930138,390.7854897037336,184.2902059253285,1.5258778529767671,28.10907535923405,0,1
2024-12-06 11:00:00,34.41098031668628,70.74450984165688,389.7225492082843,205.5490158343137,1.592140941981535,28.55988228501765,0,1
2024-12-06 12:00:00,34.45377747886721,70.84237086855467,389.36,212.8,1.5905888287583576,28.622251652578143,0,1
2024-12-06 13:00:00,31.39807621135332,78.06987298107781,440.0,205.5490158343137,1.0077804514738196,27.01205080756888,0,0
2024-12-06 14:00:00,30.921320343559643,78.86446609406727,440.0,184.29020592532856,0.9452883731313815,26.694213562373097,0,0
2024-12-06 15:00:00,30.3,79.9,440.0,150.47232303649733,0.8676417019569926,26.28,0,0
2024-12-06 16:00:00,29.576457135307564,81.1059047744874,440.0,106.4,0.7824174489864192,25.797638090205044,0,0
2024-12-06 17:00:00,28.8,82.4,440.0,55.07669279781648,0.6968918228009297,25.28,0,0
2024-12-06 18:00:00,28.02354286469244,83.69409522551261,440.0,2.6060483885855682e-14,0.6171972466206558,24.76236190979496,0,0
2024-12-06 19:00:00,27.3,84.9,440.0,0.0,0.5479146507450732,24.28,0,0
2024-12-06 20:00:00,26.67867965644036,85.93553390593274,440.0,0.0,0.49207055815610873,23.86578643762691,0,0
2024-12-06 21:00:00,26.201923788646685,86.7301270189222,440.0,0.0,0.4514109369970576,23.54794919243113,0,0
2024-12-06 22:00:00,25.9022225211328,87.22962913144535,440.0,0.0,0.42679340570996777,23.348148347421866,1,0
2024-12-06 23:00:00,25.8,87.4,440.0,0.0,0.41855971857189006,23.28,1,0
2024-12-07 00:00:00,25.802222521132794,88.92962913144534,440.0,0.0,0.36779532118579733,23.58814834742186,1,0
2024-12-07 01:00:00,24.601923788646683,83.8301270189222,400.0,0.0,0.5002048126941824,21.367949192431123,0,1
2024-12-07 02:00:00,25.07867965644036,83.03553390593274,400.0,0.0,0.5399202805149006,21.685786437626906,0,1
2024-12-07 03:00:00,25.7,82.0,400.0,0.0,0.5944115387862525,22.1,0,1
2024-12-07 04:00:00,26.42354286469244,80.7940952255126,400.0,0.0,0.6619362524283052,22.58236190979496,0,1
2024-12-07 05:00:00,27.2,79.5,400.0,0.0,0.7395146020177301,23.1,0,1
2024-12-07 06:00:00,27.97645713530756,78.2059047744874,400.0,0.0,0.8226730272423339,23.61763809020504,0,1
2024-12-07 07:00:00,29.73527618041008,76.48236190979496,397.4118095489748,51.76380902050415,0.9828167385070912,25.031748562369074,0,1
2024-12-07 08:00:00,31.32132034355964,74.96446609406726,395.0,100.0,1.1454837799724698,26.31421356237309,0,1
2024-12-07 09:00:00,32.6265033360995,73.75565941870471,392.9289321881345,141.4213562373095,1.2927225883033826,27.37763521984045,0,1
2024-12-07 10:00:00,33.56187909400496,72.93832006098577,391.3397459621556,173.20508075688772,1.404735759285388,28.14954310620212,0,1
2024-12-07 11:00:00,34.063703305156274,72.56814834742187,390.3407417371093,193.18516525781365,1.4643551175165512,28.577332974640647,0,1
2024-12-07 12:00:00,34.0977774788672,72.67037086855466,390.0,200.0,1.4616671361182632,28.63185165257813,0,1
2024-12-07 13:00:00,31.298076211353315,79.7698729810778,440.0,193.18516525781365,0.9243944164992309,27.252050807568875,0,0
2024-12-07 14:00:00,30.82132034355964,80.56446609406726,440.0,173.20508075688775,0.8643163205828647,26.93421356237309,0,0
2024-12-07 15:00:00,30.2,81.6,440.0,141.4213562373095,0.7897248798170081,26.52,0,0
2024-12-07 16:00:00,29.47645713530756,82.80590477448739,440.0,100.0,0.7079325638049649,26.03763809020504,0,0
2024-12-07 17:00:00,28.7,84.1,440.0,51.763809020504205,0.6259438069690062,25.52,0,0
2024-12-07 18:00:00,27.92354286469244,85.35,440.0,2.4492935982947064e-14,0.5512993537411507,25.00236190979496,0,0
2024-12-07 19:00:00,27.2,86.6,440.0,0.0,0.48339003253841883,24.52,0,0
2024-12-07 20:00:00,26.57867965644036,87.63553390593273,440.0,0.0,0.43005543207704633,24.105786437626904,1,0
2024-12-07 21:00:00,26.101923788646683,88.43012701892219,440.0,0.0,0.3912637254504236,23.78794919243112,1,0
2024-12-07 22:00:00,25.802222521132794,88.92962913144534,440.0,0.0,0.36779532118579733,23.58814834742186,1,0
2024-12-07 23:00:00,25.7,89.1,440.0,0.0,0.35994920959834203,23.52,1,0
2024-12-08 00:00:00,25.602222521132795,86.42962913144534,440.0,0.0,0.44554293250396526,22.88814834742186,1,0
2024-12-08 01:00:00,24.401923788646684,81.3301270189222,400.0,0.0,0.5706753804759813,20.667949192431124,0,1
2024-12-08 02:00:00,24.87867965644036,80.53553390593274,400.0,0.0,0.6121492479006104,20.985786437626903,0,1
2024-12-08 03:00:00,25.5,79.5,400.0,0.0,0.6689881069615193,21.4,0,1
2024-12-08 04:00:00,26.22354286469244,78.2940952255126,400.0,0.0,0.7393283000145219,21.88236190979496,0,1
2024-12-08 05:00:00,27.0,77.0,400.0,0.0,0.8200282404364945,22.4,0,1
2024-12-08 06:00:00,27.776457135307563,75.7059047744874,400.0,0.0,0.9064148238163086,22.91763809020504,0,1
2024-12-08 07:00:00,29.62741576046658,73.9362921197667,397.124520408911,56.37078802332902,1.0824847916213642,24.414674184419923,0,1
2024-12-08 08:00:00,31.299320343559643,72.37546609406726,394.555,108.9,1.262363287414486,25.77441356237309,0,1
2024-12-08 09:00:00,32.678233350201914,71.1297944116535,392.2996071528785,154.00785694243007,1.4262082826687257,26.90419223253261,0,1
2024-12-08 10:00:00,33.67018413775222,70.28416753911215,390.5689833527875,188.62033294425075,1.5518657289589437,27.72701764557465,0,1
2024-12-08 11:00:00,34.20757289931518,69.89621355034241,389.481067751712,210.3786449657591,1.61989867261295,28.186815609383665,0,1
2024-12-08 12:00:00,34.25377747886721,69.99237086855466,389.11,217.8,1.618876748695832,28.25225165257814,0,1
2024-12-08 13:00:00,31.09807621135332,77.2698729810778,440.0,210.3786449657591,1.0268875685896868,26.552050807568875,0,0
2024-12-08 14:00:00,30.62132034355964,78.06446609406726,440.0,188.62033294425075,0.9644266341519141,26.234213562373093,0,0
2024-12-08 15:00:00,30.0,79.1,440.0,154.00785694243007,0.8868005972806341,25.82,0,0
2024-12-08 16:00:00,29.276457135307563,80.30590477448739,440.0,108.9,0.8015732917235612,25.33763809020504,0,0
2024-12-08 17:00:00,28.5,81.6,440.0,56.37078802332909,0.7160138337380799,24.82,0,0
2024-12-08 18:00:00,27.72354286469244,82.8940952255126,440.0,2.6672807285429355e-14,0.6362557843815569,24.30236190979496,0,0
2024-12-08 19:00:00,27.0,84.1,440.0,0.0,0.5668890879539246,23.82,0,0
2024-12-08 20:00:00,26.37867965644036,85.13553390593273,440.0,0.0,0.5109547594045768,23.405786437626904,0,0
2024-12-08 21:00:00,25.901923788646684,85.93012701892219,440.0,0.0,0.47021523095401785,23.08794919243112,0,0
2024-12-08 22:00:00,25.602222521132795,86.42962913144534,440.0,0.0,0.44554293250396526,22.88814834742186,1,0
2024-12-08 23:00:00,25.5,86.22962913144534,440.0,0.0,0.44937630924450905,22.82,1,0
2024-12-09 00:00:00,25.4022225211328,86.02962913144535,440.0,0.0,0.45326455026639206,22.608148347421864,1,0
2024-12-09 01:00:00,24.201923788646685,80.9301270189222,400.0,0.0,0.5759624179521623,20.38794919243113,0,1
2024-12-09 02:00:00,24.67867965644036,80.13553390593275,400.0,0.0,0.6173183696840286,20.70578643762691,0,1
2024-12-09 03:00:00,25.3,79.10000000000001,400.0,0.0,0.6739889664586219,21.120000000000005,0,1
2024-12-09 04:00:00,26.02354286469244,77.89409522551261,400.0,0.0,0.7441114595978043,21.60236190979496,0,1
2024-12-09 05:00:00,26.8,76.60000000000001,400.0,0.0,0.8245503847175226,22.120000000000005,0,1
2024-12-09 06:00:00,27.576457135307564,75.3059047744874,400.0,0.0,0.9106460325197815,22.637638090205044,0,1
2024-12-09 07:00:00,29.46106223632991,73.51946888183505,397.0973444091752,58.0531118164954,1.089316884429223,24.16495601269692,0,1
2024-12-09 08:00:00,31.16432034355964,71.94296609406727,394.3925,112.15,1.2723279390632463,25.552913562373096,0,1
2024-12-09 09:00:00,32.57015723175617,70.68383247087638,392.06979744899286,158.60405102014263,1.439461891258741,26.706923725931446,0,1
2024-12-09 10:00:00,33.5827674402442,69.82787588786617,390.2875250965576,194.2494980688496,1.568023142866074,27.36337632849547,0,1
2024-12-09 11:00:00,34.133143256732765,69.43342837163362,389.1671418581681,216.65716283663804,1.63800765990231,28.01982893105949,0,1
2024-12-09 12:00:00,34.183777478867206,69.52737086855467,388.785,224.3,1.637578329078248,28.08925165257814,0,1
2024-12-09 13:00:00,30.89807621135332,76.8698729810778,440.0,216.65716283663804,1.0331277262231444,26.27205080756888,0,0
2024-12-09 14:00:00,30.421320343559643,77.66446609406727,440.0,187.63060692839034,0.9708556639086297,25.95421356237309,0,0
2024-12-09 15:00:00,29.8,78.7,440.0,158.60405102014263,0.8934567461253924,25.54,0,0
2024-12-09 16:00:00,29.076457135307564,79.9059047744874,440.0,112.15,0.8084679112928612,25.05763809020504,0,0
2024-12-09 17:00:00,28.3,81.2,440.0,58.053111816495466,0.7231347380090468,24.540000000000003,0,0
2024-12-09 18:00:00,27.52354286469244,82.49409522551261,440.0,2.7468827704875133e-14,0.6435739267666717,24.02236190979496,0,0
2024-12-09 19:00:00,26.8,83.7,440.0,0.0,0.5743662936280179,23.540000000000003,0,0
2024-12-09 20:00:00,26.17867965644036,84.73553390593274,440.0,0.0,0.5185504916712913,23.125786437626907,0,0
2024-12-09 21:00:00,25.701923788646685,85.5301270189222,440.0,0.0,0.4778911043680893,22.807949192431124,0,0
2024-12-09 22:00:00,25.4022225211328,86.02962913144535,440.0,0.0,0.45326455026639206,22.608148347421864,0,0
2024-12-09 23:00:00,25.3,86.2,440.0,0.0,0.4450262075181332,22.540000000000003,1,0
2024-12-10 00:00:00,26.102222521132795,83.72962913144535,440.0,0.0,0.550232337321079,22.848148347421866,0,0
2024-12-10 01:00:00,24.901923788646684,78.63012701892221,400.0,0.0,0.6730054305531392,20.627949192431124,0,1
2024-12-10 02:00:00,25.37867965644036,77.83553390593275,400.0,0.0,0.7181147952406212,20.945786437626907,0,1
2024-12-10 03:00:00,26.0,76.80000000000001,400.0,0.0,0.7798540402357944,21.360000000000003,0,1
2024-12-10 04:00:00,26.72354286469244,75.59409522551262,400.0,0.0,0.8561398183028973,21.84236190979496,0,1
2024-12-10 05:00:00,27.5,74.30000000000001,400.0,0.0,0.9435164437879671,22.360000000000003,0,1
2024-12-10 06:00:00,28.276457135307563,73.0059047744874,400.0,0.0,1.0368981760658402,22.877638090205046,0,1
2024-12-10 07:00:00,30.09066345606202,71.254668271969,397.27334135984495,54.53317280310112,1.2260401453023217,24.341597110455822,0,1
2024-12-10 08:00:00,31.72832034355964,69.71096609406727,394.7325,105.34999999999998,1.4182123398706399,25.67051356237309,0,1
2024-12-10 09:00:00,33.07782418727343,68.47999899311776,392.5506300601997,148.98739879600558,1.5924369338788724,26.773823985896986,0,1
2024-12-10 10:00:00,34.04720853041483,67.64565534278086,390.87642237113096,182.4715525773812,1.7255406535461448,27.576339598971,0,1
2024-12-10 11:00:00,34.57041143198214,67.26479428400894,389.82397142004464,203.5205715991067,1.797341106295133,28.023370288783926,0,1
2024-12-10 12:00:00,34.611777478867204,67.36337086855467,389.465,210.7,1.7960427019019647,28.08445165257814,0,1
2024-12-10 13:00:00,31.59807621135332,74.56987298107781,440.0,203.5205715991067,1.1819523457137648,27.139332607475616,0,0
2024-12-10 14:00:00,31.12132034355964,75.36446609406727,440.0,182.47155257738123,1.114441432274364,26.194213562373093,0,0
2024-12-10 15:00:00,30.5,76.4,440.0,148.98739879600558,1.0304419196383465,25.78,0,0
2024-12-10 16:00:00,29.776457135307563,77.6059047744874,440.0,105.34999999999998,0.9380804014774343,25.29763809020504,0,0
2024-12-10 17:00:00,29.0,78.9,440.0,54.53317280310117,0.8451979736181292,24.78,0,0
2024-12-10 18:00:00,28.22354286469244,80.19409522551261,440.0,2.5803308058034732e-14,0.7584491844931418,24.26236190979496,0,0
2024-12-10 19:00:00,27.5,81.4,440.0,0.0,0.6828562589282564,23.78,0,0
2024-12-10 20:00:00,26.87867965644036,82.43553390593274,440.0,0.0,0.6217895259065526,23.365786437626905,0,0
2024-12-10 21:00:00,26.401923788646684,83.2301270189222,440.0,0.0,0.5772419475075352,23.04794919243113,0,0
2024-12-10 22:00:00,26.102222521132795,83.72962913144535,440.0,0.0,0.550232337321079,22.848148347421866,0,0
2024-12-10 23:00:00,26.0,83.9,440.0,0.0,0.5411918124050125,22.78,0,0
2024-12-11 00:00:00,24.9022225211328,82.32962913144534,440.0,0.0,0.5565062242944409,21.368148347421865,0,0
2024-12-11 01:00:00,23.701923788646685,77.2301270189222,400.0,0.0,0.6673728104465457,19.147949192431128,0,1
2024-12-11 02:00:00,24.17867965644036,76.43553390593274,400.0,0.0,0.710720628133551,19.465786437626907,0,1
2024-12-11 03:00:00,24.8,75.4,400.0,0.0,0.7700378639510055,19.880000000000003,0,1
2024-12-11 04:00:00,25.52354286469244,74.19409522551261,400.0,0.0,0.8433158921303965,20.36236190979496,0,1
2024-12-11 05:00:00,26.3,72.9,400.0,0.0,0.9272304749895769,20.88,0,1
2024-12-11 06:00:00,27.076457135307564,71.6059047744874,400.0,0.0,1.016895873737274,21.39763809020504,0,1
2024-12-11 07:00:00,28.23947473858408,70.18026263070797,398.9013131535398,21.97373692920401,1.142977775050477,22.275527264725675,0,1
2024-12-11 08:00:00,29.169109132196077,68.93996609406727,397.8775,42.45,1.256375491270118,23.058313562373097,0,1
2024-12-11 09:00:00,30.098743525808075,67.96953932385043,396.9983317138631,60.03336572273789,1.3667896586861132,23.69265139057816,0,1
2024-12-11 10:00:00,30.668288614493186,67.33511530074168,396.3237221609351,73.52555678129885,1.4400132173455744,24.13531167464152,0,1
2024-12-11 11:00:00,30.94014205303884,67.07992897348059,395.8996448674029,82.0071026519419,1.4739320427310856,24.35612784773496,0,1
2024-12-11 12:00:00,30.600534816545775,67.22137086855466,395.755,84.9,1.439449259335919,24.34005165257814,0,1
2024-12-11 13:00:00,30.26092758005271,73.1698729810778,440.0,82.0071026519419,1.155568854507612,25.03205080756888,0,0
2024-12-11 14:00:00,29.921320343559643,73.96446609406726,440.0,73.52555678129885,1.0997290041582795,24.714213562373097,0,0
2024-12-11 15:00:00,29.3,75.0,440.0,60.03336572273789,1.018912301440246,24.3,0,0
2024-12-11 16:00:00,28.576457135307564,76.2059047744874,440.0,42.45,0.9300329763321138,23.817638090205044,0,0
2024-12-11 17:00:00,27.8,77.5,440.0,21.97373692920404,0.8406303616703712,23.3,0,0
2024-12-11 18:00:00,27.02354286469244,78.7940952255126,440.0,1.0397251324761032e-14,0.7571075410141271,22.8,0,0
2024-12-11 19:00:00,26.3,80.0,440.0,0.0,0.6843029335716436,22.3,0,0
2024-12-11 20:00:00,25.67867965644036,81.03553390593274,440.0,0.0,0.6254703120642705,21.885786437626905,0,0
2024-12-11 21:00:00,25.201923788646685,81.8301270189222,440.0,0.0,0.5825404906437793,21.56794919243113,0,0
2024-12-11 22:00:00,24.9022225211328,82.32962913144534,440.0,0.0,0.5565062242944409,21.368148347421865,0,0
2024-12-11 23:00:00,24.8,82.5,440.0,0.0,0.5477911633797804,21.3,0,0
2024-12-12 00:00:00,22.7022225211328,100.0,440.0,0.0,0.0,22.7022225211328,0,0
2024-12-12 01:00:00,21.501923788646685,95.5301270189222,400.0,0.0,0.11463979774292167,20.607949192431125,0,1
2024-12-12 02:00:00,21.97867965644036,94.73553390593274,400.0,0.0,0.13900808662844855,20.925786437626908,1,1
2024-12-12 03:00:00,22.6,93.7,400.0,0.0,0.1727573746028406,21.340000000000003,1,1
2024-12-12 04:00:00,23.32354286469244,92.4940952255126,400.0,0.0,0.21503576532792273,21.82236190979496,1,1
2024-12-12 05:00:00,24.1,91.2,400.0,0.0,0.26416495990219796,22.340000000000003,1,1
2024-12-12 06:00:00,24.876457135307565,89.9059047744874,400.0,0.0,0.3174129740003727,22.857638090205043,1,1
2024-12-12 07:00:00,25.75270323661049,88.62364838169476,399.6182419084738,7.635161830524362,0.3768543977702869,23.477432912949443,1,1
2024-12-12 08:00:00,26.516320343559645,87.51696609406727,399.2625,14.749999999999998,0.43258845119536055,24.0197135623731,1,1
2024-12-12 09:00:00,27.11526921225338,86.66127648062778,398.95701749774986,20.85965004500316,0.4787964172649418,24.447524508378937,1,1
2024-12-12 10:00:00,27.508732467100025,86.11489337443825,398.722612529418,25.54774941164094,0.5100200105477214,24.73171114198768,1,1
2024-12-12 11:00:00,27.66989623751056,85.91505188124472,398.5752594062236,28.49481187552752,0.5222533903555743,24.852906613759497,1,1
2024-12-12 12:00:00,27.587777478867206,86.07537086855466,398.525,29.5,0.5138392574707119,24.802851652578138,1,1
2024-12-12 13:00:00,28.19807621135332,91.4698729810778,440.0,28.49481187552752,0.32617024759429386,26.49205080756888,1,0
2024-12-12 14:00:00,27.721320343559643,92.26446609406726,440.0,25.547749411640943,0.2876866232079669,26.17421356237309,1,0
2024-12-12 15:00:00,27.1,93.3,440.0,20.85965004500316,0.24028280794552095,25.76,1,0
2024-12-12 16:00:00,26.376457135307565,94.5059047744874,440.0,14.749999999999998,0.18883062111021096,25.27763809020504,1,0
2024-12-12 17:00:00,25.6,95.8,440.0,7.63516183052437,0.13787638913063113,24.76,1,0
2024-12-12 18:00:00,24.82354286469244,97.0940952255126,440.0,3.6127080574846916e-15,0.09108948671648605,24.24236190979496,1,0
2024-12-12 19:00:00,24.1,98.3,440.0,0.0,0.05103186725383376,23.76,1,0
2024-12-12 20:00:00,23.47867965644036,99.33553390593272,440.0,0.0,0.019215118538869848,23.345786437626906,1,0
2024-12-12 21:00:00,23.001923788646685,100.0,440.0,0.0,0.0,23.001923788646685,1,0
2024-12-12 22:00:00,22.7022225211328,100.0,440.0,0.0,0.0,22.7022225211328,1,0
2024-12-12 23:00:00,22.6,100.0,440.0,0.0,0.0,22.6,1,0
2024-12-13 00:00:00,22.802222521132794,100.0,440.0,0.0,0.0,22.802222521132794,1,0
2024-12-13 01:00:00,21.601923788646683,97.9301270189222,400.0,0.0,0.05341216610081326,21.187949192431123,1,1
2024-12-13 02:00:00,22.07867965644036,97.13553390593276,400.0,0.0,0.0760984703549075,21.505786437626902,1,1
2024-12-13 03:00:00,22.7,96.1,400.0,0.0,0.10759560343741767,21.92,1,1
2024-12-13 04:00:00,23.42354286469244,94.8940952255126,400.0,0.0,0.14716333828492906,22.40236190979496,1,1
2024-12-13 05:00:00,24.2,93.6,400.0,0.0,0.19327525236838375,22.92,1,1
2024-12-13 06:00:00,24.97645713530756,92.3059047744874,400.0,0.0,0.24339024853316846,23.43763809020504,1,1
2024-12-13 07:00:00,25.89773775045833,91.00113112477084,397.124520408911,9.886887522916291,0.300667779567253,24.097963975412497,1,1
2024-12-13 08:00:00,26.703320343559643,89.87346609406727,399.045,19.1,0.35480868251216235,24.678013562373096,1,1
2024-12-13 09:00:00,27.33830579217984,88.99975819066455,398.6494260479337,27.01147904132612,0.40004775097177736,25.13825743031275,1,1
2024-12-13 10:00:00,27.75942088735852,88.43954916430901,398.3458914787717,33.082170424565554,0.43089304905854375,25.44733072022032,1,1
2024-12-13 11:00:00,27.93796733128485,88.23101633435759,398.1550816717879,36.898366564242416,0.44325512215279717,25.58417059815637,1,1
2024-12-13 12:00:00,27.861777478867204,88.38837086855466,398.09,38.2,0.4353914333568667,25.539451652578137,1,1
2024-12-13 13:00:00,28.298076211353315,93.8698729810778,440.0,36.898366564242416,0.23576661662354675,27.072050807568875,1,0
2024-12-13 14:00:00,27.82132034355964,94.66446609406728,440.0,33.08217042456556,0.19959071720180696,26.754213562373096,1,0
2024-12-13 15:00:00,27.2,95.7,440.0,27.01147904132612,0.15511769700859682,26.34,1,0
2024-12-13 16:00:00,26.47645713530756,96.9059047744874,440.0,19.1,0.10697169944718934,25.857638090205043,1,0
2024-12-13 17:00:00,25.7,98.2,440.0,9.886887522916304,0.05944115387862529,25.34,1,0
2024-12-13 18:00:00,24.92354286469244,99.4940952255126,440.0,4.6781507727428894e-15,0.01595309824447244,24.82236190979496,1,0
2024-12-13 19:00:00,24.2,100.0,440.0,0.0,0.0,24.2,1,0
2024-12-13 20:00:00,23.57867965644036,100.0,440.0,0.0,0.0,23.57867965644036,1,0
2024-12-13 21:00:00,23.101923788646683,100.0,440.0,0.0,0.0,23.101923788646683,1,0
2024-12-13 22:00:00,22.802222521132794,100.0,440.0,0.0,0.0,22.802222521132794,1,0
2024-12-13 23:00:00,22.7,100.0,440.0,0.0,0.0,22.7,1,0
2024-12-14 00:00:00,21.0022225211328,100.0,440.0,0.0,0.0,21.0022225211328,1,0
2024-12-14 01:00:00,19.801923788646683,95.5301270189222,400.0,0.0,0.10324350463344194,18.90794919243112,1,1
2024-12-14 02:00:00,20.27867965644036,94.73553390593274,400.0,0.0,0.12523768124412127,19.225786437626905,1,1
2024-12-14 03:00:00,20.9,93.7,400.0,0.0,0.15572151281122634,19.64,1,1
2024-12-14 04:00:00,21.623542864692435,92.4940952255126,400.0,0.0,0.19394274410412676,20.12236190979496,1,1
2024-12-14 05:00:00,22.4,91.2,400.0,0.0,0.23839925165901826,20.64,1,1
2024-12-14 06:00:00,23.17645713530756,89.9059047744874,400.0,0.0,0.28662813454678904,21.15763809020504,1,1
2024-12-14 07:00:00,24.4134969854834,88.4432515072583,398.7162575362915,25.674849274170057,0.35349573483122515,22.102147286935057,1,1
2024-12-14 08:00:00,25.51332034355964,87.16846609406727,397.52,49.6,0.4190698021894506,22.94701356237309,1,1
2024-12-14 09:00:00,26.400976065227425,86.16842305414075,396.4927503653148,70.14499269370552,0.47607519120694947,23.63466067605557,1,1
2024-12-14 10:00:00,27.01597187997553,85.5112736680005,395.7045139972292,85.90972005541632,0.5170566203665298,24.11822661357563,1,1
2024-12-14 11:00:00,27.31639683935751,85.24180158032125,395.20900790160624,95.81984196787558,0.5360263153060724,24.36475715542176,1,1
2024-12-14 12:00:00,27.281777478867205,85.37837086855465,395.04,99.2,0.529990959097617,24.35745165257813,1,1
2024-12-14 13:00:00,26.498076211353315,91.4698729810778,440.0,95.81984196787558,0.2952865670676269,24.79205080756888,1,0
2024-12-14 14:00:00,26.02132034355964,92.26446609406726,440.0,85.90972005541632,0.2603532141151949,24.47421356237309,1,0
2024-12-14 15:00:00,25.4,93.3,440.0,70.14499269370552,0.21735082995663155,24.06,1,0
2024-12-14 16:00:00,24.67645713530756,94.5059047744874,440.0,49.6,0.17071467297572615,23.57763809020504,1,0
2024-12-14 17:00:00,23.9,95.8,440.0,25.67484927417009,0.12457427647818765,23.06,1,0
2024-12-14 18:00:00,23.123542864692435,97.0940952255126,440.0,1.2148496247541744e-14,0.08225161798395132,22.542361909794955,1,0
2024-12-14 19:00:00,22.4,98.3,440.0,6.074248123770872e-15,0.04605440088867404,22.06,1,0
2024-12-14 20:00:00,21.77867965644036,99.33553390593272,440.0,0.0,0.01733242826235981,21.645786437626903,1,0
2024-12-14 21:00:00,21.301923788646683,100.0,440.0,0.0,0.0,21.301923788646683,1,0
2024-12-14 22:00:00,21.0022225211328,100.0,440.0,0.0,0.0,21.0022225211328,1,0
2024-12-14 23:00:00,20.9,100.0,440.0,0.0,0.0,20.9,1,0
2024-12-15 00:00:00,23.7022225211328,85.22962913144535,440.0,0.0,0.4329194580506599,20.748148347421868,1,0
2024-12-15 01:00:00,22.501923788646685,80.13012701892221,400.0,0.0,0.541634057945933,18.527949192431127,0,1
2024-12-15 02:00:00,22.97867965644036,79.33553390593275,400.0,0.0,0.5798070549769393,18.84578643762691,0,1
2024-12-15 03:00:00,23.6,78.30000000000001,400.0,0.0,0.6321259910737833,19.260000000000005,0,1
2024-12-15 04:00:00,24.32354286469244,77.09409522551262,400.0,0.0,0.696879531374738,19.74236190979496,0,1
2024-12-15 05:00:00,25.1,75.80000000000001,400.0,0.0,0.7711803744536152,20.260000000000005,0,1
2024-12-15 06:00:00,25.876457135307565,74.2460170315271,400.0,0.0,0.8594024149730484,20.777638090205045,0,1
2024-12-15 07:00:00,27.815931873891643,72.6920340630542,396.9601703152709,60.79659369458212,1.021210711738441,22.35433868650248,0,1
2024-12-15 08:00:00,29.570320343559644,71.08996609406728,394.1275,113.44798829765108,1.196761669235785,23.78831356237309,0,1
2024-12-15 09:00:00,31.02006386936772,69.80887915207062,392.2041477374184,166.09938290072003,1.3579140397240435,24.98183969978184,0,1
2024-12-15 10:00:00,32.0663648258465,68.93607719506502,389.8285316325517,203.42936734896463,1.4825679192200232,25.853580264859502,0,1
2024-12-15 11:00:00,32.63791953190604,68.53104023404698,388.6552011702349,226.89597659530216,1.5510682914968998,26.34412757871544,0,1
2024-12-15 12:00:00,32.69577747886721,68.62137086855466,388.255,234.9,1.5516558936497626,26.42005165257813,0,1
2024-12-15 13:00:00,29.19807621135332,76.06987298107781,440.0,226.89597659530216,0.9695909131376002,24.41205080756888,0,0
2024-12-15 14:00:00,28.721320343559643,76.86446609406727,440.0,203.42936734896463,0.9119142512565991,24.0942135623731,0,0
2024-12-15 15:00:00,28.1,77.9,440.0,166.09938290072003,0.8402409335473757,23.680000000000003,0,0
2024-12-15 16:00:00,27.376457135307565,79.1059047744874,440.0,117.45,0.7615573260198507,23.197638090205047,0,0
2024-12-15 17:00:00,26.6,80.4,440.0,60.796593694582185,0.6825744867253758,22.680000000000003,0,0
2024-12-15 18:00:00,25.82354286469244,81.69409522551261,440.0,2.8766953311971327e-14,0.6089524184617754,22.16236190979496,0,0
2024-12-15 19:00:00,25.1,82.9,440.0,0.0,0.5449249753370587,21.680000000000003,0,0
2024-12-15 20:00:00,24.47867965644036,83.93553390593274,440.0,0.0,0.49329664318954036,21.265786437626907,0,0
2024-12-15 21:00:00,24.001923788646685,84.7301270189222,440.0,0.0,0.4556930240047756,20.947949192431125,0,0
2024-12-15 22:00:00,23.7022225211328,85.22962913144535,440.0,0.0,0.4329194580506599,20.748148347421868,0,0
2024-12-15 23:00:00,23.6,85.4,440.0,0.0,0.42530135804964225,20.680000000000003,0,0
2024-12-16 00:00:00,24.0022225211328,83.22962913144535,440.0,0.0,0.5004807866522638,20.648148347421863,0,0
2024-12-16 01:00:00,22.801923788646683,78.13012701892221,400.0,0.0,0.6070977703688909,18.427949192431125,0,1
2024-12-16 02:00:00,23.27867965644036,77.33553390593275,400.0,0.0,0.6475561003747022,18.745786437626904,0,1
2024-12-16 03:00:00,23.9,76.30000000000001,400.0,0.0,0.7029548458412007,19.16,0,1
2024-12-16 04:00:00,24.623542864692435,75.09409522551262,400.0,0.0,0.7714441630789803,19.64236190979496,0,1
2024-12-16 05:00:00,25.4,73.80000000000001,400.0,0.0,0.8499390663975731,20.16,0,1
2024-12-16 06:00:00,26.17645713530756,72.5059047744874,400.0,0.0,0.9338817381304976,20.677638090205043,0,1
2024-12-16 07:00:00,27.857630466879325,70.82118476656035,397.6059238328017,47.881523343966336,1.093828916752772,22.021867420191395,0,1
2024-12-16 08:00:00,29.37132034355964,69.33946609406728,395.375,92.5,1.2547637835786751,23.23921356237309,0,1
2024-12-16 09:00:00,30.61437130174354,68.1617254358827,393.4592622740244,130.8147545195113,1.3992593109842457,24.24671638892008,0,1
2024-12-16 10:00:00,31.502071472869627,67.58738132862396,391.9892650149939,160.21469970012114,1.4983095969726825,24.97571624718032,0,1
2024-12-16 11:00:00,31.97392555726956,67.01303722136524,391.0651861068261,178.69627786347763,1.5661464429414336,25.3765330015426,0,1
2024-12-16 12:00:00,31.997777478867203,67.12037086855467,390.75,185.0,1.5631561818798803,25.421851652578138,0,1
2024-12-16 13:00:00,29.498076211353315,74.06987298107781,440.0,178.69627786347763,1.0689510365808932,24.31205080756888,0,0
2024-12-16 14:00:00,29.02132034355964,74.86446609406727,440.0,160.21469970012117,1.0080896429380333,23.99421356237309,0,0
2024-12-16 15:00:00,28.4,75.9,440.0,130.8147545195113,0.932396155683433,23.58,0,0
2024-12-16 16:00:00,27.67645713530756,77.1059047744874,440.0,92.5,0.8492114031300443,23.09763809020504,0,0
2024-12-16 17:00:00,26.9,78.4,440.0,47.88152334396639,0.7656069608947513,22.58,0,0
2024-12-16 18:00:00,26.123542864692435,79.69409522551261,440.0,2.265596578422604e-14,0.6875715310676682,22.06236190979496,0,0
2024-12-16 19:00:00,25.4,80.9,440.0,0.0,0.6196120674883071,21.58,0,0
2024-12-16 20:00:00,24.77867965644036,81.93553390593274,440.0,0.0,0.5647414742039387,21.165786437626902,0,0
2024-12-16 21:00:00,24.301923788646683,82.7301270189222,440.0,0.0,0.5247315741543461,20.847949192431123,0,0
2024-12-16 22:00:00,24.10096189432334,83.22962913144535,440.0,0.0,0.5034545378260563,20.648148347421863,0,0
2024-12-16 23:00:00,23.9,83.4,440.0,0.0,0.49236499750902674,20.58,0,0
2024-12-17 00:00:00,24.9022225211328,84.02962913144535,440.0,0.0,0.5029668510499259,21.708148347421865,0,0
2024-12-17 01:00:00,23.701923788646685,78.9301270189222,400.0,0.0,0.6175467188077409,19.487949192431124,0,1
2024-12-17 02:00:00,24.17867965644036,78.13553390593275,400.0,0.0,0.6594474499930444,19.805786437626907,0,1
2024-12-17 03:00:00,24.8,77.10000000000001,400.0,0.0,0.7168238652226835,20.22,0,1
2024-12-17 04:00:00,25.52354286469244,75.89409522551261,400.0,0.0,0.7877612805347194,20.70236190979496,0,1
2024-12-17 05:00:00,26.3,74.60000000000001,400.0,0.0,0.8690647256359871,21.22,0,1
2024-12-17 06:00:00,27.076457135307564,73.3059047744874,400.0,0.0,0.9560126875810167,21.73763809020505,0,1
2024-12-17 07:00:00,28.9398390746315,71.53008046268425,397.1504023134213,56.991953731575066,1.1364543518754315,23.24585516716835,0,1
2024-12-17 08:00:00,30.62332034355964,69.96346609406727,394.495,110.09999999999998,1.3207493044321115,24.61601356237309,0,1
2024-12-17 09:00:00,32.01217447569887,68.71282384890503,392.2147543391361,155.70491321727778,1.488658703473899,25.754739245479875,0,1
2024-12-17 10:00:00,33.01175335713387,67.86338292942133,390.46506030433335,190.69879391333336,1.6175853545280816,26.584429943018137,0,1
2024-12-17 11:00:00,33.55393733897706,67.47303133051147,389.36515665255735,212.69686694885283,1.6876827401779433,27.048543605079352,0,1
2024-12-17 12:00:00,33.601777478867206,67.56837086855467,388.99,220.2,1.68723825989845,27.115451652578137,0,1
2024-12-17 13:00:00,30.39807621135332,74.8698729810778,440.0,212.69686694885283,1.0908769616738172,25.37205080756888,0,0
2024-12-17 14:00:00,29.921320343559643,75.66446609406727,440.0,190.6987939133334,1.0279217843092923,25.054213562373096,0,0
2024-12-17 15:00:00,29.3,76.7,440.0,155.70491321727778,0.9496262649423092,24.64,0,0
2024-12-17 16:00:00,28.576457135307564,77.9059047744874,440.0,110.09999999999998,0.8635855638636056,24.157638090205044,0,0
2024-12-17 17:00:00,27.8,79.2,440.0,56.99195373157512,0.7771160676774986,23.64,0,0
2024-12-17 18:00:00,27.02354286469244,80.49409522551261,440.0,2.6966722517224722e-14,0.6964129923300978,23.12236190979496,0,0
2024-12-17 19:00:00,26.3,81.7,440.0,0.0,0.6261371842180539,22.64,0,0
2024-12-17 20:00:00,25.67867965644036,82.73553390593274,440.0,0.0,0.5694023202086018,22.22578643762691,0,0
2024-12-17 21:00:00,25.201923788646685,83.5301270189222,440.0,0.0,0.5280371468325293,21.90794919243113,0,0
2024-12-17 22:00:00,24.9022225211328,84.02962913144535,440.0,0.0,0.5029668510499259,21.708148347421865,0,0
2024-12-17 23:00:00,24.8,84.2,440.0,0.0,0.4945771646514585,21.64,0,0
2024-12-18 00:00:00,26.7022225211328,83.42962913144534,440.0,0.0,0.5805473033605226,23.388148347421865,0,0
2024-12-18 01:00:00,25.501923788646685,78.3301270189222,400.0,0.0,0.70724596512097,21.167949192431124,0,1
2024-12-18 02:00:00,25.97867965644036,77.53553390593274,400.0,0.0,0.7541783244638786,21.485786437626903,0,1
2024-12-18 03:00:00,26.6511112605664,76.5,400.0,0.0,0.820857549419206,21.9,0,1
2024-12-18 04:00:00,27.32354286469244,75.2940952255126,400.0,0.0,0.8977081373066839,22.38236190979496,0,1
2024-12-18 05:00:00,28.1,74.0,400.0,0.0,0.988518745349854,22.9,0,1
2024-12-18 06:00:00,28.876457135307565,72.7059047744874,400.0,0.0,1.0855319908722165,23.417638090205045,0,1
2024-12-18 07:00:00,30.81489659771124,70.89255170114438,396.9627585057219,60.744829885561614,1.293961430808551,24.993406937940108,0,1
2024-12-18 08:00:00,32.56832034355964,69.29096609406726,394.1325,117.34999999999998,1.507697590394999,26.42651356237309,0,1
2024-12-18 09:00:00,34.01723544224297,68.01029336563298,391.7021019227759,165.9579615444827,1.703249371940341,27.619294115369566,0,1
2024-12-18 10:00:00,35.06290072423136,67.13780924587257,389.8371918865896,203.25616226820773,1.8541697010640037,28.49046257340588,0,1
2024-12-18 11:00:00,35.634055828600886,66.73297208569956,388.6648604284978,226.7027914300444,1.9370544403412138,28.9806502457408,0,1
2024-12-18 12:00:00,35.69177747886721,66.82337086855466,388.265,234.7,1.9379336172074062,29.05645165257814,0,1
2024-12-18 13:00:00,32.19807621135332,74.2698729810778,440.0,226.7027914300444,1.2371702210434543,27.052050807568875,0,0
2024-12-18 14:00:00,31.721320343559643,75.06446609406726,440.0,203.25616226820776,1.1670846784700994,26.734213562373093,0,0
2024-12-18 15:00:00,31.1,76.1,440.0,165.9579615444827,1.0798575396334853,26.32,0,0
2024-12-18 16:00:00,30.376457135307565,77.30590477448739,440.0,117.34999999999998,0.9839136407702415,25.83763809020504,0,0
2024-12-18 17:00:00,29.6,78.6,440.0,60.74482988556168,0.8873898731256921,25.32,0,0
2024-12-18 18:00:00,28.82354286469244,79.8940952255126,440.0,2.8742460375988385e-14,0.7972013537395445,24.80236190979496,0,0
2024-12-18 19:00:00,28.1,81.1,440.0,0.0,0.7185770879658555,24.32,0,0
2024-12-18 20:00:00,27.47867965644036,82.13553390593273,440.0,0.0,0.6550360154301451,23.905786437626904,0,0
2024-12-18 21:00:00,27.001923788646685,82.93012701892219,440.0,0.0,0.6086677312838736,23.587949192431125,0,0
2024-12-18 22:00:00,26.7022225211328,83.42962913144534,440.0,0.0,0.5805473033605226,23.388148347421865,0,0
2024-12-18 23:00:00,26.6,83.6,440.0,0.0,0.5711337541987841,23.32,0,0
2024-12-19 00:00:00,26.2022225211328,88.72962913144535,440.0,0.0,0.3833991769725072,23.948148347421867,0,0
2024-12-19 01:00:00,25.001923788646685,83.63012701892221,400.0,0.0,0.5186206141397102,21.72794919243113,0,1
2024-12-19 02:00:00,25.47867965644036,82.83553390593275,400.0,0.0,0.5594294866565851,22.04578643762691,0,1
2024-12-19 03:00:00,26.1511112605664,81.80000000000001,400.0,0.0,0.6172682634064096,22.460000000000004,0,1
2024-12-19 04:00:00,26.82354286469244,80.59409522551262,400.0,0.0,0.6847561444463715,22.94236190979496,0,1
2024-12-19 05:00:00,27.6,79.30000000000001,400.0,0.0,0.7644058657805065,23.460000000000004,0,1
2024-12-19 06:00:00,28.376457135307565,78.0059047744874,400.0,0.0,0.8497593253866274,23.977638090205048,0,1
2024-12-19 07:00:00,30.0850652856602,76.30746735716991,397.5373367858495,49.2532642830097,1.010204954151397,25.34655875709418,0,1
2024-12-19 08:00:00,31.62432034355964,74.81296609406728,395.2425,95.15,1.1723961923989534,26.5869135623731,0,1
2024-12-19 09:00:00,32.88932462054932,73.62424877647982,393.27187897701,134.56242045980002,1.318525082386397,27.61417437584528,0,1
2024-12-19 10:00:00,33.79387016567078,72.82232452515288,391.7597682829911,146.87573653055244,1.4291418026379556,28.35833507070136,0,1
2024-12-19 11:00:00,34.2763136948562,72.69484769685377,390.80921576285954,159.18905260130487,1.474927220583463,28.768682325370584,0,1
2024-12-19 12:00:00,34.303777478867204,72.56737086855466,390.485,171.5023686720573,1.4840758727380277,28.817251652578136,0,1
2024-12-19 13:00:00,31.69807621135332,79.56987298107781,440.0,183.8156847428097,0.9549553901568478,27.61205080756888,0,0
2024-12-19 14:00:00,31.221320343559643,80.36446609406727,440.0,159.18905260130487,0.8933205250392576,27.2942135623731,0,0
2024-12-19 15:00:00,30.6,81.4,440.0,134.56242045980002,0.8167803020893237,26.880000000000003,0,0
2024-12-19 16:00:00,29.876457135307565,82.6059047744874,440.0,95.15,0.7328289860909651,26.39763809020505,0,0
2024-12-19 17:00:00,29.1,83.9,440.0,49.25326428300976,0.6486503921447235,25.880000000000003,0,0
2024-12-19 18:00:00,28.32354286469244,85.19409522551261,440.0,2.3305028587774132e-14,0.5702827858629321,25.36236190979496,0,0
2024-12-19 19:00:00,27.6,86.4,440.0,0.0,0.5022183465997531,24.880000000000003,0,0
2024-12-19 20:00:00,26.97867965644036,87.43553390593274,440.0,0.0,0.4474059441626049,24.465786437626907,0,0
2024-12-19 21:00:00,26.501923788646685,88.2301270189222,440.0,0.0,0.4075288627907763,24.147949192431128,1,0
2024-12-19 22:00:00,26.2022225211328,88.72962913144535,440.0,0.0,0.3833991769725072,23.948148347421867,1,0
2024-12-19 23:00:00,26.1,88.9,440.0,0.0,0.3753311611149169,23.880000000000003,1,0
2024-12-20 00:00:00,26.302222521132794,88.42962913144534,440.0,0.0,0.3959338326042972,23.988148347421863,1,0
2024-12-20 01:00:00,26.601923788646683,87.93012701892219,440.0,0.0,0.42038367636280316,24.187949192431123,1,0
2024-12-20 02:00:00,25.57867965644036,82.53553390593274,400.0,0.0,0.572594089077092,22.085786437626904,0,1
2024-12-20 03:00:00,26.2,81.5,400.0,0.0,0.6292565227642049,22.5,0,1
2024-12-20 04:00:00,26.92354286469244,80.2940952255126,400.0,0.0,0.6994372344072101,22.98236190979496,0,1
2024-12-20 05:00:00,27.7,79.0,400.0,0.0,0.7800247099966318,23.5,0,1
2024-12-20 06:00:00,28.47645713530756,77.7059047744874,400.0,0.0,0.8663637952961091,24.01763809020504,0,1
2024-12-20 07:00:00,30.42524935951533,75.88737532024233,396.9368766012117,61.262467975766654,1.0483357103480875,25.6027244235638,0,1
2024-12-20 08:00:00,32.18832034355964,74.28096609406727,394.0825,118.34999999999998,1.2359562498428045,27.04451356237309,0,1
2024-12-20 09:00:00,33.64551971349043,72.99615123000925,391.6313912446572,161.6691065378883,1.408296143612483,28.24474995949228,0,1
2024-12-20 10:00:00,34.69754174038274,72.12048873779689,389.7505893462112,204.9882130757766,1.5415599314098847,29.12163948794212,0,1
2024-12-20 11:00:00,35.272692861652445,71.71365356917377,388.5682678458689,228.6346430826225,1.6145794553853239,29.6154235754872,0,1
2024-12-20 12:00:00,35.3317774788672,71.80337086855465,388.165,236.7,1.6147112365081375,29.69245165257813,0,1
2024-12-20 13:00:00,31.798076211353315,79.2698729810778,440.0,228.6346430826225,0.9744795557175848,28.51333260747561,0,0
2024-12-20 14:00:00,31.32132034355964,80.06446609406726,440.0,204.98821307577663,0.9121367581030778,27.33421356237309,0,0
2024-12-20 15:00:00,30.7,81.1,440.0,167.3721751068558,0.8347050872986507,26.92,0,0
2024-12-20 16:00:00,29.97645713530756,82.30590477448739,440.0,118.34999999999998,0.7497587501249263,26.43763809020504,0,0
2024-12-20 17:00:00,29.2,83.6,440.0,61.262467975766725,0.6645621328688446,25.92,0,0
2024-12-20 18:00:00,28.42354286469244,84.8940952255126,440.0,2.898738973581785e-14,0.585226067531565,25.402361909794955,0,0
2024-12-20 19:00:00,27.7,86.1,440.0,0.0,0.5163020699501516,24.92,0,0
2024-12-20 20:00:00,27.07867965644036,87.13553390593273,440.0,0.0,0.46078338555111636,24.505786437626902,0,0
2024-12-20 21:00:00,26.601923788646683,87.93012701892219,440.0,0.0,0.42038367636280316,24.187949192431123,1,0
2024-12-20 22:00:00,26.302222521132794,88.42962913144534,440.0,0.0,0.3959338326042972,23.988148347421863,1,0
2024-12-20 23:00:00,26.2,88.6,440.0,0.0,0.38775807348713187,23.92,1,0
2024-12-21 00:00:00,26.302222521132794,86.72962913144535,440.0,0.0,0.4541072069130312,23.648148347421863,1,0
2024-12-21 01:00:00,26.601923788646683,86.2301270189222,440.0,0.0,0.4795932679581026,23.847949192431123,1,0
2024-12-21 02:00:00,25.57867965644036,80.83553390593275,400.0,0.0,0.628330688534989,21.745786437626908,0,1
2024-12-21 03:00:00,26.2,79.80000000000001,400.0,0.0,0.6870800951263203,22.160000000000004,0,1
2024-12-21 04:00:00,26.92354286469244,78.59409522551262,400.0,0.0,0.7597766764221572,22.64236190979496,0,1
2024-12-21 05:00:00,27.7,77.30000000000001,400.0,0.0,0.8431695674725492,23.160000000000004,0,1
2024-12-21 06:00:00,28.47645713530756,76.0059047744874,400.0,0.0,0.9324269585285835,23.677638090205043,0,1
2024-12-21 07:00:00,30.29376928460325,74.25311535769839,397.26557678849184,54.68846423016264,1.1110003185100845,25.14439235614293,0,1
2024-12-21 08:00:00,31.93432034355964,72.70796609406727,394.7175,105.65,1.2928663626321089,26.47591356237309,0,1
2024-12-21 09:00:00,33.286309468647666,71.47575635243064,392.5294168567641,149.4116628647175,1.4580153034219712,27.581460739133792,0,1
2024-12-21 10:00:00,34.25760083526024,70.64045919035814,390.8504416090174,182.99116781965188,1.5842497210905744,28.38569267333187,0,1
2024-12-21 11:00:00,34.782002541897604,70.25899872905121,389.794993645256,204.1001270948801,1.6521980281320618,28.833802287707847,0,1
2024-12-21 12:00:00,34.82377747886721,70.35737086855467,389.435,211.3,1.650545279636979,28.89525165257814,0,1
2024-12-21 13:00:00,31.798076211353315,77.56987298107781,440.0,204.1001270948801,1.0543929707780786,27.31205080756888,0,0
2024-12-21 14:00:00,31.32132034355964,78.36446609406727,440.0,182.9911678196519,0.9899190987262081,26.99421356237309,0,0
2024-12-21 15:00:00,30.7,79.4,440.0,149.4116628647175,0.9097843808651954,26.58,0,0
2024-12-21 16:00:00,29.97645713530756,80.6059047744874,440.0,105.65,0.8217935085552174,26.09763809020504,0,0
2024-12-21 17:00:00,29.2,81.9,440.0,54.68846423016269,0.733449671032078,25.58,0,0
2024-12-21 18:00:00,28.42354286469244,83.19409522551261,440.0,2.5876786865983573e-14,0.6510866915495273,25.06236190979496,0,0
2024-12-21 19:00:00,27.7,84.4,440.0,0.0,0.5794469274260691,24.58,0,0
2024-12-21 20:00:00,27.07867965644036,85.43553390593274,440.0,0.0,0.5216745060771473,24.165786437626902,0,0
2024-12-21 21:00:00,26.601923788646683,86.2301270189222,440.0,0.0,0.4795932679581026,23.847949192431123,0,0
2024-12-21 22:00:00,26.302222521132794,86.72962913144535,440.0,0.0,0.4541072069130312,23.648148347421863,1,0
2024-12-21 23:00:00,26.2,86.9,440.0,0.0,0.44558164584924725,23.58,1,0
2024-12-22 00:00:00,25.7022225211328,89.92962913144534,440.0,0.0,0.3325962737229415,23.688148347421865,1,0
2024-12-22 01:00:00,26.001923788646685,89.43012701892219,440.0,0.0,0.3553403277525867,23.88794919243112,1,0
2024-12-22 02:00:00,24.97867965644036,86.21506350946109,400.0,0.0,0.4361218952403012,21.785786437626907,0,1
2024-12-22 03:00:00,25.6,83.0,400.0,0.0,0.5580710988620781,22.200000000000003,0,1
2024-12-22 04:00:00,26.32354286469244,81.7940952255126,400.0,0.0,0.6237831722045902,22.68236190979496,0,1
2024-12-22 05:00:00,27.1,80.5,400.0,0.0,0.6993305604384558,23.200000000000003,0,1
2024-12-22 06:00:00,27.876457135307565,79.2059047744874,400.0,0.0,0.7803659746779152,23.717638090205043,0,1
2024-12-22 07:00:00,29.57833599048753,77.51083200475624,397.5541600237812,48.91679952437642,0.9313925654286859,25.080502391438777,0,1
2024-12-22 08:00:00,31.111320343559644,76.01946609406727,395.275,94.5,1.0841942135773555,26.315213562373096,0,1
2024-12-22 09:00:00,32.370939844238464,74.83344116463523,393.3178409177871,133.64318164425748,1.2219255704683558,27.337628077165512,0,1
2024-12-22 10:00:00,33.271353505172385,74.03358285540207,391.81605993423705,163.6788013152589,1.326161432658154,28.0780700762528,0,1
2024-12-22 11:00:00,33.75119962337268,73.67440018831365,390.87200094156833,182.55998116863395,1.3810447114793782,28.486079661035408,0,1
2024-12-22 12:00:00,32.474637917363,73.78037086855466,388.925,189.0,1.2805142009715231,28.53385165257814,0,1
2024-12-22 13:00:00,31.19807621135332,80.7698729810778,440.0,182.55998116863395,0.873721336098975,27.35205080756888,0,0
2024-12-22 14:00:00,30.721320343559643,81.56446609406726,440.0,163.6788013152589,0.8151832664542104,27.034213562373093,0,0
2024-12-22 15:00:00,30.1,82.6,440.0,133.64318164425748,0.7425385801900917,26.62,0,0
2024-12-22 16:00:00,29.376457135307565,83.80590477448739,440.0,94.5,0.6629297521703611,26.13763809020504,0,0
2024-12-22 17:00:00,28.6,85.1,440.0,48.91679952437647,0.5831873855032967,25.62,0,0
2024-12-22 18:00:00,27.82354286469244,86.3940952255126,440.0,2.314582450388497e-14,0.5090332581399443,25.10236190979496,0,0
2024-12-22 19:00:00,27.1,87.6,440.0,0.0,0.4447025102275313,24.62,1,0
2024-12-22 20:00:00,26.47867965644036,88.63553390593273,440.0,0.0,0.3929534525492584,24.205786437626905,1,0
2024-12-22 21:00:00,26.001923788646685,89.43012701892219,440.0,0.0,0.3553403277525867,23.88794919243112,1,0
2024-12-22 22:00:00,25.7022225211328,89.92962913144534,440.0,0.0,0.3325962737229415,23.688148347421865,1,0
2024-12-22 23:00:00,25.6,90.1,440.0,0.0,0.32499434580791625,23.62,1,0
2024-12-23 00:00:00,24.302222521132794,95.12962913144534,440.0,0.0,0.14798505432032322,23.328148347421862,1,0
2024-12-23 01:00:00,24.601923788646683,94.6301270189222,440.0,0.0,0.16611363069053225,23.527949192431123,1,0
2024-12-23 02:00:00,23.57867965644036,89.23553390593274,400.0,0.0,0.3131690923996608,21.425786437626904,1,1
2024-12-23 03:00:00,24.2,88.2,400.0,0.0,0.3563512465542072,21.84,1,1
2024-12-23 04:00:00,24.92354286469244,86.99409522551261,400.0,0.0,0.41012555541875867,22.32236190979496,1,1
2024-12-23 05:00:00,25.7,85.7,400.0,0.0,0.47222694470241167,22.84,1,1
2024-12-23 06:00:00,26.47645713530756,84.4059047744874,400.0,0.0,0.5391323621392495,23.357638090205043,0,1
2024-12-23 07:00:00,28.220264675794137,82.68986766210294,397.4493383105146,51.01323378970684,0.6627495363928037,24.758238208214724,0,1
2024-12-23 08:00:00,29.79232034355964,81.17896609406726,395.0725,98.54999999999998,0.7891250183738405,26.028113562373093,0,1
2024-12-23 09:00:00,31.085491142790687,79.97616551535911,393.0314626714066,139.37074657186852,0.9039768938388336,27.08072424586251,0,1
2024-12-23 10:00:00,32.01164962058546,79.16343479769553,391.4653196457044,170.69360708591284,0.9913842689032318,27.844336580124565,0,1
2024-12-23 11:00:00,32.50767960723151,78.79616019638425,390.4808009819212,190.38398036157537,1.0374813849278748,28.26691164650836,0,1
2024-12-23 12:00:00,32.53977747886721,78.89937086855466,390.145,197.1,1.0342984620889575,28.319651652578138,0,1
2024-12-23 13:00:00,29.798076211353315,85.9698729810778,440.0,190.38398036157537,0.588447250209249,26.99205080756888,0,0
2024-12-23 14:00:00,29.32132034355964,86.76446609406726,440.0,170.69360708591287,0.540097422643172,26.67421356237309,0,0
2024-12-23 15:00:00,28.7,87.8,440.0,139.37074657186852,0.48028392735986625,26.26,1,0
2024-12-23 16:00:00,27.97645713530756,89.00590477448739,440.0,98.54999999999998,0.41499982024375215,25.77763809020504,1,0
2024-12-23 17:00:00,27.2,90.3,440.0,51.01323378970689,0.34991666534497473,25.26,1,0
2024-12-23 18:00:00,26.42354286469244,91.5940952255126,440.0,2.4137788411194333e-14,0.28971158453751583,24.74236190979496,1,0
2024-12-23 19:00:00,25.7,92.8,440.0,0.0,0.23776461551450115,24.26,1,0
2024-12-23 20:00:00,25.07867965644036,93.83553390593272,440.0,0.0,0.19619363464066594,23.845786437626906,1,0
2024-12-23 21:00:00,24.601923788646683,94.6301270189222,440.0,0.0,0.16611363069053225,23.527949192431123,1,0
2024-12-23 22:00:00,24.302222521132794,95.12962913144534,440.0,0.0,0.14798505432032322,23.328148347421862,1,0
2024-12-23 23:00:00,24.2,95.3,440.0,0.0,0.14193651345803182,23.26,1,0
2024-12-24 00:00:00,25.0022225211328,86.52962913144535,440.0,0.0,0.4267679003697541,22.308148347421863,1,0
2024-12-24 01:00:00,25.301923788646683,86.0301270189222,440.0,0.0,0.45055582674431394,22.507949192431123,1,0
2024-12-24 02:00:00,24.27867965644036,80.63553390593275,400.0,0.0,0.5875556601433823,20.405786437626904,0,1
2024-12-24 03:00:00,24.9,79.60000000000001,400.0,0.0,0.6423873665650491,20.82,0,1
2024-12-24 04:00:00,25.623542864692435,78.39409522551261,400.0,0.0,0.7102631205700937,21.30236190979496,0,1
2024-12-24 05:00:00,26.4,77.10000000000001,400.0,0.0,0.7881599335069992,21.82,0,1
2024-12-24 06:00:00,27.17645713530756,75.8059047744874,400.0,0.0,0.8715720334260785,22.33763809020504,0,1
2024-12-24 07:00:00,29.009816065399608,74.04509196730021,397.225459836501,55.49080326998045,1.0402598500234945,23.818834458859648,0,1
2024-12-24 08:00:00,30.66532034355964,72.49246609406727,394.64,107.2,1.212448870195307,25.163813562373093,0,1
2024-12-24 09:00:00,32.03015008908123,71.25383604221385,392.4198153056802,151.6036938863958,1.3691459674980946,26.280917297524,0,1
2024-12-24 10:00:00,33.01129441029487,70.41361240284083,390.7162076714308,185.67584657138363,1.489182114637775,27.09401689086304,0,1
2024-12-24 11:00:00,33.54188994312752,70.02905502843625,389.6452751421812,207.09449715637624,1.5540155567587068,27.54770094881477,0,1
2024-12-24 12:00:00,33.5857774788672,70.12637086855466,389.28,214.4,1.5527715929259822,27.611051652578134,0,1
2024-12-24 13:00:00,30.498076211353315,77.3698729810778,440.0,207.09449715637624,0.9879859376699371,25.97205080756888,0,0
2024-12-24 14:00:00,30.02132034355964,78.16446609406727,440.0,185.6758465713837,0.9276295120088904,25.65421356237309,0,0
2024-12-24 15:00:00,29.4,79.2,440.0,151.6036938863958,0.8526352960613964,25.24,0,0
2024-12-24 16:00:00,28.67645713530756,80.4059047744874,440.0,107.2,0.7703200143322511,24.75763809020504,0,0
2024-12-24 17:00:00,27.9,81.7,440.0,55.49080326998051,0.687709811289944,24.240000000000002,0,0
2024-12-24 18:00:00,27.123542864692435,82.99409522551261,440.0,2.6256427373719253e-14,0.6107267984557788,23.72236190979496,0,0
2024-12-24 19:00:00,26.4,84.2,440.0,0.0,0.5437959366554842,23.24,0,0
2024-12-24 20:00:00,25.77867965644036,85.23553390593274,440.0,0.0,0.48984243229620483,22.825786437626903,0,0
2024-12-24 21:00:00,25.301923788646683,86.0301270189222,440.0,0.0,0.45055582674431394,22.507949192431123,0,0
2024-12-24 22:00:00,25.0022225211328,86.52962913144535,440.0,0.0,0.4267679003697541,22.308148347421863,1,0
2024-12-24 23:00:00,24.9,86.7,440.0,0.0,0.4188113713389782,22.24,1,0
2024-12-25 00:00:00,25.5022225211328,85.92962913144534,440.0,0.0,0.4592269383261293,22.688148347421865,1,0
2024-12-25 01:00:00,25.801923788646683,85.43012701892219,440.0,0.0,0.4840521066445603,22.88794919243112,1,0
2024-12-25 02:00:00,24.77867965644036,80.03553390593274,400.0,0.0,0.6241403402097202,20.785786437626903,0,1
2024-12-25 03:00:00,25.4,79.0,400.0,0.0,0.6812488700133221,21.2,0,1
2024-12-25 04:00:00,26.123542864692435,77.7940952255126,400.0,0.0,0.7519068031738356,21.68236190979496,0,1
2024-12-25 05:00:00,26.9,76.5,400.0,0.0,0.832952017640123,22.2,0,1
2024-12-25 06:00:00,27.67645713530756,75.2059047744874,400.0,0.0,0.91968816362456,22.717638090205043,0,1
2024-12-25 07:00:00,29.48600471325017,73.4569976433749,397.2849882168746,54.30023566250885,1.0934561338914979,24.17740424192516,0,1
2024-12-25 08:00:00,31.11932034355964,71.91546609406726,394.755,104.9,1.2703198554647637,25.502413562373093,0,1
2024-12-25 09:00:00,32.46509626521207,70.68636295414842,392.5824498653531,148.3510026929377,1.4308503339393326,26.60236885604176,0,1
2024-12-25 10:00:00,33.2090605161605,69.8534495714149,390.9153935143012,181.6921297139752,1.534289126203909,27.40230998742969,0,1
2024-12-25 11:00:00,33.95302476710893,69.47348761644554,389.8674380822277,202.6512383554465,1.6195423876955621,27.847722290398035,0,1
2024-12-25 12:00:00,33.9937774788672,69.57237086855466,389.51,209.8,1.6179640945092173,27.908251652578134,0,1
2024-12-25 13:00:00,30.998076211353315,76.7698729810778,440.0,202.6512383554465,1.0435205895939679,26.352050807568872,0,0
2024-12-25 14:00:00,30.52132034355964,77.56446609406726,440.0,181.69212971397525,0.9807921783205069,26.03421356237309,0,0
2024-12-25 15:00:00,29.9,78.6,440.0,148.3510026929377,0.9028207168574939,25.62,0,0
2024-12-25 16:00:00,29.17645713530756,79.80590477448739,440.0,104.9,0.8171957668692127,25.13763809020504,0,0
2024-12-25 17:00:00,28.4,81.1,440.0,54.30023566250891,0.7312152424239374,24.62,0,0
2024-12-25 18:00:00,27.623542864692435,82.3940952255126,440.0,2.569308984611147e-14,0.6510421283187854,24.10236190979496,0,0
2024-12-25 19:00:00,26.9,83.6,440.0,0.0,0.5812941740126818,23.62,0,0
2024-12-25 20:00:00,26.27867965644036,84.63553390593273,440.0,0.0,0.525036780646764,23.2057864376269,0,0
2024-12-25 21:00:00,25.801923788646683,85.43012701892219,440.0,0.0,0.4840521066445603,22.88794919243112,0,0
2024-12-25 22:00:00,25.5022225211328,85.92962913144534,440.0,0.0,0.4592269383261293,22.688148347421865,0,0
2024-12-25 23:00:00,25.4,86.1,440.0,0.0,0.4509218711040562,22.62,1,0
2024-12-26 00:00:00,25.4022225211328,91.52962913144536,440.0,0.0,0.2748186772168475,23.708148347421865,1,0
2024-12-26 01:00:00,25.701923788646685,91.0301270189222,440.0,0.0,0.2962446533272513,23.90794919243113,1,0
2024-12-26 02:00:00,24.67867965644036,85.63553390593275,400.0,0.0,0.4463975396358357,21.805786437626907,1,1
2024-12-26 03:00:00,25.3,84.60000000000001,400.0,0.0,0.49662344896951066,22.22,0,1
2024-12-26 04:00:00,26.02354286469244,83.39409522551261,400.0,0.0,0.5589748153600512,22.70236190979496,0,1
2024-12-26 05:00:00,26.8,82.10000000000001,400.0,0.0,0.6307458071129768,23.22,0,1
2024-12-26 06:00:00,27.576457135307564,80.8059047744874,400.0,0.0,0.7078221131528456,23.73763809020505,0,1
2024-12-26 07:00:00,28.96827077445471,79.26586461277266,398.3293230638632,33.413538722735424,0.8290209388712082,24.82144369700924,0,1
2024-12-26 08:00:00,30.212320343559643,77.91896609406727,396.7725,64.54999999999998,0.9483831535646776,25.796113562373097,0,1
2024-12-26 09:00:00,31.22382592037698,76.85699812656598,395.4356257274408,91.28748545118329,1.0530430731049814,26.595225545690177,0,1
2024-12-26 10:00:00,31.933855071438625,76.15233207226895,394.4098060185714,111.80387962857102,1.1296716389321313,27.16432148589241,0,1
2024-12-26 11:00:00,32.29402048347838,75.85298975826082,393.7649487913041,124.70102417391873,1.1673503473334181,27.46461843513054,0,1
2024-12-26 12:00:00,32.2797774788672,75.97937086855467,393.545,129.1,1.1603083749420084,27.475651652578136,0,1
2024-12-26 13:00:00,30.89807621135332,82.3698729810778,440.0,124.70102417391873,0.7874653271546556,27.37205080756888,0,0
2024-12-26 14:00:00,30.421320343559643,83.16446609406727,440.0,111.80387962857104,0.7317878997805851,27.054213562373096,0,0
2024-12-26 15:00:00,29.8,84.2,440.0,91.28748545118329,0.6627519525249387,26.64,0,0
2024-12-26 16:00:00,29.076457135307564,85.4059047744874,440.0,64.54999999999998,0.5871803408793842,26.157638090205044,0,0
2024-12-26 17:00:00,28.3,86.7,440.0,33.41353872273546,0.5115793625276769,25.64,0,0
2024-12-26 18:00:00,27.52354286469244,87.99409522551261,440.0,1.581019017699233e-14,0.4413760602287883,25.12236190979496,1,0
2024-12-26 19:00:00,26.8,89.2,440.0,0.0,0.3805617160234721,24.64,1,0
2024-12-26 20:00:00,26.17867965644036,90.23553390593274,440.0,0.0,0.33170951822246675,24.22578643762691,1,0
2024-12-26 21:00:00,25.701923788646685,91.0301270189222,440.0,0.0,0.2962446533272513,23.90794919243113,1,0
2024-12-26 22:00:00,25.4022225211328,91.52962913144536,440.0,0.0,0.2748186772168475,23.554682244094707,1,0
2024-12-26 23:00:00,25.3,91.7,440.0,0.0,0.26766069002902204,23.201415295758288,1,0
2024-12-27 00:00:00,24.802222521132794,90.22962913144536,440.0,0.0,0.3058761422451321,22.848148347421866,1,0
2024-12-27 01:00:00,25.101923788646683,89.7301270189222,440.0,0.0,0.32730708254518953,23.047949192431123,1,0
2024-12-27 02:00:00,24.07867965644036,84.33553390593275,400.0,0.0,0.46962666926497315,20.945786437626907,0,1
2024-12-27 03:00:00,24.7,83.30000000000001,400.0,0.0,0.519638855156414,21.360000000000003,0,1
2024-12-27 04:00:00,25.42354286469244,82.03530159149581,400.0,0.0,0.5835976722314709,21.84236190979496,0,1
2024-12-27 05:00:00,26.2,80.77060318299161,400.0,0.0,0.6540661284283117,22.360000000000003,0,1
2024-12-27 06:00:00,26.97645713530756,79.5059047744874,400.0,0.0,0.729675600090591,22.877638090205043,0,1
2024-12-27 07:00:00,28.47179839249572,77.91410080375215,398.0705040187607,38.58991962478584,0.8580412020054328,24.054618553246147,0,1
2024-12-27 08:00:00,29.81232034355964,76.51896609406728,394.46624999999995,74.54999999999998,0.9856403899419055,25.11611356237309,0,1
2024-12-27 09:00:00,30.9066686328516,75.41557677032867,394.7285189462543,105.42962107491424,1.098622840469275,25.98978398691733,0,1
2024-12-27 10:00:00,31.6802652329524,74.67912699151206,393.543780614787,129.1243877042598,1.1823677439987657,26.616090631254814,0,1
2024-12-27 11:00:00,32.080390813994,74.359804593003,392.799022965015,144.0195406997001,1.2246829240449668,26.9523517325946,0,1
2024-12-27 12:00:00,31.18923351267366,74.47937086855467,392.545,149.1,1.1589477212967527,26.97565165257814,0,1
2024-12-27 13:00:00,30.298076211353315,81.06987298107781,440.0,144.0195406997001,0.8170527073136554,26.51205080756888,0,0
2024-12-27 14:00:00,29.82132034355964,81.86446609406727,440.0,129.12438770425982,0.7616511828071172,26.194213562373093,0,0
2024-12-27 15:00:00,29.2,82.9,440.0,105.42962107491424,0.6929275897595876,25.78,0,0
2024-12-27 16:00:00,28.47645713530756,84.1059047744874,440.0,74.54999999999998,0.6176554160679669,25.29763809020504,0,0
2024-12-27 17:00:00,27.7,85.4,440.0,38.589919624785885,0.5423028936167057,24.78,0,0
2024-12-27 18:00:00,26.92354286469244,86.69409522551261,440.0,1.8259483775287043e-14,0.4722769821156432,24.26236190979496,0,0
2024-12-27 19:00:00,26.2,87.9,440.0,0.0,0.4115677797538852,23.78,1,0
2024-12-27 20:00:00,25.57867965644036,88.93553390593274,440.0,0.0,0.36276218523559584,23.365786437626905,1,0
2024-12-27 21:00:00,25.101923788646683,89.7301270189222,440.0,0.0,0.32730708254518953,23.047949192431123,1,0
2024-12-27 22:00:00,24.802222521132794,90.22962913144536,440.0,0.0,0.3058761422451321,22.848148347421866,1,0
2024-12-27 23:00:00,24.7,90.4,440.0,0.0,0.29871455146716014,22.78,1,0
2024-12-28 00:00:00,24.602222521132795,87.52962913144535,440.0,0.0,0.3857699355652184,22.108148347421864,1,0
2024-12-28 01:00:00,24.901923788646684,87.0301270189222,440.0,0.0,0.4084626500858854,22.307949192431124,1,0
2024-12-28 02:00:00,23.87867965644036,81.63553390593275,400.0,0.0,0.5440028257716011,20.20578643762691,0,1
2024-12-28 03:00:00,24.5,80.60000000000001,400.0,0.0,0.5964819158710283,20.62,0,1
2024-12-28 04:00:00,25.22354286469244,79.39409522551261,400.0,0.0,0.6614915029079844,21.10236190979496,0,1
2024-12-28 05:00:00,26.0,78.10000000000001,400.0,0.0,0.736155322463961,21.62,0,1
2024-12-28 06:00:00,26.776457135307563,76.8059047744874,400.0,0.0,0.8161650046451402,22.137638090205044,0,1
2024-12-28 07:00:00,28.422948714835588,75.13852564258221,397.692628212911,46.147435741779454,0.9631386771249185,23.45065384335203,0,1
2024-12-28 08:00:00,29.904320343559643,73.67296609406728,395.5425,89.14999999999999,1.1109573200818375,24.63891356237309,0,1
2024-12-28 09:00:00,31.119618993064545,72.5091015902222,393.696143045722,126.07713908556144,1.243489653425865,25.621439311108983,0,1
2024-12-28 10:00:00,31.986024068762514,71.72624757360701,392.2793835252617,154.4123294947654,1.343292064185257,26.33127358348392,0,1
2024-12-28 11:00:00,32.44449149654682,71.3777542517266,391.38877125863297,172.2245748273409,1.3954820039833278,26.720042346892136,0,1
2024-12-28 12:00:00,32.46377747886721,71.48737086855466,391.085,178.3,1.391648367438725,26.76125165257814,0,1
2024-12-28 13:00:00,30.09807621135332,78.3698729810778,440.0,172.2245748273409,0.9229559169797473,25.77205080756888,0,0
2024-12-28 14:00:00,29.549038105676658,79.16446609406727,440.0,154.41232949476543,0.8614534381189345,25.45421356237309,0,0
2024-12-28 15:00:00,29.0,80.2,440.0,126.07713908556144,0.7931241648170122,25.04,0,0
2024-12-28 16:00:00,28.276457135307563,81.4059047744874,440.0,89.14999999999999,0.7142370679164876,24.55763809020504,0,0
2024-12-28 17:00:00,27.5,82.7,440.0,46.1474357417795,0.6351297462074642,24.04,0,0
2024-12-28 18:00:00,26.72354286469244,83.99409522551261,440.0,2.183545242879731e-14,0.5614744682494948,23.52236190979496,0,0
2024-12-28 19:00:00,26.0,85.2,440.0,0.0,0.4974930946331795,23.04,0,0
2024-12-28 20:00:00,25.37867965644036,86.23553390593274,440.0,0.0,0.4459600654844267,22.625786437626907,0,0
2024-12-28 21:00:00,24.901923788646684,87.0301270189222,440.0,0.0,0.4084626500858854,22.307949192431124,1,0
2024-12-28 22:00:00,24.602222521132795,87.52962913144535,440.0,0.0,0.3857699355652184,22.108148347421864,1,0
2024-12-28 23:00:00,24.5,87.7,440.0,0.0,0.3781818332584356,22.04,1,0
2024-12-29 00:00:00,24.9022225211328,85.22962913144535,440.0,0.0,0.4651743522890919,21.948148347421867,1,0
2024-12-29 01:00:00,25.201923788646685,84.7301270189222,440.0,0.0,0.48956419825988196,22.147949192431124,0,0
2024-12-29 02:00:00,24.17867965644036,79.33553390593275,400.0,0.0,0.6232546183644512,20.04578643762691,0,1
2024-12-29 03:00:00,24.8,78.30000000000001,400.0,0.0,0.6792610425909271,20.46,0,1
2024-12-29 04:00:00,25.52354286469244,77.09409522551262,400.0,0.0,0.7485462605848296,20.94236190979496,0,1
2024-12-29 05:00:00,26.3,75.80000000000001,400.0,0.0,0.8280065496216885,21.46,0,1
2024-12-29 06:00:00,27.076457135307564,74.5059047744874,400.0,0.0,0.9130363208824824,21.977638090205044,0,1
2024-12-29 07:00:00,29.005061473997337,72.69746926300134,396.9873463150067,60.25307369986683,1.0939712908945776,23.544555326597603,0,1
2024-12-29 08:00:00,30.74932034355964,71.10046609406727,394.18,116.4,1.2799235731048872,24.9694135623731,0,1
2024-12-29 09:00:00,32.19036538455788,69.82372839447552,391.7692770669886,164.61445866022828,1.4503210317036443,26.155111063452985,0,1
2024-12-29 10:00:00,33.22999175888755,68.95426372854449,389.91946429994914,201.61071400101733,1.5819057707602857,27.020844504596447,0,1
2024-12-29 11:00:00,33.7973506472019,68.55132467639906,388.75662338199527,224.8675323600951,1.6540539074164535,27.50761558248172,0,1
2024-12-29 12:00:00,33.85377747886721,68.64237086855466,388.36,232.8,1.6544617739032828,27.58225165257814,0,1
2024-12-29 13:00:00,31.887548911213425,76.06987298107781,440.0,224.8675323600951,1.130613418926821,25.61205080756888,0,0
2024-12-29 14:00:00,29.921320343559643,76.86446609406727,440.0,201.61071400101733,0.9772343350041246,25.29421356237309,0,0
2024-12-29 15:00:00,29.248888739433603,77.9,440.0,164.61445866022828,0.8980674190355972,24.880000000000003,0,0
2024-12-29 16:00:00,28.576457135307564,79.1059047744874,440.0,116.4,0.8166815080034823,24.39763809020504,0,0
2024-12-29 17:00:00,27.8,80.4,440.0,60.253073699866896,0.7322824483884122,23.880000000000003,0,0
2024-12-29 18:00:00,27.02354286469244,81.69409522551261,440.0,2.8509777484150385e-14,0.6535697814943123,23.36236190979496,0,0
2024-12-29 19:00:00,26.3,82.9,440.0,0.0,0.5850790082037551,22.880000000000003,0,0
2024-12-29 20:00:00,25.67867965644036,83.93553390593274,440.0,0.0,0.529824914192836,22.465786437626907,0,0
2024-12-29 21:00:00,25.201923788646685,84.7301270189222,440.0,0.0,0.48956419825988196,22.147949192431124,0,0
2024-12-29 22:00:00,24.9022225211328,85.22962913144535,440.0,0.0,0.4651743522890919,21.948148347421867,0,0
2024-12-29 23:00:00,24.8,85.4,440.0,0.0,0.45701434201970215,21.880000000000003,0,0
2024-12-30 00:00:00,25.0022225211328,90.72962913144536,440.0,0.0,0.29370362181026566,23.148148347421863,1,0
2024-12-30 01:00:00,25.301923788646683,90.2301270189222,440.0,0.0,0.31509758207098815,23.347949192431123,1,0
2024-12-30 02:00:00,24.27867965644036,84.83553390593275,400.0,0.0,0.4601194705466935,21.245786437626908,0,1
2024-12-30 03:00:00,24.9,83.80000000000001,400.0,0.0,0.5101311440369506,21.66,0,1
2024-12-30 04:00:00,25.65,82.59409522551262,400.0,0.0,0.5730922248854863,22.14236190979496,0,1
2024-12-30 05:00:00,26.4,81.30000000000001,400.0,0.0,0.643606583256807,22.66,0,1
2024-12-30 06:00:00,27.17645713530756,80.0059047744874,400.0,0.0,0.7202705482385093,23.177638090205043,0,1
2024-12-30 07:00:00,28.483895765751285,78.50805211712436,398.5402605856218,29.19478828756434,0.8355523111110449,24.18550618917616,0,1
2024-12-30 08:00:00,29.64932034355964,77.20046609406728,397.18,56.39999999999999,0.9481099378508626,25.089413562373096,0,1
2024-12-30 09:00:00,30.59330910971017,76.1722565318994,396.0119177541079,79.76164491784256,1.0459460822806574,25.827760416090044,0,1
2024-12-30 10:00:00,31.251530789804896,75.49349421308582,395.1156167226558,97.68766554688467,1.1168417064877754,26.35022963242206,0,1
2024-12-30 11:00:00,31.579128664108136,75.21043566794594,394.55217833972966,108.95643320540692,1.1509432385489424,26.621215797697324,0,1
2024-12-30 12:00:00,31.553777478867204,75.34237086855467,394.36,112.8,1.1431735377665195,26.622251652578136,0,1
2024-12-30 13:00:00,30.498076211353315,81.56987298107781,440.0,108.95643320540692,0.8046223650861819,26.81205080756888,0,0
2024-12-30 14:00:00,30.02132034355964,82.36446609406727,440.0,97.68766554688467,0.7492027344809645,26.49421356237309,0,0
2024-12-30 15:00:00,29.4,83.4,440.0,79.76164491784256,0.6804685535874605,26.08,0,0
2024-12-30 16:00:00,28.67645713530756,84.6059047744874,440.0,56.39999999999999,0.6052016956265801,25.59763809020504,0,0
2024-12-30 17:00:00,27.9,85.9,440.0,29.19478828756437,0.5298747726332355,25.08,0,0
2024-12-30 18:00:00,27.123542864692435,87.19409522551261,440.0,1.3814015894382144e-14,0.45989374443548237,24.56236190979496,0,0
2024-12-30 19:00:00,26.4,88.4,440.0,0.0,0.39924258640529237,24.08,1,0
2024-12-30 20:00:00,25.77867965644036,89.43553390593274,440.0,0.0,0.35049853712679174,23.665786437626902,1,0
2024-12-30 21:00:00,25.301923788646683,90.2301270189222,440.0,0.0,0.31509758207098815,23.347949192431123,1,0
2024-12-30 22:00:00,25.0022225211328,90.72962913144536,440.0,0.0,0.29370362181026566,23.148148347421863,1,0
2024-12-30 23:00:00,24.9,90.9,440.0,0.0,0.28655514881087973,23.08,1,0
2024-12-31 00:00:00,25.0022225211328,85.82962913144534,440.0,0.0,0.4489452801296691,22.168148347421862,1,0
2024-12-31 01:00:00,25.301923788646683,85.3301270189222,440.0,0.0,0.4731322008565349,22.367949192431123,1,0
2024-12-31 02:00:00,24.27867965644036,79.93553390593274,400.0,0.0,0.6087950250761639,20.265786437626907,0,1
2024-12-31 03:00:00,24.9,78.9,400.0,0.0,0.6644300703197322,20.68,0,1
2024-12-31 04:00:00,25.623542864692435,77.69409522551261,400.0,0.0,0.733274616250948,21.16236190979496,0,1
2024-12-31 05:00:00,26.4,76.4,400.0,0.0,0.8122521585486983,21.68,0,1
2024-12-31 06:00:00,27.17645713530756,75.1059047744874,400.0,0.0,0.8967889476240066,22.19763809020504,0,1
2024-12-31 07:00:00,28.54031831758364,73.57984084120818,398.3992042060409,32.01591587918182,1.0305155960858927,23.25628648582527,0,1
2024-12-31 08:00:00,29.75832034355964,72.24596609406727,396.9075,61.85,1.1613953394647831,24.20751356237309,0,1
2024-12-31 09:00:00,30.74745838800884,71.19518189275004,395.6265445583612,87.46910883277593,1.2755932530987586,24.98649476655884,0,1
2024-12-31 10:00:00,31.440324327829902,70.49909744407331,394.6436328775932,107.12734244813504,1.35894351691996,25.54014381664457,0,1
2024-12-31 11:00:00,31.78970049423916,70.20514975288043,394.0257487644021,119.48502471195776,1.399929315462656,25.83073044481524,0,1
2024-12-31 12:00:00,31.771777478867204,70.33337086855467,393.815,123.7,1.392491420809909,25.838451652578136,0,1
2024-12-31 13:00:00,30.498076211353315,76.6698729810778,440.0,119.48502471195776,1.018546533100563,25.83205080756888,0,0
2024-12-31 14:00:00,30.02132034355964,77.46446609406726,440.0,107.12734244813508,0.9573673082635447,25.514213562373094,0,0
2024-12-31 15:00:00,29.4,78.5,440.0,87.46910883277593,0.8813297531403858,25.1,0,0
2024-12-31 16:00:00,28.67645713530756,79.7059047744874,440.0,61.85,0.7978397341165295,24.61763809020504,0,0
2024-12-31 17:00:00,27.9,81.0,440.0,32.01591587918185,0.7140156510660621,24.1,0,0
2024-12-31 18:00:00,27.123542864692435,82.2940952255126,440.0,1.5148880905452758e-14,0.6358656407924949,23.58236190979496,0,0
2024-12-31 19:00:00,26.4,83.5,440.0,0.0,0.5678881616971833,23.1,0,0
2024-12-31 20:00:00,25.77867965644036,84.53553390593274,440.0,0.0,0.5130664148244403,22.685786437626906,0,0
2024-12-31 21:00:00,25.301923788646683,85.3301270189222,440.0,0.0,0.4731322008565349,22.367949192431123,0,0
2024-12-31 22:00:00,25.0022225211328,85.82962913144534,440.0,0.0,0.4489452801296691,22.168148347421862,0,0
2024-12-31 23:00:00,24.9,86.0,440.0,0.0,0.4408540750936613,22.1,1,0
